cluster_id,varietas,date,evi,ndvi
-1037565250,Inpari 32,2017-08-07,0.5869480428564084,0.7609302512817568
-1037565250,Inpari 32,2018-02-08,0.31678997795399905,-0.020727001998404212
-1037565250,Inpari 32,2018-03-10,0.3937006466961526,0.4547302959752934
-1037565250,Inpari 32,2018-04-29,0.5105490543238529,0.7054910499167133
-1037565250,Inpari 32,2018-05-14,0.3788314283668221,0.56188524795043
-1037565250,Inpari 32,2018-07-13,0.26454655177794495,0.44812440601262177
-1037565250,Inpari 32,2018-12-15,0.2848049703162986,0.4612174178776029
-1037565250,Inpari 32,2018-12-20,0.209855463646062,-0.025640922187307437
-1037565250,Inpari 32,2018-12-25,0.3764325600939912,0.1873482817953283
-1037565250,Inpari 32,2018-12-30,0.2598507682998459,-0.02523368067265331
-1037565250,Inpari 32,2019-01-04,0.4513429751160083,0.5095671825352814
-1037565250,Inpari 32,2019-01-09,0.24780445129840406,0.11220204743084969
-1037565250,Inpari 32,2019-01-14,0.558634210426312,0.5266070729000615
-1037565250,Inpari 32,2019-01-19,0.4152490930123763,0.4397887892827585
-1037565250,Inpari 32,2019-01-24,0.520295032916905,0.5311065956756666
-1037565250,Inpari 32,2019-01-29,0.9861159750393459,0.15246641645570855
-1037565250,Inpari 32,2019-02-03,0.2789366716978612,-0.031485865231264724
-1037565250,Inpari 32,2019-02-08,0.29591547223654663,0.4100959688038021
-1037565250,Inpari 32,2019-02-13,0.16958035306110011,0.09162108474350594
-1037565250,Inpari 32,2019-02-18,0.4397992297716729,0.5302051025406493
-1037565250,Inpari 32,2019-02-23,0.2002203278213304,0.020409929084549236
-1037565250,Inpari 32,2019-02-28,0.3166933208703995,0.1576590027127947
-1037565250,Inpari 32,2019-03-05,0.28368931847878476,0.38822817945226956
-1037565250,Inpari 32,2019-03-10,0.3659558015597331,0.2936004495078867
-1037565250,Inpari 32,2019-03-15,0.3042821895766568,0.2366431535451443
-1037565250,Inpari 32,2019-03-20,0.43144274570725183,0.23328494851465348
-1037565250,Inpari 32,2019-03-25,0.2918548316924603,0.2830685116834455
-1037565250,Inpari 32,2019-03-30,0.1665370197537319,0.26700329677165524
-1037565250,Inpari 32,2019-04-04,0.16089626660497933,0.28186385340795117
-1037565250,Inpari 32,2019-04-09,0.19164127721027893,0.3111207906592202
-1037565250,Inpari 32,2019-04-14,0.7102210757794318,0.09886250132090085
-1037565250,Inpari 32,2019-04-19,0.311905408447439,0.39708072034182484
-1037565250,Inpari 32,2019-04-24,0.28872834900756933,0.21047821099107916
-1037565250,Inpari 32,2019-04-29,0.35283919496389177,0.5020427699835802
-1037565250,Inpari 32,2019-05-04,0.4107442419347051,0.5999223116857858
-1037565250,Inpari 32,2019-05-09,0.4446240346153061,0.459241976405119
-1037565250,Inpari 32,2019-05-14,0.47544438537065087,0.6088854615370949
-1037565250,Inpari 32,2019-05-19,0.48527500652647637,0.6383799368684943
-1037565250,Inpari 32,2019-05-24,0.46228173104199494,0.6049430709235467
-1037565250,Inpari 32,2019-05-29,0.4195685208617867,0.5819403039315691
-1037565250,Inpari 32,2019-06-03,0.34383078054948285,0.11158841461330266
-1037565250,Inpari 32,2019-06-08,0.41131349236934217,0.5696347533398635
-1037565250,Inpari 32,2019-06-13,0.4168616103661525,0.5682481225434836
-1037565250,Inpari 32,2019-06-18,0.4019234299466207,0.5353021875701167
-1037565250,Inpari 32,2019-06-23,0.3897044172921738,0.47949142115456717
-1037565250,Inpari 32,2019-06-28,0.41652190820737317,0.41158025566633644
-1037565250,Inpari 32,2019-07-03,0.3064502838563609,0.42114959371747906
-1037565250,Inpari 32,2019-07-08,0.2323407901378421,0.3318168567372607
-1037565250,Inpari 32,2019-07-13,0.21281934365049585,0.29144415271456364
-1037565250,Inpari 32,2019-07-18,0.1906443022723709,0.2707659762425276
-1037565250,Inpari 32,2019-07-23,0.23878323073898042,0.2821486541977176
-1037565250,Inpari 32,2019-07-28,0.22030945422200413,0.30343706567179074
-1037565250,Inpari 32,2019-08-02,0.19856106083501468,0.27791118723424996
-1037565250,Inpari 32,2019-08-07,0.1995034736472291,0.2501759372845099
-1037565250,Inpari 32,2019-08-12,0.17908879974252218,0.266808663748882
-1037565250,Inpari 32,2019-08-17,0.19379920837795966,0.30482914922123944
-1037565250,Inpari 32,2019-08-22,0.20922487335545675,0.30021977627819235
-1037565250,Inpari 32,2019-08-27,0.34190256748493614,0.2213033763812734
-1037565250,Inpari 32,2019-09-01,0.2763334773722794,0.41760053075608106
-1037565250,Inpari 32,2019-09-06,0.27217749409474334,0.41218061024298913
-1037565250,Inpari 32,2019-09-11,0.29162616979983913,0.4066251972145945
-1037565250,Inpari 32,2019-09-16,0.2285100517721919,0.3983239045777878
-1037565250,Inpari 32,2019-09-21,0.2691811129886222,0.41997365701895256
-1037565250,Inpari 32,2019-09-26,0.338251672032011,0.4958824657248454
-1037565250,Inpari 32,2019-10-01,0.3952852159545019,0.49452352269806643
-1037565250,Inpari 32,2019-10-06,0.39740429032448826,0.4893664370182079
-1037565250,Inpari 32,2019-10-11,0.41059757645737816,0.5006334375130472
-1037565250,Inpari 32,2019-10-16,0.39753919946295874,0.3968411794827356
-1037565250,Inpari 32,2019-10-21,0.34951971786764946,0.4525006881060061
-1037565250,Inpari 32,2019-10-26,0.3482958573799629,0.29694592623741595
-1037565250,Inpari 32,2019-10-31,0.3528950902355182,0.400332060340163
-1037565250,Inpari 32,2019-11-05,0.36459109181985744,0.4171639381508742
-1037565250,Inpari 32,2019-11-10,0.19224640869425139,0.17550971814092586
-1037565250,Inpari 32,2019-11-15,0.3502922808417337,0.38140903064541143
-1037565250,Inpari 32,2019-11-20,0.31600707450083326,0.3325962484269947
-1037565250,Inpari 32,2019-11-25,0.2909985042431138,0.32121722555005705
-1037565250,Inpari 32,2019-11-30,0.30091525038534944,0.3356912750025074
-1037565250,Inpari 32,2019-12-05,0.3127580803710145,0.2711722172506444
-1037565250,Inpari 32,2019-12-10,0.3363728799022637,0.2884866636875388
-1037565250,Inpari 32,2019-12-15,0.4182637987972854,0.13404042951085351
-1037565250,Inpari 32,2019-12-20,0.25855585458603775,0.29557389398891626
-1037565250,Inpari 32,2019-12-25,0.2872306463103016,0.2998802705680008
-1037565250,Inpari 32,2019-12-30,0.28948748709222716,0.3006989408054619
-1037565250,Inpari 32,2020-01-04,0.17170208199070647,-0.021210538429002484
-1037565250,Inpari 32,2020-01-09,0.60310298204422,0.09740833657515513
-1037565250,Inpari 32,2020-01-14,0.1755155900390456,0.23633054038509727
-1037565250,Inpari 32,2020-01-19,0.2619571586369307,0.3252928295088085
-1037565250,Inpari 32,2020-01-24,0.2566542484761252,0.3184688123632464
-1037565250,Inpari 32,2020-01-29,0.30922477174695434,0.36415876747508136
-1037565250,Inpari 32,2020-02-03,0.25999900034640905,0.40763918608850375
-1037565250,Inpari 32,2020-02-08,0.2780499152488426,0.5001829866102183
-1037565250,Inpari 32,2020-02-13,0.39144476425725144,0.5024013424884867
-1037565250,Inpari 32,2020-02-18,0.4157478141223455,0.4978148995765618
-1037565250,Inpari 32,2020-02-23,0.5032236397072867,0.5581780900670723
-1037565250,Inpari 32,2020-02-28,0.30285186073803283,0.07620290929282253
-1037565250,Inpari 32,2020-03-04,0.5810530913340581,0.25524508701516435
-1037565250,Inpari 32,2020-03-09,0.9473026975408777,0.03782384528161643
-1037565250,Inpari 32,2020-03-14,0.44628532760619344,0.5747838491549739
-1037565250,Inpari 32,2020-03-19,0.5416782128189195,0.5741443990453073
-1037565250,Inpari 32,2020-03-24,0.4142386706231476,0.4344161135422719
-1037565250,Inpari 32,2020-03-29,0.43296697586411975,0.5214187071307913
-1037565250,Inpari 32,2020-04-03,0.38250970315526833,0.4875247155304079
-1037565250,Inpari 32,2020-04-08,0.26481196845506694,0.2935770983239273
-1037565250,Inpari 32,2020-04-13,0.26338157510118826,0.3789848307776567
-1037565250,Inpari 32,2020-04-18,0.24178178628072045,0.3436575261785274
-1037565250,Inpari 32,2020-04-23,0.2560938997677975,0.3517025768660106
-1037565250,Inpari 32,2020-04-28,0.06493506493506493,0.04576550801466038
-1037565250,Inpari 32,2020-05-03,0.376278918478396,0.21645965843231646
-1037565250,Inpari 32,2020-05-08,0.25345186649386275,0.3997984977919826
-1037565250,Inpari 32,2020-05-13,0.2728324816017956,0.3222354519870374
-1037565250,Inpari 32,2020-05-18,0.4835857706410544,0.12259629552627539
-1037565250,Inpari 32,2020-05-23,0.18761863814691057,0.3166128102109417
-1037565250,Inpari 32,2020-05-28,0.308256707601733,0.26483708349141205
-1037565250,Inpari 32,2020-06-02,0.4228203377940438,0.0769062562809362
-1037565250,Inpari 32,2020-06-07,0.22859541694452237,0.34100164947184647
-1037565250,Inpari 32,2020-06-12,0.10355347116755975,0.3277733944259681
-1037565250,Inpari 32,2020-06-17,0.28990368199135574,0.4337585771625692
-1037565250,Inpari 32,2020-06-22,0.36479106216461626,0.16326799843605463
-1037565250,Inpari 32,2020-06-27,0.3799212690104138,0.5342523423688752
-1037565250,Inpari 32,2020-07-02,0.11801136670900243,0.09620994164656799
-1037565250,Inpari 32,2020-07-07,0.05997460990745042,-0.0023804546739035226
-1037565250,Inpari 32,2020-07-12,0.38861998625389943,0.5230674725267794
-1037565250,Inpari 32,2020-07-17,0.41694449565627356,0.5877888370063398
-1037565250,Inpari 32,2020-07-22,0.38504908739456106,0.5561276301257796
-1037565250,Inpari 32,2020-07-27,0.40084941036902466,0.5597495603096949
-1037565250,Inpari 32,2020-08-01,0.3670528488257876,0.540474796776551
-1037565250,Inpari 32,2020-08-06,0.40079689703204413,0.5452008002086893
-1037565250,Inpari 32,2020-08-11,0.21853063178139848,0.3320118559451846
-1037565250,Inpari 32,2020-08-16,0.4375208392981198,0.28384511903315396
-1037565250,Inpari 32,2020-08-21,0.3400367410466462,0.48404816871920187
-1037565250,Inpari 32,2020-08-26,0.27020002783022146,0.043408411754561324
-1037565250,Inpari 32,2020-08-31,0.25693733738614366,0.34804268991695597
-1037565250,Inpari 32,2020-09-05,0.26973200266479286,0.37397225551887764
-1037565250,Inpari 32,2020-09-10,0.3255522898458815,0.3411987277304197
-1037565250,Inpari 32,2020-09-15,0.29935923579161045,0.37507684836043165
-1037565250,Inpari 32,2020-09-20,0.2514510906676387,0.33427056099602637
-1037565250,Inpari 32,2020-09-25,0.20189339642158963,0.25266801846491826
-1037565250,Inpari 32,2020-09-30,0.3657323135571046,0.17130073595356632
-1037565250,Inpari 32,2020-10-05,0.48648439792843606,0.1259117096469
-1037565250,Inpari 32,2020-10-10,0.16807936457765907,0.1275918645192355
-1037565250,Inpari 32,2020-10-15,-0.23530226428206866,0.018851381154313635
-1037565250,Inpari 32,2020-10-20,0.23391927340273538,0.34108697127833565
-1037565250,Inpari 32,2020-10-25,0.2395758619169136,0.14665650586029153
-1037565250,Inpari 32,2020-10-30,0.33149932811411653,0.4295693533835243
-1037565250,Inpari 32,2020-11-04,-0.40766773222758157,0.010827551620529341
-1037565250,Inpari 32,2020-11-09,0.41840985359309557,0.35034151046307055
-1037565250,Inpari 32,2020-11-14,0.338945035051627,0.3620274218597582
-1037565250,Inpari 32,2020-11-19,0.45322188043168615,0.5159927676673737
-1037565250,Inpari 32,2020-11-24,0.294424261365618,0.1044802474124091
-1037565250,Inpari 32,2020-11-29,0.47238807089917073,0.06792963180062059
-1037565250,Inpari 32,2020-12-04,-0.7730355278238074,0.018376362328599027
-1037565250,Inpari 32,2020-12-09,0.5026776864157094,0.1274782954291864
-1037565250,Inpari 32,2020-12-14,0.1529676043368005,-0.012127453068198709
-1037565250,Inpari 32,2020-12-19,0.378469888653074,0.2588057548001215
-1037565250,Inpari 32,2020-12-24,0.4023256412066229,0.47590660711435917
-1037565250,Inpari 32,2021-01-03,0.27821815120322363,0.38593204111441387
-1037565250,Inpari 32,2021-01-08,0.5447281026220941,0.1869439265944741
-1037565250,Inpari 32,2021-01-13,0.23841417672387746,0.2931619931886263
-1037565250,Inpari 32,2021-01-18,0.3927713665482286,0.1806041661214519
-1037565250,Inpari 32,2021-01-23,0.2893161109902642,0.17172392699625585
-1037565250,Inpari 32,2021-01-28,0.3559932220582064,0.04773358229015555
-1037565250,Inpari 32,2021-02-02,0.4211745507918395,0.2267788022563055
-1037565250,Inpari 32,2021-02-07,0.23353820543300796,0.04678221609346665
-1037565250,Inpari 32,2021-02-12,-0.2172761342197947,0.04393465662384164
-1037565250,Inpari 32,2021-02-17,0.256393490093095,0.10713525614761688
-1037565250,Inpari 32,2021-02-22,0.41918356348941854,0.19167265547560408
-1037565250,Inpari 32,2021-02-27,0.18323898866966173,0.2866358225620896
-1037565250,Inpari 32,2021-03-04,0.24584223983458595,0.2758600258982027
-1037565250,Inpari 32,2021-03-09,0.5924394928015672,0.018315578327066713
-1037565250,Inpari 32,2021-03-14,0.2811334439093707,0.298853839073306
-1037565250,Inpari 32,2021-03-19,0.2734514038477625,0.2337059737606482
-1037565250,Inpari 32,2021-03-24,0.23394987470917888,0.3560664691514783
-1037565250,Inpari 32,2021-03-29,0.18886605214762997,0.24832890066620592
-1037565250,Inpari 32,2021-04-03,0.18556037380710824,0.3168678172900305
-1037565250,Inpari 32,2021-04-08,0.3596809675868649,0.4338256250341217
-1037565250,Inpari 32,2021-04-13,0.25467575489174477,0.2561127184950686
-1037565250,Inpari 32,2021-04-18,0.38351784319338666,0.49193354667611905
-1037565250,Inpari 32,2021-04-23,0.396841050065183,0.5570377203841488
-1037565250,Inpari 32,2021-04-28,0.37925498158513726,0.48325573401404665
-1037565250,Inpari 32,2021-05-03,0.1966244973145522,0.2563516235874071
-1037565250,Inpari 32,2021-05-08,0.2970980568365617,0.09218264080874332
-1037565250,Inpari 32,2021-05-13,0.2285167822590122,0.4535546027994775
-1037565250,Inpari 32,2021-05-18,0.3702002757942522,0.5103115691960632
-1037565250,Inpari 32,2021-05-23,0.4459905138650498,0.4231087577033353
-1037565250,Inpari 32,2021-05-28,0.16874432525077424,0.3696378000177346
-1037565250,Inpari 32,2021-06-02,0.3203640854977942,0.21727449727522863
-1037565250,Inpari 32,2021-06-07,0.21898224320891616,0.149249725334056
-1037565250,Inpari 32,2021-06-12,-0.12679202942020418,0.011319563355956033
-1037565250,Inpari 32,2021-06-17,0.47905913653311794,0.04784017854503223
-1037565250,Inpari 32,2021-06-22,0.20295384801265046,0.30310209439281227
-1037565250,Inpari 32,2021-06-27,0.18806505101648244,0.33360298077104156
-1037565250,Inpari 32,2021-07-02,0.26610473940124757,0.3376070770930934
-1037565250,Inpari 32,2021-07-07,0.2187828885802588,0.37905757046340927
-1037565250,Inpari 32,2021-07-12,0.23858138839048998,0.3937560396160108
-1037565250,Inpari 32,2021-07-17,0.27519027054213085,0.42894425770485556
-1037565250,Inpari 32,2021-07-22,0.20876847333335258,0.10313445648976735
-1037565250,Inpari 32,2021-07-27,0.33946540605809006,0.5002812442019001
-1037565250,Inpari 32,2021-08-01,0.40133951222161196,0.5161130165124869
-1037565250,Inpari 32,2021-08-06,0.3833165340875457,0.5300762418222118
-1037565250,Inpari 32,2021-08-11,0.38106421932771606,0.5381190131430502
-1037565250,Inpari 32,2021-08-16,0.37505820726177524,0.5207275830680964
-1037565250,Inpari 32,2021-08-21,0.34142334885024406,0.48555056068610836
-1037565250,Inpari 32,2021-08-26,0.44300597383604423,0.5025382332213513
-1037565250,Inpari 32,2021-08-31,0.4197337610961555,0.5329705903959738
-1037565250,Inpari 32,2021-09-05,0.49829408255490387,0.1270565540566073
-1037565250,Inpari 32,2021-09-10,0.3983404142419239,0.5172241012287604
-1037565250,Inpari 32,2021-09-15,0.4085919795098243,0.4553576868704774
-1037565250,Inpari 32,2021-09-20,0.36550973321903835,0.3991194505776678
-1037565250,Inpari 32,2021-09-25,0.07010904510578068,0.09486698299833851
-1037565250,Inpari 32,2021-09-30,0.34427247087580043,0.44345257240166136
-1037565250,Inpari 32,2021-10-05,0.3503027747977864,0.23830819787917198
-1037565250,Inpari 32,2021-10-10,0.30586187077033056,0.2655720723333297
-1037565250,Inpari 32,2021-10-15,0.2578240011806612,0.30244200212227834
-1037565250,Inpari 32,2021-10-20,0.27868125535957455,0.2974578478003553
-1037565250,Inpari 32,2021-10-25,0.38377587419825715,0.3239056764581761
-1037565250,Inpari 32,2021-10-30,0.28338879250086746,0.06660027264968141
-1037565250,Inpari 32,2021-11-04,0.2723773855280566,0.23958658707606328
-1037565250,Inpari 32,2021-11-09,0.26845790292196847,0.34042261370348853
-1037565250,Inpari 32,2021-11-14,0.4686836139722304,0.08328512151326452
-1037565250,Inpari 32,2021-11-19,0.33671692906358797,0.4229486467340937
-1037565250,Inpari 32,2021-11-24,0.012641405529499827,0.008396764407569373
-1037565250,Inpari 32,2021-11-29,0.3967674065187767,0.3960661193742961
-1037565250,Inpari 32,2021-12-04,-0.7642364052983074,0.021399466272491913
-1037565250,Inpari 32,2021-12-09,0.4197653429219862,0.4282464280470528
-1037565250,Inpari 32,2021-12-14,0.3052076046391354,0.43211293059050454
-1037565250,Inpari 32,2021-12-19,0.40025535458094114,0.15090486349223495
-1037565250,Inpari 32,2021-12-24,0.29011740402451586,0.47138248331989946
-1037565250,Inpari 32,2021-12-29,-0.02328723337948806,0.0017587657713228474
-1037565250,Inpari 32,2022-01-03,0.47586044669151306,0.2907940684394403
-1037565250,Inpari 32,2022-01-08,0.3036583014219612,0.056663575107473635
-1037565250,Inpari 32,2022-01-13,0.40310518172654236,0.0623814920326332
-1037565250,Inpari 32,2022-01-18,0.44916159475778605,0.18192279029202152
-1037565250,Inpari 32,2022-01-23,0.2864469682567983,0.05708055642989839
-1037565250,Inpari 32,2022-01-28,0.4725254290289693,0.3817682977427136
-1037565250,Inpari 32,2022-02-02,0.3258057623714596,0.2636769274612526
-1037565250,Inpari 32,2022-02-07,0.4646739386892938,0.03814584868294852
-1037565250,Inpari 32,2022-02-12,0.33532637125485903,0.17923724419110781
-1037565250,Inpari 32,2022-02-17,0.6458026070099372,0.1628101792234879
-1037565250,Inpari 32,2022-02-22,0.4291486380162177,0.03399284713744343
-1037565250,Inpari 32,2022-02-27,0.2888844743425438,0.4067416399257717
-1037565250,Inpari 32,2022-03-04,0.28087833680986585,0.36915375150788526
-1037565250,Inpari 32,2022-03-09,0.3462423651249378,0.25782213331042947
-1037565250,Inpari 32,2022-03-14,0.195098492178564,0.28477607731096594
-1037565250,Inpari 32,2022-03-19,0.3922875751922657,0.15925750465362104
-1037565250,Inpari 32,2022-03-24,0.29536069310330726,0.115131676197052
-1037565250,Inpari 32,2022-03-29,0.15537968582122938,0.23713802420473717
-1037565250,Inpari 32,2022-04-03,0.3085516933472706,0.38870427628688803
-1037565250,Inpari 32,2022-04-08,0.3143573212497807,0.4309822525556937
-1037565250,Inpari 32,2022-04-13,0.2910808391578786,0.4590728459879756
-1037565250,Inpari 32,2022-04-18,0.33059816133811487,0.3942012599451685
-1037565250,Inpari 32,2022-04-23,0.30324203363474606,0.3720521024585544
-1037565250,Inpari 32,2022-04-28,0.42291750768562414,0.36790561018052037
-1037565250,Inpari 32,2022-05-03,0.34159096499130903,0.5082014214017658
-1037565250,Inpari 32,2022-05-08,0.4206446653969779,0.5281799829855272
-1037565250,Inpari 32,2022-05-13,0.3823479692657272,0.205923865754883
-1037565250,Inpari 32,2022-05-18,0.40811903658625365,0.5412941093665439
-1037565250,Inpari 32,2022-05-23,-0.25614508231738947,0.030314737205187996
-1037565250,Inpari 32,2022-05-28,0.4118997490928545,0.5818508491827199
-1037565250,Inpari 32,2022-06-02,0.40278742301229437,0.5690409885152461
-1037565250,Inpari 32,2022-06-07,0.34914921649864744,0.3732115198652466
-1037565250,Inpari 32,2022-06-12,0.3715006981964235,0.4156635890339876
-1037565250,Inpari 32,2022-06-17,0.3216554274806729,0.32412039169243406
-1037565250,Inpari 32,2022-06-22,0.29541279801300596,0.4514428372797254
-1037565250,Inpari 32,2022-06-27,0.11623411487739582,0.2818561024455862
-1037565250,Inpari 32,2022-07-02,0.35330232503739273,0.33618524496431473
-1037565250,Inpari 32,2022-07-07,0.29017349661557706,0.4215117165601099
-1037565250,Inpari 32,2022-07-12,0.28362761266142517,0.48829332299457934
-1037565250,Inpari 32,2022-07-17,0.4753429357494627,0.15375353042762002
-1037565250,Inpari 32,2022-07-22,0.3877357666368608,0.3734553789163565
-1037565250,Inpari 32,2022-07-27,0.2969786600004156,0.4461900576852359
-1037565250,Inpari 32,2022-08-01,0.27439730720860617,0.40631497307837783
-1037565250,Inpari 32,2022-08-06,0.3026612304247819,0.224665084442535
-1037565250,Inpari 32,2022-08-11,0.35509586392284986,0.3193319108966109
-1037565250,Inpari 32,2022-08-16,0.12461155203062219,0.23825759269514835
-1037565250,Inpari 32,2022-08-21,0.3290767981247468,0.3861397833793194
-1037565250,Inpari 32,2022-08-26,0.32463194778213256,0.4500184837099794
-1037565250,Inpari 32,2022-08-31,0.21679710337964744,0.24977700738841063
-1037565250,Inpari 32,2022-09-05,0.5737671480550395,0.26705742308071684
-1037565250,Inpari 32,2022-09-10,0.5763903794350562,0.3148771727626974
-1037565250,Inpari 32,2022-09-15,-0.09354920368399713,-0.00743996100379275
-1037565250,Inpari 32,2022-09-20,0.36668617462182973,0.2661297997677481
-1037565250,Inpari 32,2022-09-25,0.12229330002484456,-0.015412951196181397
-1037565250,Inpari 32,2022-09-30,0.45069118545620473,0.46220646873600296
-1037565250,Inpari 32,2022-10-05,0.43969021944401715,0.47270029953487414
-1037565250,Inpari 32,2022-10-10,0.3110810453918847,0.18148188486501768
-1037565250,Inpari 32,2022-10-15,0.3627664775817425,0.15590531814407993
-1037565250,Inpari 32,2022-10-20,0.41648113263117803,0.19843810932202774
-1037565250,Inpari 32,2022-10-25,0.37213222585715255,0.3608583966632942
-1037565250,Inpari 32,2022-10-30,0.4664622357042579,0.33027856647000686
-1037565250,Inpari 32,2022-11-04,0.3450159542746358,0.3269529817746831
-1037565250,Inpari 32,2022-11-09,0.34227346007216286,0.16862701583508546
-1037565250,Inpari 32,2022-11-14,0.1921800874270402,0.2430655314744293
-1037565250,Inpari 32,2022-11-19,0.23061353413315563,0.06118220119894325
-1037565250,Inpari 32,2022-11-24,0.3968565555700621,0.29457796944377873
-1037565250,Inpari 32,2022-11-29,-0.007639996641672325,-0.005326375702786102
-1037565250,Inpari 32,2022-12-04,0.3963238966542405,0.1384155082625228
-1037565250,Inpari 32,2022-12-09,0.2906180199042156,0.38839238111607055
-1037565250,Inpari 32,2022-12-14,0.1154474045162077,0.20765729238696445
-1037565250,Inpari 32,2022-12-19,0.22783535976543443,-0.04232730468517387
-1037565250,Inpari 32,2022-12-24,0.41719249742371695,0.23474608090790836
-1037565250,Inpari 32,2022-12-29,0.2822171836704403,0.10403082181106914
-1037565250,Inpari 32,2023-01-03,0.32579623491733106,0.06412937071222763
-1037565250,Inpari 32,2023-01-08,0.4624133342272275,0.21342135036920573
-1037565250,Inpari 32,2023-01-13,0.37983470937454855,0.42797481817157046
-1037565250,Inpari 32,2023-01-18,0.2736880307073717,0.16496273314023946
-1037565250,Inpari 32,2023-01-23,0.435034883099717,0.29710847719923245
-1037565250,Inpari 32,2023-01-28,0.28433996245458526,0.07048903158926345
-1037565250,Inpari 32,2023-02-02,0.4274816149240964,0.06925769169609268
-1037565250,Inpari 32,2023-02-07,0.1722607147190478,0.07890447621028145
-1037565250,Inpari 32,2023-02-12,0.5417978857438286,0.5535384073079407
-1037565250,Inpari 32,2023-02-17,0.3461268342934646,0.1817083627759636
-1037565250,Inpari 32,2023-02-22,0.05600309129139142,-0.01186242832895973
-1037565250,Inpari 32,2023-02-27,0.6917033303867687,0.10728962816201247
-1037565250,Inpari 32,2023-03-04,0.44708783576240785,0.5755080120069543
-1037565250,Inpari 32,2023-03-09,0.3602315785617314,0.467102289281471
-1037565250,Inpari 32,2023-03-14,0.16174590916602644,0.3472067199695807
-1037565250,Inpari 32,2023-03-19,0.3108838703725245,0.2387023554606871
-1037565250,Inpari 32,2023-03-24,0.31786346135588434,0.3665893998045426
-1037565250,Inpari 32,2023-03-29,0.29844843847798064,0.28311309394995116
-1037565250,Inpari 32,2023-04-03,0.25785400012096804,0.16380723033632552
-1037565250,Inpari 32,2023-04-08,0.6870045220697081,0.15295484841063425
-1037565250,Inpari 32,2023-04-13,0.29297462221863985,0.0952430623885873
-1037565250,Inpari 32,2023-04-18,0.28563750699743046,0.3873859028779454
-1037565250,Inpari 32,2023-04-23,0.29807564496159455,0.4079162020685284
-1037565250,Inpari 32,2023-04-28,0.3010893752435585,0.22864279450921268
-1037565250,Inpari 32,2023-05-03,0.3377163182798918,0.4514853831428986
-1037565250,Inpari 32,2023-05-08,0.40145772269793917,0.35909624900910764
-1037565250,Inpari 32,2023-05-13,0.3736617684170797,0.5511196678528538
-1037565250,Inpari 32,2023-05-18,0.3910669038048038,0.5712039417454174
-1037565250,Inpari 32,2023-05-23,0.43963515148921445,0.6136780277668655
-1037565250,Inpari 32,2023-05-28,0.43205575045053063,0.6199769730885307
-1037565250,Inpari 32,2023-06-02,0.4664682126664496,0.6099602601357869
-1037565250,Inpari 32,2023-06-07,0.2990791557746782,0.3745241683209315
-1037565250,Inpari 32,2023-06-12,0.4283608936450698,0.579125390327596
-1037565250,Inpari 32,2023-06-17,0.6509113559475193,0.33865639489966554
-1037565250,Inpari 32,2023-06-22,0.4236267612545521,0.5919860695283135
-1037565250,Inpari 32,2023-06-27,0.4886209016496485,0.30652373874342287
-1037565250,Inpari 32,2023-07-02,0.14913653406653216,-0.006036361175220363
-1037565250,Inpari 32,2023-07-07,0.43948102326362165,0.016056727351886884
-1037565250,Inpari 32,2023-07-12,0.4143528678974548,0.5753362140098175
-1037565250,Inpari 32,2023-07-17,0.39237861877137964,0.5415672902743538
-1037565250,Inpari 32,2023-07-22,0.32895345318240005,0.4386568580354963
-1037565250,Inpari 32,2023-07-27,0.2954501959604102,0.43471410425452445
-1037565250,Inpari 32,2023-08-01,0.2520242534674607,0.35552974287178607
-1037565250,Inpari 32,2023-08-06,0.22789386229275108,0.3492380196301194
-1037565250,Inpari 32,2023-08-11,0.24806413025438012,0.3535175898245403
-1037565250,Inpari 32,2023-08-16,0.2340443397013398,0.3521693071181124
-1037565250,Inpari 32,2023-08-21,0.243617394818114,0.3465073069968781
-1037565250,Inpari 32,2023-08-26,0.25690723520207714,0.37552972916852345
-1037565250,Inpari 32,2023-08-31,0.2955889640883966,0.38313703732444093
-1037565250,Inpari 32,2023-09-05,0.26919082039362424,0.4084801139769616
-1037565250,Inpari 32,2023-09-10,0.32392284312805575,0.4438609362809689
-1037565250,Inpari 32,2023-09-15,0.34612147548756045,0.3419547439008564
-1037565250,Inpari 32,2023-09-20,0.3512017854138628,0.47408242298701364
-1037565250,Inpari 32,2023-09-25,0.4039877415090412,0.4932522507287659
-1037565250,Inpari 32,2023-09-30,0.41915436553490626,0.5271516383758613
-1037565250,Inpari 32,2023-10-05,0.3750551927822654,0.4988257146618849
-1037565250,Inpari 32,2023-10-10,0.4293168285837421,0.4541541624378848
-1037565250,Inpari 32,2023-10-15,0.3826001479544423,0.4932649939187935
-1037565250,Inpari 32,2023-10-20,0.340187884093105,0.4684122085764811
-1037565250,Inpari 32,2023-10-25,0.6701067031978013,0.09994712017186276
-1037565250,Inpari 32,2023-10-30,0.46858505430546676,0.46237106688997964
-1037565250,Inpari 32,2023-11-04,0.45577054199847306,0.4810051119269489
-1037565250,Inpari 32,2023-11-09,0.4288925329199085,0.3849238416591248
-1037565250,Inpari 32,2023-11-14,-0.025519198846894426,0.08307943137531931
-1037565250,Inpari 32,2023-11-19,0.1556765714028318,-0.018535647386316113
-1037565250,Inpari 32,2023-11-24,0.4342140125763881,0.2846522871162984
-1037565250,Inpari 32,2023-11-29,0.4077736597943616,0.2481822037658134
-1037565250,Inpari 32,2023-12-04,0.33950060760820067,0.2954557327094016
-1037565250,Inpari 32,2023-12-09,-0.15543737968841156,0.07423813604786024
-1037565250,Inpari 32,2023-12-14,0.40912614317078677,0.39442143002645924
-1037565250,Inpari 32,2023-12-19,0.046530827100905774,0.10124768229301977
-1037565250,Inpari 32,2023-12-24,0.35474408998504864,0.4236676862294024
-1037565250,Inpari 32,2023-12-29,0.8462479153236786,0.11498709361661565
-1037565250,Inpari 32,2024-01-03,0.4494950286560244,0.39158463507116614
-1037565250,Inpari 32,2024-01-08,0.35783467025725874,0.1175245340284589
-1037565250,Inpari 32,2024-01-13,0.38147409269949056,0.4029961190150156
-1037565250,Inpari 32,2024-01-18,0.19221750192053907,0.011671837878885207
-1037565250,Inpari 32,2024-01-23,0.19144662750231756,0.05897521938789974
-1037565250,Inpari 32,2024-01-28,0.3831732634866199,0.5828555279362995
-1037565250,Inpari 32,2024-02-02,-0.17261854984930583,0.10561248870542297
-1037565250,Inpari 32,2024-02-07,0.3696790523343272,0.19755989429238555
-1037565250,Inpari 32,2024-02-12,0.5013383768208615,0.6919086657754787
-1037565250,Inpari 32,2024-02-17,0.591985798114306,0.7016094315361667
-1037565250,Inpari 32,2024-02-22,0.4558142303646385,0.49996568668972363
-1037565250,Inpari 32,2024-02-27,0.7188638096505945,0.15925265693819368
-1037565250,Inpari 32,2024-03-03,0.23623538791359244,-0.0885643395413826
-1037565250,Inpari 32,2024-03-08,0.4953937273133885,0.6311293403049568
-1037565250,Inpari 32,2024-03-13,0.42502124936549696,0.45554774341645177
-1037565250,Inpari 32,2024-03-18,0.5055212289481968,0.5002071605874346
-1037565250,Inpari 32,2024-03-23,0.4981218202934637,0.7105490794623053
-1037565250,Inpari 32,2024-03-28,0.05444174317957519,0.010564277142092779
-1037565250,Inpari 32,2024-04-02,0.48930408892693456,0.6776252716005623
-1037565250,Inpari 32,2024-04-07,0.3473377355507442,0.3001715273826153
-1037565250,Inpari 32,2024-04-12,0.07735765691507947,-0.016838043141964968
-1037565250,Inpari 32,2024-04-17,0.40046769941782023,0.5534729710840559
-1037565250,Inpari 32,2024-04-22,0.35004142429921536,0.4390101068979734
-1037565250,Inpari 32,2024-04-27,0.31078740383510467,0.2924359388552703
-1037565250,Inpari 32,2024-05-02,0.37683548555745705,0.4587506642202278
-1037565250,Inpari 32,2024-05-07,0.3986483041148681,0.5980798694994542
-1037565250,Inpari 32,2024-05-12,0.3970728496742713,0.5682939776739517
-1037565250,Inpari 32,2024-05-17,0.41603807505075036,0.5826203138990835
-1037565250,Inpari 32,2024-05-22,0.3483273476458989,0.5073560869635699
-1037565250,Inpari 32,2024-05-27,0.39126674637391967,0.5564937305140805
-1037565250,Inpari 32,2024-06-01,0.4216227214057724,0.5682526116634344
-1037565250,Inpari 32,2024-06-06,0.48281160500142484,0.706584906326486
-1037565250,Inpari 32,2024-06-11,0.48140219802206213,0.6501207152357349
-1037565250,Inpari 32,2024-06-16,0.5869862677214982,0.6734630978339678
-1037565250,Inpari 32,2024-06-21,0.5538764923036873,0.7447318140562479
-1037565250,Inpari 32,2024-06-26,0.502508179514439,0.6800596121843759
-1037565250,Inpari 32,2024-07-01,0.4828729304400357,0.6029929524505293
-1037565250,Inpari 32,2024-07-06,0.526632428362772,0.6978100929167363
-1037565250,Inpari 32,2024-07-11,0.4941408241336996,0.7320667189824117
-1037565250,Inpari 32,2024-07-16,0.4390044564550573,0.6464616540190461
-1037565250,Inpari 32,2024-07-21,0.41945794592430063,0.6357367702505805
-1037565250,Inpari 32,2024-07-26,0.41750562965095817,0.597436012192206
-1037565250,Inpari 32,2024-07-31,0.3657382015477527,0.5766038393432443
-1037565250,Inpari 32,2024-08-05,0.3903399936177514,0.5673824707409004
-1037565250,Inpari 32,2024-08-10,0.37126940604928255,0.5413436928352753
-1037565250,Inpari 32,2024-08-15,0.30759532807709333,0.45510994894550993
-1037565250,Inpari 32,2024-08-20,0.30886413156986237,0.455049229422947
-1037565250,Inpari 32,2024-08-25,0.27133304790242924,0.4141951918408468
-1037565250,Inpari 32,2024-08-30,0.24563186405250778,0.40404877185144206
-1037565250,Inpari 32,2024-09-04,0.2624889221768101,0.39130086221962007
-1037565250,Inpari 32,2024-09-09,0.2542769226741481,0.4583154882292275
-1037565250,Inpari 32,2024-09-14,0.3059362812669246,0.4814077593482934
-1037565250,Inpari 32,2024-09-19,0.27503335872640855,0.4508434316361105
-1037565250,Inpari 32,2024-09-24,0.042801966140796614,0.19756173758537737
-1037565250,Inpari 32,2024-09-29,0.3058195955228883,0.4782440063071909
-1037565250,Inpari 32,2024-10-04,0.28429447946610387,0.4632024412563482
-1037565250,Inpari 32,2024-10-09,0.2963715767270172,0.42646597567703814
-1037565250,Inpari 32,2024-10-14,0.3888534044290518,0.46410895380880923
-1037565250,Inpari 32,2024-10-19,0.35724508278555683,0.3852524739968312
-1037565250,Inpari 32,2024-10-24,0.35206173534517166,0.44373531736336747
-1037565250,Inpari 32,2024-10-29,0.3837367638752058,0.5737954852255908
-1037565250,Inpari 32,2024-11-03,0.4604462992835355,0.5503150228556101
-1037565250,Inpari 32,2024-11-08,0.4963370136819877,0.2504981891675429
-1037565250,Inpari 32,2024-11-13,0.534199103519514,0.5300736160247357
-1037565250,Inpari 32,2024-11-18,0.5454274025056269,0.3105564574142555
-1037565250,Inpari 32,2024-11-23,0.5969047525099346,0.5179186043414202
-1037565250,Inpari 32,2024-11-28,0.14758153733882037,-0.005504071762386177
-1037565250,Inpari 32,2024-12-08,0.4050382240252061,0.41832048184685894
-1037565250,Inpari 32,2024-12-13,0.5127300414946172,0.13905666749198714
-1037565250,Inpari 32,2024-12-18,0.40938375677381245,0.30860478866409946
-1037565250,Inpari 32,2024-12-23,-0.2330786247024095,0.053041609707167495
-1037565250,Inpari 32,2024-12-28,0.43039475632952406,0.4778821565839764
-1037565250,Inpari 32,2025-01-02,0.1378793368938488,-0.03435786987062205
-1037565250,Inpari 32,2025-01-07,0.40694844121621415,0.5246152406401158
-1037565250,Inpari 32,2025-01-12,0.38613547442795393,0.3274826856402608
-1037565250,Inpari 32,2025-01-17,0.2509247321490343,0.1038924619652234
-1037565250,Inpari 32,2025-01-22,0.3808528320355849,0.24397756081896943
-1037565250,Inpari 32,2025-01-27,0.23835331724061595,0.08817681118652418
-1037565250,Inpari 32,2025-02-01,0.30852379156397536,0.09220154109326276
-1037565250,Inpari 32,2025-02-06,0.26777530780860354,0.42766324227506464
-1037565250,Inpari 32,2025-02-11,0.3390185579222131,0.3836499639520688
-1037565250,Inpari 32,2025-02-16,0.07851737525689041,-0.01473428205021524
-1037565250,Inpari 32,2025-02-21,0.38958984942405256,0.3154446538779643
-1037565250,Inpari 32,2025-02-26,-0.04434002893251161,0.008240829463428273
-1037565250,Inpari 32,2025-03-03,0.14947040814470935,-0.04824564726902293
-1037565250,Inpari 32,2025-03-08,0.125251908248363,0.013881357113812602
-1037565250,Inpari 32,2025-03-13,0.5246122305269365,0.7584434700283137
-1037565250,Inpari 32,2025-03-18,0.4013759083562083,0.25515559393090087
-1037565250,Inpari 32,2025-03-23,0.5559307116192657,0.6000525734641335
-1037565250,Inpari 32,2025-03-28,0.2579126749913414,0.05523162622415981
-1037565250,Inpari 32,2025-04-02,0.5718756999288287,0.157128794239713
-1037565250,Inpari 32,2025-04-07,0.537843377559216,0.7603419918518561
-1037565250,Inpari 32,2025-04-09,0.3967716024293528,0.5737469126651813
-1037565250,Inpari 32,2025-04-12,0.5561332572977264,0.7188521536526742
-1037565250,Inpari 32,2025-04-17,-0.04507861217157311,0.010204308845447497
-1037565250,Inpari 32,2025-04-22,0.3997582477795613,0.48703375555478134
-1037565250,Inpari 32,2025-04-27,0.3980882138787926,0.6071028121106037
-1037565250,Inpari 32,2025-04-29,0.39029094170440326,0.6184136975895275
-1037565250,Inpari 32,2025-05-02,0.19927311475787843,-0.0429871314047993
-1037565250,Inpari 32,2025-05-07,0.3669560245879285,0.5945300528561914
-1037565250,Inpari 32,2025-05-12,0.36803556901293916,0.5323815998899473
-1037565250,Inpari 32,2025-05-17,0.3875657707065731,0.29759053982697525
-1037565250,Inpari 32,2025-05-19,0.2684213653593868,0.4779930374065003
-1037565250,Inpari 32,2025-05-22,-0.2139568386913894,0.05968532077484317
-1037565250,Inpari 32,2025-05-27,0.9021369125935939,0.07996851457403852
-1037565250,Inpari 32,2025-06-01,0.0888005814518078,0.0993882771263915
-1037565250,Inpari 32,2025-06-06,0.27429705834040397,0.48454111175877707
-1037565250,Inpari 32,2025-06-08,0.09993952842937275,-0.006361852019009265
-1037565250,Inpari 32,2025-06-11,0.29461439261091993,0.3720487051873238
-1037565250,Inpari 32,2025-06-16,0.6519332888064446,0.08460473506288095
-1037565250,Inpari 32,2025-06-21,0.28353554774801454,0.4583724506876685
-1037565250,Inpari 32,2025-06-26,0.262211221862923,0.43481226923403804
-1037565250,Inpari 32,2025-06-28,-0.030373813348592488,-0.011543697914541034
-1037565250,Inpari 32,2025-07-01,0.13248225717575518,0.39661638680603595
-1037565250,Inpari 32,2025-07-06,0.738166785085356,0.21018142069314982
-1037565250,Inpari 32,2025-07-11,0.2609538153394476,0.4334766199062397
-1037565250,Inpari 32,2025-07-16,0.1922402824093769,0.35591053720805554
-1037565250,Inpari 32,2025-07-18,0.26147228334244194,0.4303646314066726
-1037565250,Inpari 32,2025-07-21,0.19042286160704378,0.3565629881310773
-1037565250,Inpari 32,2025-07-26,0.22147802921471657,0.3984842315896765
-1037565250,Inpari 32,2025-07-31,0.2568802148490757,0.4648995947141152
-1037565250,Inpari 32,2025-08-05,0.48285083879124036,0.3230513415553353
-1037565250,Inpari 32,2025-08-07,0.38259853248472336,0.38386704840443353
-1037565250,Inpari 32,2025-08-10,0.3792628856835427,0.5767053336679161
-1037565250,Inpari 32,2025-08-15,0.5237077010142339,0.694358858291979
-1037565250,Inpari 32,2025-08-20,0.2764222997349578,0.7540551195671032
-1037565250,Inpari 32,2025-08-25,0.9967820659860388,0.0864015876666292
-1037565250,Inpari 32,2025-08-27,0.5551014244556427,0.7669495810548981
-1037565250,Inpari 32,2025-08-30,0.6247773685238578,0.37720917649083324
-1037565250,Inpari 32,2025-09-04,0.5938851488875104,0.7660753231544
-1037565250,Inpari 32,2025-09-09,0.6193852521382369,0.7695377894810268
-1037565250,Inpari 32,2025-09-14,0.5889741120400367,0.7590988030681363
-1037565250,Inpari 32,2025-09-16,0.42631846859857636,0.33912240762215157
-1037565250,Inpari 32,2025-09-19,0.6182539453367134,0.7385550654166705
-1037565250,Inpari 32,2025-09-24,0.5534127064339527,0.7243859663412169
-1037565250,Inpari 32,2025-09-29,0.3848113117183184,0.5016312295837062
-1037565250,Inpari 32,2025-10-04,0.376394934081412,0.20505121911500956
-1037565250,Inpari 32,2025-10-09,0.3767997593461693,0.5235794668460821
-1037565250,Inpari 32,2025-10-14,0.3459254754828168,0.4766137228383646
-1037565250,Inpari 32,2025-10-16,0.3112861369917919,0.4705114903823509
-1037565250,Inpari 32,2025-10-19,0.3156342256765861,0.38413609157909046
-1037565250,Inpari 32,2025-10-24,0.31760877951399075,0.3626230455838241
-1037565250,Inpari 32,2025-10-29,0.2853118527632255,0.2576195437025714
-1037565250,Inpari 32,2025-11-03,0.18888569623231888,-0.07651732223374504
-1037565250,Inpari 32,2025-11-05,0.04987195890333334,0.0960688982204256
-1037565250,Inpari 32,2025-11-08,0.09267929977701082,0.06713899225601322
-1037565250,Inpari 32,2025-11-13,0.3673137542489287,0.19240936540163955
-1037565250,Inpari 32,2025-11-18,0.28759711884058914,0.2752037965632104
-1037565250,Inpari 32,2025-11-23,0.26084909442957344,0.20560085870228806
-1037565250,Inpari 32,2025-11-25,0.2670012793757699,0.3351557913732219
-1037565250,Inpari 32,2025-11-28,0.29421804584078975,0.19004165168319428
-1037565250,Inpari 32,2025-12-03,0.510812769849579,0.04737386475135753
-1037565250,Inpari 32,2025-12-08,0.3805729667716599,0.516187067506472
-1037565250,Inpari 32,2025-12-13,0.3618834223840144,0.31002478378933745
-1037565250,Inpari 32,2025-12-18,0.40662547239622515,0.0351960559726342
-1037565250,Inpari 32,2025-12-23,0.48885214067511745,0.6248612347748372
-1037565250,Inpari 32,2025-12-28,0.44243677434596146,0.5720643690944492
-1037565250,Inpari 32,2026-01-02,0.4472209292572814,0.35867224769158795
-1037565250,Inpari 32,2026-01-04,0.32076561257436675,0.1728390610063231
-1037565250,Inpari 32,2026-01-07,0.38898275347499106,0.2707142460268813
-1037565250,Inpari 32,2026-01-12,0.45648294261523653,0.40416421286471477
-1037565250,Inpari 32,2026-01-17,0.3926702702974344,0.41691259072198494
-1037565250,Inpari 32,2026-01-22,0.2855428031512669,0.08328105025477224
-1037565250,Inpari 32,2026-01-27,0.5393177870806162,0.32432822205803613
-1037565250,Inpari 32,2026-02-01,0.37960360150832634,0.22075964007284735
-1037565250,Inpari 32,2026-02-06,0.5919765799076526,0.7172257072933308
-1037565250,Inpari 32,2026-02-11,0.35969765261783226,0.1565225680249852
-1037565250,Inpari 32,2026-02-16,0.22187101144295235,0.046378392774563335
-1037565250,Inpari 32,2026-02-21,0.384102034491378,0.4423542899357808
-1037565250,Inpari 32,2026-02-26,0.3866296673749948,0.3950362503528595
-1037565250,Inpari 32,2026-03-03,0.33919113874435425,0.4944837822929605
-1037565250,Inpari 32,2026-03-08,0.36329988728870044,0.1424065979270192
-1037565250,Inpari 32,2026-03-13,0.30749944549102287,0.4467543653853528
-1037565250,Inpari 32,2026-03-15,0.19559320023694596,0.3738381417540761
-1037565250,Inpari 32,2026-03-18,0.30085210289273945,0.38726924050163913
-1037565250,Inpari 32,2026-03-23,0.28275702003534736,0.44463221012771903
-1037565250,Inpari 32,2026-03-28,0.22684513588810895,0.13271947492930022
-1037565250,Inpari 32,2026-04-02,0.4188736193365865,0.07770013397970757
-1037565250,Inpari 32,2026-04-04,0.4698035449950726,0.2417871787563547
-1037565250,Inpari 32,2026-04-07,0.35344440383570536,0.4169569518659022
-1037565250,Inpari 32,2026-04-12,0.2437420374193749,0.427319646026794
-1037565250,Inpari 32,2026-04-17,0.22045808798306948,0.33997564172589934
-1037565250,Inpari 32,2026-04-22,0.190250117670406,0.06895960765806111
-1037565250,Inpari 32,2026-04-24,0.1824910594271375,0.3189489610202901
-1037565250,Inpari 32,2026-04-27,0.34176782692794677,0.3247094925541382
-1037565250,Inpari 32,2026-05-02,0.32151035500037206,0.14187726407469092
-1037565250,Inpari 32,2026-05-07,0.21700803906499566,0.40467562729662115
-1037565250,Inpari 32,2026-05-12,0.2723493684421886,0.4398644067250289
-1037565250,Inpari 32,2026-05-14,0.28177099045994997,0.4830567780640218
-1037565250,Inpari 32,2026-05-17,0.3937372278857541,0.6116124840525837
-1037565250,Inpari 32,2026-05-22,-0.44490121077601014,0.020398136920767366
-1037565250,Inpari 32,2026-05-27,0.5704476430818632,0.7445882556887417
-1037565250,Inpari 32,2026-06-01,0.5474632730731717,0.7752569453282789
-1037565250,Inpari 32,2026-06-03,0.5571349890201123,0.7645991978707252
-1037565250,Inpari 32,2026-06-06,0.2943630484598024,0.37600734481563813
-1037565250,Inpari 32,2026-06-11,0.5399048210351498,0.7444568069337251
-1037565250,Inpari 32,2026-06-16,0.5419148551179217,0.6114464026766938
-1037565250,Inpari 32,2026-06-21,0.5354003316009199,0.7039931772591231
-1037565250,Inpari 32,2026-06-23,0.41210212664944784,0.087763124955939
-1037565250,Inpari 32,2026-06-26,0.4858849997837822,0.7111148158838223
-1037565250,Inpari 32,2026-07-01,0.46068786984527266,0.7313354869748091
-1037565250,Inpari 32,2026-07-06,0.4560906213599366,0.6814598265986938
-1037565250,Inpari 32,2026-07-11,0.42753518314717653,0.6482692137360573
-1037565250,Inpari 32,2026-07-13,0.4131526512565551,0.6142100012534625
-1037565250,Inpari 32,2026-07-16,0.40881952062829746,0.5923733880574052
-1037565250,Inpari 32,2026-07-21,0.3527461181987416,0.5606163802084985
-1037565250,Inpari 32,2026-07-26,0.2913245375860821,0.481591314657942
-1037565250,Inpari 32,2026-07-31,0.22562781194007242,0.370184023707331
-1037565250,Inpari 32,2026-08-02,0.1997585136975561,0.35132290471296806
-1037565250,Inpari 32,2026-08-05,0.18690109852846568,0.3169599569269589
-1037565250,Inpari 32,2026-08-10,0.20189438111983338,0.32197296483950183
-1037565250,Inpari 32,2026-08-15,0.19927992168572042,0.31441409498840184
-1037565250,Inpari 32,2026-08-20,-0.13550236281733236,0.032344877373278985
-1037565250,Inpari 32,2026-08-25,0.24902445755221628,0.3929234160134545
-1037565250,Inpari 32,2026-08-30,0.09216423432475754,0.34267878625541925
-1037565250,Inpari 32,2026-09-04,0.29730442998471196,0.41185519554011235
337423992,Srinuk,2017-08-07,0.11875954167131918,0.28373062413140954
337423992,Srinuk,2018-02-08,-0.4207042148897806,-0.010477343775438571
337423992,Srinuk,2018-03-10,0.5496087857039578,0.5749672313770616
337423992,Srinuk,2018-04-29,0.15965075710092683,0.3548920093530632
337423992,Srinuk,2018-05-14,0.3686987748706197,0.6359906914722488
337423992,Srinuk,2018-07-13,0.37785152857562143,0.5382624010005629
337423992,Srinuk,2018-12-15,0.23717393203223325,0.36937491739370737
337423992,Srinuk,2018-12-20,0.17874856032879957,-0.02973683246871434
337423992,Srinuk,2018-12-25,0.32573550867747114,0.14949494178395673
337423992,Srinuk,2018-12-30,0.08998280036521245,-0.01467923402326204
337423992,Srinuk,2019-01-04,0.19295953465513435,0.27963673978684894
337423992,Srinuk,2019-01-09,0.1373795707631542,0.07729381192699973
337423992,Srinuk,2019-01-14,0.19481302124549107,0.28464862686323833
337423992,Srinuk,2019-01-19,0.16924602233142738,0.24182098170360886
337423992,Srinuk,2019-01-24,0.23324113796992474,0.313529702195202
337423992,Srinuk,2019-01-29,0.7313954546509018,0.08682731081204242
337423992,Srinuk,2019-02-03,0.25100555119430085,-0.023565573446699475
337423992,Srinuk,2019-02-08,0.21306746605649052,0.3376155384333737
337423992,Srinuk,2019-02-13,0.37669937079211313,0.08525917221264667
337423992,Srinuk,2019-02-18,0.37311629286731585,0.3559376365808119
337423992,Srinuk,2019-02-23,0.1323266628994999,0.5283029440296702
337423992,Srinuk,2019-02-28,0.46325222699038954,0.1985048005379826
337423992,Srinuk,2019-03-05,0.563835437398359,0.7522638034389679
337423992,Srinuk,2019-03-10,0.539614602025733,0.4738900966673012
337423992,Srinuk,2019-03-15,0.5107395760266178,0.2660952215812292
337423992,Srinuk,2019-03-20,0.41174913134919594,0.4862589006682476
337423992,Srinuk,2019-03-25,0.665971740541688,0.43117968181529676
337423992,Srinuk,2019-03-30,0.4837136817983834,0.6939166479081993
337423992,Srinuk,2019-04-04,0.48368094897413827,0.6733565448996532
337423992,Srinuk,2019-04-09,0.41485337105142067,0.6303338383335665
337423992,Srinuk,2019-04-14,0.20316397558325475,0.013066809153074191
337423992,Srinuk,2019-04-19,0.2438152855239719,0.4870781880545329
337423992,Srinuk,2019-04-24,0.2778969148555434,0.18583257837467884
337423992,Srinuk,2019-04-29,0.249179978866175,0.4041138309312154
337423992,Srinuk,2019-05-04,0.21279193236526237,0.4011153097612312
337423992,Srinuk,2019-05-09,0.282861897295498,0.38692091351532076
337423992,Srinuk,2019-05-14,0.20548508675342583,0.3474464378802173
337423992,Srinuk,2019-05-19,0.15343093661120139,0.3064887265124953
337423992,Srinuk,2019-05-24,0.171989788806223,0.328160985855453
337423992,Srinuk,2019-05-29,0.15717129822236947,0.3170646163354437
337423992,Srinuk,2019-06-03,0.3458996422319527,0.11623753266162183
337423992,Srinuk,2019-06-08,0.1917756718684392,0.36617865673748845
337423992,Srinuk,2019-06-13,0.2065607872174447,0.41923225428684646
337423992,Srinuk,2019-06-18,0.2453067665358624,0.4639841346855623
337423992,Srinuk,2019-06-23,0.29814886328685714,0.47686827434114665
337423992,Srinuk,2019-06-28,0.25229066442586034,0.0984705688476742
337423992,Srinuk,2019-07-03,0.3768193998250617,0.6403046839208488
337423992,Srinuk,2019-07-08,0.4146585733775633,0.6784731541053358
337423992,Srinuk,2019-07-13,0.4720756314605115,0.7255965273782431
337423992,Srinuk,2019-07-18,0.44577786039157086,0.6995261228946318
337423992,Srinuk,2019-07-23,0.44882060461733714,0.6817939870328789
337423992,Srinuk,2019-07-28,0.4507736979299281,0.6660331968801567
337423992,Srinuk,2019-08-02,0.44941483267459525,0.6426112935485611
337423992,Srinuk,2019-08-07,0.40379823026168776,0.5501850150435804
337423992,Srinuk,2019-08-12,0.39398503141948976,0.5798287589147867
337423992,Srinuk,2019-08-17,0.37189275582870807,0.5903522986245443
337423992,Srinuk,2019-08-22,0.34322396620928525,0.4952114615813795
337423992,Srinuk,2019-08-27,0.32836922249162054,0.4858727307922869
337423992,Srinuk,2019-09-01,0.31337184539760454,0.4818201233823615
337423992,Srinuk,2019-09-06,0.26673980003379916,0.40248197065778524
337423992,Srinuk,2019-09-11,0.2473916973335197,0.35062994709215967
337423992,Srinuk,2019-09-16,0.4208368310727269,0.1772786204714373
337423992,Srinuk,2019-09-21,0.315210033791611,0.39177065620939416
337423992,Srinuk,2019-09-26,0.30066834749227545,0.41397257508283636
337423992,Srinuk,2019-10-01,0.3287653721958758,0.4333127473133156
337423992,Srinuk,2019-10-06,0.318935642759484,0.41387910656182164
337423992,Srinuk,2019-10-11,0.2840128786951663,0.40868519785174406
337423992,Srinuk,2019-10-16,0.31585257275995,0.3508973137800952
337423992,Srinuk,2019-10-21,0.25819216511515247,0.41617561095809363
337423992,Srinuk,2019-10-26,0.32122614854071513,0.4514990195811513
337423992,Srinuk,2019-10-31,0.3112587123570672,0.42397781129342965
337423992,Srinuk,2019-11-05,0.18398439255823573,0.3097862742212881
337423992,Srinuk,2019-11-10,0.12168353517730553,0.24511554056262397
337423992,Srinuk,2019-11-15,0.1656019246003714,0.3275712730295687
337423992,Srinuk,2019-11-20,0.2730963932103421,0.3408535049263253
337423992,Srinuk,2019-11-25,0.29749682680310974,0.4327034713274025
337423992,Srinuk,2019-11-30,0.36444858219250137,0.49804691701050263
337423992,Srinuk,2019-12-05,0.3664323823997773,0.36397272994719354
337423992,Srinuk,2019-12-10,0.18863731173865766,0.6284202071557562
337423992,Srinuk,2019-12-15,0.4008764929800148,0.10231247939259173
337423992,Srinuk,2019-12-20,0.569388721362654,0.6942368652447161
337423992,Srinuk,2019-12-25,0.5820980438266892,0.6642049454062818
337423992,Srinuk,2019-12-30,0.5800766093903277,0.6617030293108469
337423992,Srinuk,2020-01-04,0.18052533089396466,-0.022051753835326218
337423992,Srinuk,2020-01-09,0.5532514251858355,0.10552455395101065
337423992,Srinuk,2020-01-14,0.6111505963357098,0.6620329094220356
337423992,Srinuk,2020-01-19,0.5356120438460844,0.728071357112333
337423992,Srinuk,2020-01-24,0.3810305099749197,0.047190423027460786
337423992,Srinuk,2020-01-29,0.5120050321860485,0.6076529640031149
337423992,Srinuk,2020-02-03,0.5087466101689511,0.24460335825401616
337423992,Srinuk,2020-02-08,0.33042504889778346,0.6004294641764767
337423992,Srinuk,2020-02-13,0.374965173113777,0.5230861198471253
337423992,Srinuk,2020-02-18,0.27457333562603914,0.3489075094820505
337423992,Srinuk,2020-02-23,0.24910527938999324,0.3941178605499038
337423992,Srinuk,2020-02-28,0.06335207263389266,0.14856447620564198
337423992,Srinuk,2020-03-04,0.44750040697764204,0.06846427001866949
337423992,Srinuk,2020-03-09,1.0,0.043500327561275066
337423992,Srinuk,2020-03-14,0.10253525121384356,0.20837529542216335
337423992,Srinuk,2020-03-19,0.08252251229013305,0.15455347532967487
337423992,Srinuk,2020-03-24,0.16245678228786192,0.24781383179038405
337423992,Srinuk,2020-03-29,0.25298804134489544,0.22521573269223594
337423992,Srinuk,2020-04-03,0.17859952564699105,0.33542024137743987
337423992,Srinuk,2020-04-08,0.2226346171045878,0.27082990343312185
337423992,Srinuk,2020-04-13,0.24098920965769205,0.5172868891652808
337423992,Srinuk,2020-04-18,0.33425469193831986,0.5715173791690045
337423992,Srinuk,2020-04-23,0.4260014347642301,0.6328240593513811
337423992,Srinuk,2020-04-28,-0.1566265060240964,0.04980399369834417
337423992,Srinuk,2020-05-03,0.5198502109711429,0.4313369185091501
337423992,Srinuk,2020-05-08,0.574596155838794,0.7847517703671053
337423992,Srinuk,2020-05-13,0.541992618017886,0.6558784217719572
337423992,Srinuk,2020-05-18,0.6479391965521387,0.12415641851453896
337423992,Srinuk,2020-05-23,0.47660744585186604,0.7528059611837548
337423992,Srinuk,2020-05-28,0.40651944459202777,0.36788003595478563
337423992,Srinuk,2020-06-02,0.4248524006590786,0.10280907324638712
337423992,Srinuk,2020-06-07,0.3681964976600854,0.5483958125114441
337423992,Srinuk,2020-06-12,0.34730612513530684,0.20637235162128886
337423992,Srinuk,2020-06-17,0.32253077141491765,0.5170264951435917
337423992,Srinuk,2020-06-22,0.4389470607401377,0.1692146337535008
337423992,Srinuk,2020-06-27,0.1707683357309146,0.2944812108594251
337423992,Srinuk,2020-07-02,0.3694580130346389,0.026707738981559783
337423992,Srinuk,2020-07-07,0.09400323233342762,-0.007976609824999538
337423992,Srinuk,2020-07-12,0.10691929648978164,0.21502951559532119
337423992,Srinuk,2020-07-17,0.10199557249265981,0.233655844377466
337423992,Srinuk,2020-07-22,0.11172296712736049,0.25140092970736055
337423992,Srinuk,2020-07-27,0.13632835295185985,0.2762861302100032
337423992,Srinuk,2020-08-01,0.08888092385717185,0.2094331979751587
337423992,Srinuk,2020-08-06,0.10430769972413419,0.2345356790416212
337423992,Srinuk,2020-08-11,0.17813691074948712,0.2436520247215248
337423992,Srinuk,2020-08-16,0.5377735542245659,0.2410417286207877
337423992,Srinuk,2020-08-21,0.18413000221712045,0.37718628095575124
337423992,Srinuk,2020-08-26,0.0811618375760245,0.013771788208711758
337423992,Srinuk,2020-08-31,0.3203466319176088,0.53294074894434
337423992,Srinuk,2020-09-05,0.3820626829043928,0.6275787920836943
337423992,Srinuk,2020-09-10,0.09673201623484941,-0.007681307197476215
337423992,Srinuk,2020-09-15,0.5006986974951733,0.7305729069623602
337423992,Srinuk,2020-09-20,0.5425600703940334,0.7224064921758261
337423992,Srinuk,2020-09-25,0.4837840411318354,0.5684420071452497
337423992,Srinuk,2020-09-30,0.6411006477582886,0.20309970702931104
337423992,Srinuk,2020-10-05,0.5855439994708601,0.05952332429139011
337423992,Srinuk,2020-10-10,0.31476635849439955,-0.02618267296824649
337423992,Srinuk,2020-10-15,0.1729793812047286,0.6665885430502604
337423992,Srinuk,2020-10-20,0.5108317614319813,0.7015217664730118
337423992,Srinuk,2020-10-25,0.38721913314727413,0.19788760072495565
337423992,Srinuk,2020-10-30,0.4418740884726306,0.5931716049651066
337423992,Srinuk,2020-11-04,0.44071131136762093,0.11562941492681043
337423992,Srinuk,2020-11-09,0.3660675770187952,0.3340218501636781
337423992,Srinuk,2020-11-14,0.2687976915075118,0.27154275227382957
337423992,Srinuk,2020-11-19,0.1734827168914209,0.29370414492595626
337423992,Srinuk,2020-11-24,0.4722610302718289,0.1629208943930017
337423992,Srinuk,2020-11-29,0.4675558320729129,0.06913868059594948
337423992,Srinuk,2020-12-04,-0.8556341780237404,0.01507076930748411
337423992,Srinuk,2020-12-09,0.41033513179744585,0.11109310729675982
337423992,Srinuk,2020-12-14,0.09123236637742045,-0.007134738539174446
337423992,Srinuk,2020-12-19,0.2579362733536456,0.20629936223288617
337423992,Srinuk,2020-12-24,0.15949602389192008,0.2979267309588122
337423992,Srinuk,2021-01-03,0.18879534492650665,0.33966020090752336
337423992,Srinuk,2021-01-08,0.41722617810031015,0.2563074653048113
337423992,Srinuk,2021-01-13,0.3461762795965356,0.4518254216176918
337423992,Srinuk,2021-01-18,0.5125044699174812,0.23694178641560565
337423992,Srinuk,2021-01-23,0.30286919819303304,0.17317562756768193
337423992,Srinuk,2021-01-28,0.39843272408807134,0.3125438997185374
337423992,Srinuk,2021-02-02,0.5377101682754885,0.339361272662519
337423992,Srinuk,2021-02-07,0.23762392346937972,0.1300329411155488
337423992,Srinuk,2021-02-12,-0.1399429842986795,0.013241239139636284
337423992,Srinuk,2021-02-17,0.40008822083473206,0.07809949450823198
337423992,Srinuk,2021-02-22,0.4402095032743661,0.21483739582170924
337423992,Srinuk,2021-02-27,0.45320728169866353,0.7026506782655256
337423992,Srinuk,2021-03-04,0.47174630682152435,0.5044825136302465
337423992,Srinuk,2021-03-09,-0.27441885510841046,0.025901309029389936
337423992,Srinuk,2021-03-14,0.4512049207486302,0.44915259925715895
337423992,Srinuk,2021-03-19,0.25098818917590454,0.2841518063502139
337423992,Srinuk,2021-03-24,0.22312738396317125,0.38672960809914464
337423992,Srinuk,2021-03-29,0.23747186380696583,0.2812588726540646
337423992,Srinuk,2021-04-03,0.19426889304655143,0.2763277897274638
337423992,Srinuk,2021-04-08,0.18496403879070855,0.10787758343370564
337423992,Srinuk,2021-04-13,0.17410203195120916,0.2863040239696043
337423992,Srinuk,2021-04-18,0.32307986717626275,0.09400717923081064
337423992,Srinuk,2021-04-23,0.1628441583499851,0.30351607034723443
337423992,Srinuk,2021-04-28,0.18848051346210112,0.3181040317538273
337423992,Srinuk,2021-05-03,0.14172583234956465,0.32491607587021515
337423992,Srinuk,2021-05-08,0.3037783661520625,0.09522378965314612
337423992,Srinuk,2021-05-13,0.16917028619223332,0.42395486422331935
337423992,Srinuk,2021-05-18,0.2206193008067378,0.4063862112451749
337423992,Srinuk,2021-05-23,0.3459308879921235,0.3620823248323188
337423992,Srinuk,2021-05-28,0.5642312632267734,0.09559675512543644
337423992,Srinuk,2021-06-02,0.21857488851051732,0.11166577698685319
337423992,Srinuk,2021-06-07,-0.05800072224642408,0.004813782579380548
337423992,Srinuk,2021-06-12,0.25785902902730795,0.03549364375803305
337423992,Srinuk,2021-06-17,0.48731718221342707,0.048403773456811905
337423992,Srinuk,2021-06-22,0.5233783661780587,0.7508228593562023
337423992,Srinuk,2021-06-27,0.4981533364359155,0.7472903380192906
337423992,Srinuk,2021-07-02,0.5322921439466706,0.6612054820520332
337423992,Srinuk,2021-07-07,0.4938074845865548,0.7280100013118193
337423992,Srinuk,2021-07-12,0.48424268127923986,0.6881467463022255
337423992,Srinuk,2021-07-17,0.4340567243206932,0.6509952360247991
337423992,Srinuk,2021-07-22,0.6557909268212606,0.2580063244305461
337423992,Srinuk,2021-07-27,0.24028593247913452,0.3994735590664737
337423992,Srinuk,2021-08-01,0.26634308381612043,0.3709343447383628
337423992,Srinuk,2021-08-06,0.21617889314530844,0.3658215638743826
337423992,Srinuk,2021-08-11,0.1936456632003727,0.332457084433142
337423992,Srinuk,2021-08-16,0.18074294103376837,0.3233642883329506
337423992,Srinuk,2021-08-21,0.1567246325044747,0.2608472850308361
337423992,Srinuk,2021-08-26,0.1524748169783368,0.2715748684952058
337423992,Srinuk,2021-08-31,0.11864232092377651,0.22703465334622255
337423992,Srinuk,2021-09-05,0.4680247213467058,0.0664200008543859
337423992,Srinuk,2021-09-10,0.15800755659499802,0.30618537603372553
337423992,Srinuk,2021-09-15,0.19391576137887426,0.3127563820186868
337423992,Srinuk,2021-09-20,0.1832897611052157,0.16015839006706892
337423992,Srinuk,2021-09-25,0.14782884824706846,0.3318593256085752
337423992,Srinuk,2021-09-30,0.2522089389792408,0.4647542432130101
337423992,Srinuk,2021-10-05,0.3415468015584601,0.5209741283612079
337423992,Srinuk,2021-10-10,0.3617059513028846,0.36023087063467646
337423992,Srinuk,2021-10-15,0.41566540282892894,0.4854879935821855
337423992,Srinuk,2021-10-20,0.6043376992624926,0.6749154347253133
337423992,Srinuk,2021-10-25,0.349730214440679,0.18831665670297232
337423992,Srinuk,2021-10-30,0.4378772672400417,0.05466121233191835
337423992,Srinuk,2021-11-04,0.34888625171888304,0.6009183725319713
337423992,Srinuk,2021-11-09,0.5687876810510475,0.7611179978373539
337423992,Srinuk,2021-11-14,0.3394882183477103,0.09073551241532866
337423992,Srinuk,2021-11-19,0.5601663641541837,0.683350949043251
337423992,Srinuk,2021-11-24,0.12905467788587852,0.007144007694357669
337423992,Srinuk,2021-11-29,0.49349644349282046,0.5702020267406142
337423992,Srinuk,2021-12-04,0.7633853522409876,0.019901626429195147
337423992,Srinuk,2021-12-09,0.07010871423296182,-0.029192592842077994
337423992,Srinuk,2021-12-14,0.4459870795169509,0.5649136470024845
337423992,Srinuk,2021-12-19,0.3348673032708915,0.14384397541184024
337423992,Srinuk,2021-12-24,0.11224484434687948,0.22929697555590825
337423992,Srinuk,2021-12-29,-0.14962596734649086,0.002857423904323838
337423992,Srinuk,2022-01-03,0.3443932077252721,0.2359403027109353
337423992,Srinuk,2022-01-08,0.11603225641940014,0.20486625939248557
337423992,Srinuk,2022-01-13,0.3040018527409488,0.08437343765785132
337423992,Srinuk,2022-01-18,-0.5006632516665541,0.06106932245051847
337423992,Srinuk,2022-01-23,0.5245424091636416,0.08175636336476688
337423992,Srinuk,2022-01-28,0.291779402149729,0.1539543843772038
337423992,Srinuk,2022-02-02,0.1855837178068707,0.13666640774133693
337423992,Srinuk,2022-02-07,0.5355218521442758,0.04066766872553222
337423992,Srinuk,2022-02-12,0.48710330117897815,0.20916006938520684
337423992,Srinuk,2022-02-17,-0.08982058464134314,0.033770676452599194
337423992,Srinuk,2022-02-22,0.3973037262996995,0.03266462661236166
337423992,Srinuk,2022-02-27,0.16430353597704186,0.368316165474524
337423992,Srinuk,2022-03-04,0.3024292224681521,0.27266081296894923
337423992,Srinuk,2022-03-09,0.3733087004308241,0.34105197618524713
337423992,Srinuk,2022-03-14,0.1812559939382306,0.40911363729511396
337423992,Srinuk,2022-03-19,0.4050414671515485,0.13336401926465782
337423992,Srinuk,2022-03-24,0.4375573604939932,0.14899114968187838
337423992,Srinuk,2022-03-29,0.4640487261924399,0.13195542645562125
337423992,Srinuk,2022-04-03,0.5704132785280067,0.7558758941041418
337423992,Srinuk,2022-04-08,0.5690977812172419,0.6910781729293157
337423992,Srinuk,2022-04-13,0.5223307417458799,0.7849720781107983
337423992,Srinuk,2022-04-18,0.44506459117653857,0.19962701605386043
337423992,Srinuk,2022-04-23,0.3702696723392211,0.550439878759614
337423992,Srinuk,2022-04-28,0.49477594085486537,0.6271041394716286
337423992,Srinuk,2022-05-03,0.43063443647809774,0.6624481261494648
337423992,Srinuk,2022-05-08,0.45683479919491043,0.549900411841381
337423992,Srinuk,2022-05-13,0.3820985137339098,0.3379909766007619
337423992,Srinuk,2022-05-18,0.3491574626371085,0.5127798121377646
337423992,Srinuk,2022-05-23,-0.4068744301077831,0.040113224412303375
337423992,Srinuk,2022-05-28,0.264031576284443,0.47471280234405794
337423992,Srinuk,2022-06-02,0.2545267623591136,0.4556086941296796
337423992,Srinuk,2022-06-07,0.28407713232270204,0.32948051195546807
337423992,Srinuk,2022-06-12,0.28143535608268644,0.3948802703834442
337423992,Srinuk,2022-06-17,0.26938051523932494,0.27950106543230724
337423992,Srinuk,2022-06-22,0.29450561106204987,0.5350127974188471
337423992,Srinuk,2022-06-27,0.32383815836475555,0.47464835338563804
337423992,Srinuk,2022-07-02,0.3029446792171662,0.4770795869899083
337423992,Srinuk,2022-07-07,0.166231345250664,0.3166649181799716
337423992,Srinuk,2022-07-12,0.10606783022543034,0.2623985237385853
337423992,Srinuk,2022-07-17,0.19086708523422838,0.13422143445855164
337423992,Srinuk,2022-07-22,0.17006293827869806,0.17466348478099308
337423992,Srinuk,2022-07-27,0.12948747069002634,0.2850077154047518
337423992,Srinuk,2022-08-01,0.11461558619357017,0.26466244818216345
337423992,Srinuk,2022-08-06,0.10955789362091616,0.2490810195365584
337423992,Srinuk,2022-08-11,-0.04195374632198139,0.028388217186235475
337423992,Srinuk,2022-08-16,0.2459215906011053,0.38855369514729604
337423992,Srinuk,2022-08-21,0.3262720169073128,0.44644048020064114
337423992,Srinuk,2022-08-26,0.3820516795638096,0.615163521953376
337423992,Srinuk,2022-08-31,0.5659527491374188,0.48762245745543975
337423992,Srinuk,2022-09-05,0.5775849140552153,0.29049913100449437
337423992,Srinuk,2022-09-10,0.5571057441004788,0.6589267070753029
337423992,Srinuk,2022-09-15,0.3504687895975917,0.019919814633104545
337423992,Srinuk,2022-09-20,0.4909646256142352,0.3999506012502923
337423992,Srinuk,2022-09-25,0.0991164575448731,-0.010931456073731497
337423992,Srinuk,2022-09-30,0.6429498935320291,0.6941470607935664
337423992,Srinuk,2022-10-05,0.6605655349880816,0.7160560021917504
337423992,Srinuk,2022-10-10,0.1555551313570734,0.02856037770404974
337423992,Srinuk,2022-10-15,0.429216527436153,0.2716833333294076
337423992,Srinuk,2022-10-20,0.23372752039906491,0.09069713034543646
337423992,Srinuk,2022-10-25,0.47485828256032553,0.42892513217696226
337423992,Srinuk,2022-10-30,0.4100050053682672,0.03963539747139776
337423992,Srinuk,2022-11-04,0.30483679994043095,0.34040802017033817
337423992,Srinuk,2022-11-09,0.1659321413341775,0.0550168309113886
337423992,Srinuk,2022-11-14,0.2540056563644524,0.2478337471025536
337423992,Srinuk,2022-11-19,0.26014686043722085,0.06480151518102152
337423992,Srinuk,2022-11-24,0.2624554707702384,0.22452703621014056
337423992,Srinuk,2022-11-29,0.10143619621486728,0.17739130780928353
337423992,Srinuk,2022-12-04,0.16700382225484733,0.114927575351244
337423992,Srinuk,2022-12-09,0.0911011539893337,0.2323662401681923
337423992,Srinuk,2022-12-14,0.1315885253968727,0.2102365938116269
337423992,Srinuk,2022-12-19,0.07605249146055655,-0.031392408463352145
337423992,Srinuk,2022-12-24,0.3577636178717556,0.22062006018247948
337423992,Srinuk,2022-12-29,0.27540789706161223,0.10059239805103784
337423992,Srinuk,2023-01-03,0.36089108543223647,0.06825351822807128
337423992,Srinuk,2023-01-08,0.33491164912660437,0.15989914931446672
337423992,Srinuk,2023-01-13,0.20563539234270534,0.33726791103920306
337423992,Srinuk,2023-01-18,0.2929579493511154,0.1584933260119105
337423992,Srinuk,2023-01-23,0.314070156180715,0.23719321909439134
337423992,Srinuk,2023-01-28,0.27166630255888746,0.06468281517904925
337423992,Srinuk,2023-02-02,0.3659797432910965,0.06329654332205474
337423992,Srinuk,2023-02-07,0.37765171684055443,0.050973438938339076
337423992,Srinuk,2023-02-12,0.4725336676620575,0.37405089208160536
337423992,Srinuk,2023-02-17,0.3311547511313335,0.17229954593152885
337423992,Srinuk,2023-02-22,-0.23944521475448666,-0.03822693479785987
337423992,Srinuk,2023-02-27,0.4442197397710329,0.06808830268052687
337423992,Srinuk,2023-03-04,0.5528329625187149,0.7801176955900997
337423992,Srinuk,2023-03-09,0.5022538433592003,0.7345346786889685
337423992,Srinuk,2023-03-14,0.5168346073254045,0.6599223071552185
337423992,Srinuk,2023-03-19,0.45404455065727234,0.39806148409843445
337423992,Srinuk,2023-03-24,0.5133621945797678,0.6442131899207472
337423992,Srinuk,2023-03-29,0.42744317121175396,0.5209503638816168
337423992,Srinuk,2023-04-03,0.34400615760360853,0.24259497404816638
337423992,Srinuk,2023-04-08,-0.0698655104876148,0.03636992327077875
337423992,Srinuk,2023-04-13,0.293170036321663,0.09621915068612041
337423992,Srinuk,2023-04-18,0.32327661824872694,0.47516227630247554
337423992,Srinuk,2023-04-23,0.31946596233959657,0.46975315622536534
337423992,Srinuk,2023-04-28,0.3295773023582367,0.38955404205494615
337423992,Srinuk,2023-05-03,0.33710084729884043,0.4900593229805131
337423992,Srinuk,2023-05-08,0.34756120069917423,0.367614089185933
337423992,Srinuk,2023-05-13,0.3231393064720085,0.5250256081302482
337423992,Srinuk,2023-05-18,0.23055954914854235,0.41681885072983893
337423992,Srinuk,2023-05-23,0.22441653678395662,0.4055755710206836
337423992,Srinuk,2023-05-28,0.2284163807530001,0.4353763890194606
337423992,Srinuk,2023-06-02,0.2607184528227312,0.44681073312299796
337423992,Srinuk,2023-06-07,0.31764359754252147,0.3647959248488208
337423992,Srinuk,2023-06-12,0.15716634538159313,0.3038020975977542
337423992,Srinuk,2023-06-17,0.2885845856494214,0.3220395731279649
337423992,Srinuk,2023-06-22,0.20212934875344657,0.4027236570794898
337423992,Srinuk,2023-06-27,0.08774521192872381,0.07665286168276546
337423992,Srinuk,2023-07-02,0.25535430561706246,-0.029993492290826446
337423992,Srinuk,2023-07-07,0.311886741992939,0.015614718128646532
337423992,Srinuk,2023-07-12,0.3960254849439644,0.6729527708277645
337423992,Srinuk,2023-07-17,0.41449074644640266,0.6761444677789528
337423992,Srinuk,2023-07-22,0.46916235803839673,0.7238726106034704
337423992,Srinuk,2023-07-27,0.5121203463479697,0.7712138815816626
337423992,Srinuk,2023-08-01,0.5112338097968016,0.7169793266129781
337423992,Srinuk,2023-08-06,0.5479943332183792,0.7740047696125076
337423992,Srinuk,2023-08-11,0.5760581009538777,0.7688281539692936
337423992,Srinuk,2023-08-16,0.538430811859757,0.7630895379796085
337423992,Srinuk,2023-08-21,0.5433733834021063,0.7200153220489801
337423992,Srinuk,2023-08-26,0.5145847050540419,0.6919819213539721
337423992,Srinuk,2023-08-31,0.5525949602744665,0.615934334246509
337423992,Srinuk,2023-09-05,0.4315481900450695,0.6074723748557539
337423992,Srinuk,2023-09-10,0.39376292314874123,0.5081817274352154
337423992,Srinuk,2023-09-15,0.32755212773041553,0.33575867583234625
337423992,Srinuk,2023-09-20,0.28313303945294344,0.3944715475102505
337423992,Srinuk,2023-09-25,0.21878061201198992,0.31115440557520074
337423992,Srinuk,2023-09-30,0.22938191316213952,0.33043391015156204
337423992,Srinuk,2023-10-05,0.18997687931699925,0.3225485253405858
337423992,Srinuk,2023-10-10,0.12883762454232536,0.2607807329047965
337423992,Srinuk,2023-10-15,0.22786379928689404,0.381481707634696
337423992,Srinuk,2023-10-20,0.27750072116593283,0.41077501820512563
337423992,Srinuk,2023-10-25,0.10396360300750618,0.03611638096823211
337423992,Srinuk,2023-10-30,0.10000182394533003,0.1164761193486559
337423992,Srinuk,2023-11-04,0.22555112228336105,0.3231296887598842
337423992,Srinuk,2023-11-09,0.49272506962339563,0.219918323748083
337423992,Srinuk,2023-11-14,0.23726915985525374,0.2504378829196275
337423992,Srinuk,2023-11-19,0.32027538870292976,-0.03122646064029064
337423992,Srinuk,2023-11-24,0.47267914392861976,0.4205488106572484
337423992,Srinuk,2023-11-29,0.4245355782738651,0.341775601348245
337423992,Srinuk,2023-12-04,0.38469186281583395,0.3498051121651408
337423992,Srinuk,2023-12-09,-0.13825877571859993,0.01103160150190647
337423992,Srinuk,2023-12-14,0.646233282624239,0.8055413191217974
337423992,Srinuk,2023-12-19,0.2180848886169134,0.5875778469560017
337423992,Srinuk,2023-12-24,0.5966479237898287,0.7625311814158796
337423992,Srinuk,2023-12-29,0.9732482785201935,0.1822410776133997
337423992,Srinuk,2024-01-03,0.693158415785755,0.6253810639841011
337423992,Srinuk,2024-01-08,0.31274790316820145,0.09366767332855477
337423992,Srinuk,2024-01-13,0.5468750330338995,0.310303643884429
337423992,Srinuk,2024-01-18,0.20364458140838576,0.012505356026027935
337423992,Srinuk,2024-01-23,0.19733711736029888,0.06494001985852976
337423992,Srinuk,2024-01-28,0.5272698806351926,0.58852644174932
337423992,Srinuk,2024-02-02,0.4312542571450572,0.10948929919984686
337423992,Srinuk,2024-02-07,0.3299685975155198,0.19666438845984907
337423992,Srinuk,2024-02-12,0.1834863445844995,0.3157335688550788
337423992,Srinuk,2024-02-17,0.18868605581572256,0.3050511989248804
337423992,Srinuk,2024-02-22,0.2219437034015196,0.3010548916925867
337423992,Srinuk,2024-02-27,0.6283753359892282,0.1922069667692644
337423992,Srinuk,2024-03-03,0.1771931185061673,-0.10191156616412013
337423992,Srinuk,2024-03-08,0.14187915641141224,0.23530486764678035
337423992,Srinuk,2024-03-13,0.328495597623917,0.32270974746669634
337423992,Srinuk,2024-03-18,0.302721989621599,0.28631606644176577
337423992,Srinuk,2024-03-23,0.18557026075670519,0.44442998321659594
337423992,Srinuk,2024-03-28,0.10557197320207684,-0.016351489436459244
337423992,Srinuk,2024-04-02,0.20733409249279872,0.4601764330662877
337423992,Srinuk,2024-04-07,0.31874738256615326,0.28228334508028374
337423992,Srinuk,2024-04-12,0.045371605010411466,-0.008809320529760143
337423992,Srinuk,2024-04-17,0.3751052496842591,0.6562552967344422
337423992,Srinuk,2024-04-22,0.369154040533376,0.1252375941678702
337423992,Srinuk,2024-04-27,0.3185746712856982,0.18359658032296652
337423992,Srinuk,2024-05-02,0.3964581204107009,0.593630305255752
337423992,Srinuk,2024-05-07,0.42075770438076504,0.7488850473639477
337423992,Srinuk,2024-05-12,0.4234413743378168,0.727540456745998
337423992,Srinuk,2024-05-17,0.4199569063732423,0.6909655745489052
337423992,Srinuk,2024-05-22,0.4170767544622881,0.6688866216734232
337423992,Srinuk,2024-05-27,0.41792648887059775,0.6394089832004294
337423992,Srinuk,2024-06-01,0.3802629402243947,0.5771089591175677
337423992,Srinuk,2024-06-06,0.3414963484708085,0.5695210443921837
337423992,Srinuk,2024-06-11,0.17701551596443338,0.34783355676266087
337423992,Srinuk,2024-06-16,0.19322411051715713,0.3276789858039603
337423992,Srinuk,2024-06-21,0.18224154708974333,0.35173415832490806
337423992,Srinuk,2024-06-26,0.15158952108348708,0.2914315494428198
337423992,Srinuk,2024-07-01,0.16726742900279631,0.28754562696060504
337423992,Srinuk,2024-07-06,0.16498632405895786,0.3487643926258547
337423992,Srinuk,2024-07-11,0.17729652933327547,0.3959459502653903
337423992,Srinuk,2024-07-16,0.13177173876439233,0.28866142869354733
337423992,Srinuk,2024-07-21,0.17102329527218657,0.3994822536247322
337423992,Srinuk,2024-07-26,0.23938746858074003,0.4763899423989905
337423992,Srinuk,2024-07-31,0.2649273900202958,0.568822655692158
337423992,Srinuk,2024-08-05,0.32124980153089544,0.5823753075786384
337423992,Srinuk,2024-08-10,0.37267916371305304,0.6398111755948469
337423992,Srinuk,2024-08-15,0.42780436988336495,0.6921389926987959
337423992,Srinuk,2024-08-20,0.43296368958720244,0.6989976110228573
337423992,Srinuk,2024-08-25,0.4798388244157814,0.7301719571093479
337423992,Srinuk,2024-08-30,0.48047916950231573,0.7530584687209991
337423992,Srinuk,2024-09-04,0.5248020207846021,0.7417789159050907
337423992,Srinuk,2024-09-09,0.47999954977667475,0.7555719028754406
337423992,Srinuk,2024-09-14,0.4799187009234026,0.6840749946703394
337423992,Srinuk,2024-09-19,0.4654462847364954,0.6901579369981605
337423992,Srinuk,2024-09-24,-0.3068365828100457,0.15708347212478338
337423992,Srinuk,2024-09-29,0.3841303300606199,0.5821313419973994
337423992,Srinuk,2024-10-04,0.35094863670058996,0.5376994180751135
337423992,Srinuk,2024-10-09,0.26951026377907716,0.36867813155593643
337423992,Srinuk,2024-10-14,0.24012989039162555,0.32897444230964384
337423992,Srinuk,2024-10-19,0.3021751184420413,0.33436279196337043
337423992,Srinuk,2024-10-24,0.27339317550860254,0.3755717846643494
337423992,Srinuk,2024-10-29,0.18692921326462045,0.3053209679313453
337423992,Srinuk,2024-11-03,0.2293262799461204,0.2926203409232289
337423992,Srinuk,2024-11-08,0.17020100812955075,0.3295281935169036
337423992,Srinuk,2024-11-13,0.3668483650109854,0.3956734175423542
337423992,Srinuk,2024-11-18,0.5154968485774765,0.2556408941745758
337423992,Srinuk,2024-11-23,0.4280511679419552,0.21676294640245208
337423992,Srinuk,2024-11-28,0.17120662250791688,-0.006153698084898383
337423992,Srinuk,2024-12-08,0.35129458358488885,0.39193896392741834
337423992,Srinuk,2024-12-13,0.38573203819343843,0.20564024491482472
337423992,Srinuk,2024-12-18,0.43175319878451796,0.318783051996346
337423992,Srinuk,2024-12-23,0.6783022236034094,0.33785460243024024
337423992,Srinuk,2024-12-28,0.4119451765913561,0.5617828625871475
337423992,Srinuk,2025-01-02,0.11404520874641028,-0.03222837593092258
337423992,Srinuk,2025-01-07,0.5407975533281464,0.7232963460755636
337423992,Srinuk,2025-01-12,0.46892713495047694,0.371922073953123
337423992,Srinuk,2025-01-17,0.308538031057421,0.3200294714735215
337423992,Srinuk,2025-01-22,0.47174790968377905,0.28418671707791016
337423992,Srinuk,2025-01-27,0.270858797682337,0.10419492037540459
337423992,Srinuk,2025-02-01,0.30702071376593715,0.09258384526853101
337423992,Srinuk,2025-02-06,0.3058005377470729,0.649712071720376
337423992,Srinuk,2025-02-11,0.3831175659076277,0.46393035154744805
337423992,Srinuk,2025-02-16,0.03546889763359115,-0.0027236180826713027
337423992,Srinuk,2025-02-21,0.35444169374833623,0.3140840183898627
337423992,Srinuk,2025-02-26,-0.46355812754257614,0.0874095891254494
337423992,Srinuk,2025-03-03,0.1763426604041134,-0.05208298492144389
337423992,Srinuk,2025-03-08,0.1106945904622595,-0.02756640707782234
337423992,Srinuk,2025-03-13,0.15943133739575024,0.28928567355229373
337423992,Srinuk,2025-03-18,0.3285052507038576,0.25615580182477654
337423992,Srinuk,2025-03-23,0.2556527554988861,0.3372130598648485
337423992,Srinuk,2025-03-28,0.3171697142253439,0.10378776095717786
337423992,Srinuk,2025-04-02,0.31529311458748505,0.277315286627735
337423992,Srinuk,2025-04-07,0.15141408917415572,0.34368882355201674
337423992,Srinuk,2025-04-09,0.13249489934329528,0.28379579265433624
337423992,Srinuk,2025-04-12,0.1670509182724608,0.3434979314186487
337423992,Srinuk,2025-04-17,-0.007879873394057244,0.001750316636367555
337423992,Srinuk,2025-04-22,0.18491241699421263,0.3186770639864795
337423992,Srinuk,2025-04-27,0.2703125248831439,0.5106730281588543
337423992,Srinuk,2025-04-29,0.27411127072500896,0.5294555739825031
337423992,Srinuk,2025-05-02,0.25231248481446,-0.03853831238236772
337423992,Srinuk,2025-05-07,0.3203173012259495,0.5949479589261204
337423992,Srinuk,2025-05-12,0.3685274132224451,0.5934018218014614
337423992,Srinuk,2025-05-17,-0.06945100240479504,0.01382367261432964
337423992,Srinuk,2025-05-19,0.40045919224440335,0.6596243959593485
337423992,Srinuk,2025-05-22,0.4348103378910616,0.05806484818458557
337423992,Srinuk,2025-05-27,0.9305434887667736,0.08655797546527472
337423992,Srinuk,2025-06-01,0.4592679419992379,0.2992798703531903
337423992,Srinuk,2025-06-06,0.3766946864415364,0.6804647522877498
337423992,Srinuk,2025-06-08,0.44814335599721195,0.3022882499429117
337423992,Srinuk,2025-06-11,0.4257822968514569,0.5829158698219851
337423992,Srinuk,2025-06-16,0.8830467103475548,0.0972353404006326
337423992,Srinuk,2025-06-21,0.39029711736253947,0.6258097183273499
337423992,Srinuk,2025-06-26,0.32225121593618966,0.5482383711510393
337423992,Srinuk,2025-06-28,-0.018111691633463805,-0.002881520298724792
337423992,Srinuk,2025-07-01,0.3249447094388755,0.501357247312385
337423992,Srinuk,2025-07-06,0.5018557642238686,0.27062244910791694
337423992,Srinuk,2025-07-11,0.31076540160610017,0.5111939702407423
337423992,Srinuk,2025-07-16,0.3519648830574679,0.4682468639080783
337423992,Srinuk,2025-07-18,0.3192821356905512,0.5233254005391914
337423992,Srinuk,2025-07-21,0.30555586624576386,0.5335820679923138
337423992,Srinuk,2025-07-26,0.22296444030411272,0.38862890041018106
337423992,Srinuk,2025-07-31,0.20688301935253373,0.374311287360019
337423992,Srinuk,2025-08-05,0.45715581832161867,0.06602949083569538
337423992,Srinuk,2025-08-07,0.24553495448037801,0.24698924461761154
337423992,Srinuk,2025-08-10,0.20375102857150226,0.3116600368037281
337423992,Srinuk,2025-08-15,0.1931950233607407,0.2853507758623146
337423992,Srinuk,2025-08-20,0.09725448058312197,0.3617632626050926
337423992,Srinuk,2025-08-25,0.9378316029008612,0.08636640039194061
337423992,Srinuk,2025-08-27,0.10716585630932486,0.23896135039717317
337423992,Srinuk,2025-08-30,0.10605586941511068,-0.01689456268325897
337423992,Srinuk,2025-09-04,0.16698802711374788,0.3435843100389802
337423992,Srinuk,2025-09-09,0.16529818058732043,0.34201012345322646
337423992,Srinuk,2025-09-14,0.23481471782707306,0.4527286364730582
337423992,Srinuk,2025-09-16,0.26821675268282374,0.25268870933228227
337423992,Srinuk,2025-09-19,0.35148820954273985,0.20684387624622827
337423992,Srinuk,2025-09-24,0.3289219196661409,0.5473953437015234
337423992,Srinuk,2025-09-29,0.40273976552648,0.45662947039467744
337423992,Srinuk,2025-10-04,0.3567674389804702,0.17966052674385438
337423992,Srinuk,2025-10-09,0.37371879555733806,0.6012328222214457
337423992,Srinuk,2025-10-14,0.40586899921118497,0.6592070602149849
337423992,Srinuk,2025-10-16,0.397785780300577,0.6819014874208404
337423992,Srinuk,2025-10-19,0.45420064875878485,0.5442897684602852
337423992,Srinuk,2025-10-24,0.4087909790406744,0.4607568713555853
337423992,Srinuk,2025-10-29,0.5006498532841005,0.35313595310751217
337423992,Srinuk,2025-11-03,0.15537390409104795,-0.06635458336537142
337423992,Srinuk,2025-11-05,0.5137418188962591,0.6093622022364513
337423992,Srinuk,2025-11-08,-0.19970108702195338,-0.003376331133347184
337423992,Srinuk,2025-11-13,0.49173583790480374,0.13269557417875313
337423992,Srinuk,2025-11-18,0.4101888128073819,0.40048637411680565
337423992,Srinuk,2025-11-23,0.6173485359513616,0.4344046693968486
337423992,Srinuk,2025-11-25,0.4259941552776888,0.5016608446477407
337423992,Srinuk,2025-11-28,0.3656671109149255,0.1776930590620242
337423992,Srinuk,2025-12-03,0.43128436193408737,0.03800374175231141
337423992,Srinuk,2025-12-08,0.36308014751916906,0.46817480907382736
337423992,Srinuk,2025-12-13,0.34505602214709824,0.2666597931859005
337423992,Srinuk,2025-12-18,0.22220874651256634,0.04391066484007401
337423992,Srinuk,2025-12-23,0.2883612093437149,0.33620323366429433
337423992,Srinuk,2025-12-28,0.1940371351967375,0.2512626215276948
337423992,Srinuk,2026-01-02,0.35307582566537055,0.36558486144226715
337423992,Srinuk,2026-01-04,0.3289909398699381,0.22233250934675516
337423992,Srinuk,2026-01-07,0.2953960859631918,0.21453416868146644
337423992,Srinuk,2026-01-12,0.221617226500109,0.22466999795063433
337423992,Srinuk,2026-01-17,0.252325745411666,0.2649510919329632
337423992,Srinuk,2026-01-22,0.26706662127770575,0.0737497013915016
337423992,Srinuk,2026-01-27,0.6224043372883854,0.23869218165615955
337423992,Srinuk,2026-02-01,0.28221056278211526,0.1688342898725027
337423992,Srinuk,2026-02-06,0.1285998215786664,0.25853886724595565
337423992,Srinuk,2026-02-11,0.13506137091576695,0.08326188391859991
337423992,Srinuk,2026-02-16,0.22172698432422547,0.04675617131842188
337423992,Srinuk,2026-02-21,0.24737087538443417,0.3125083871993674
337423992,Srinuk,2026-02-26,0.279670505099986,0.3115325144615518
337423992,Srinuk,2026-03-03,0.28011813257114,0.44556583482098866
337423992,Srinuk,2026-03-08,0.37902847901884335,0.12222989980714867
337423992,Srinuk,2026-03-13,0.3746189475059509,0.5949651997491537
337423992,Srinuk,2026-03-15,0.141434009893831,0.4326476680945201
337423992,Srinuk,2026-03-18,0.41588099121329297,0.6114343451448234
337423992,Srinuk,2026-03-23,0.4228689561048186,0.6757908739957464
337423992,Srinuk,2026-03-28,0.20985246925468903,0.500293673880129
337423992,Srinuk,2026-04-02,0.4896654508200036,0.15703753579452814
337423992,Srinuk,2026-04-04,0.5625880915357406,0.24455314210380416
337423992,Srinuk,2026-04-07,0.45570488651114777,0.7079033844442253
337423992,Srinuk,2026-04-12,0.4500930876616972,0.727009160690997
337423992,Srinuk,2026-04-17,0.49354779684399985,0.6557247548936361
337423992,Srinuk,2026-04-22,0.15116152863006993,0.04684617058430091
337423992,Srinuk,2026-04-24,0.4202744102621653,0.6551686449941382
337423992,Srinuk,2026-04-27,0.29844181006213266,0.4799227542187794
337423992,Srinuk,2026-05-02,0.13567272223621965,0.5815660170761936
337423992,Srinuk,2026-05-07,0.39817158716270723,0.6410319255777153
337423992,Srinuk,2026-05-12,0.3567253028053835,0.5585526091506682
337423992,Srinuk,2026-05-14,0.3361484688448619,0.5493787038757141
337423992,Srinuk,2026-05-17,0.3771884969199996,0.45971868267978533
337423992,Srinuk,2026-05-22,0.01551251589455249,0.011105024810888839
337423992,Srinuk,2026-05-27,0.32651027462568627,0.5166796259133213
337423992,Srinuk,2026-06-01,0.28879071036017084,0.5009904130395636
337423992,Srinuk,2026-06-03,0.2606737184596349,0.474426874913365
337423992,Srinuk,2026-06-06,0.1806372112134494,0.18889792043581066
337423992,Srinuk,2026-06-11,0.14412286473685001,0.30619249681392346
337423992,Srinuk,2026-06-16,0.195923118347145,0.3067001806325223
337423992,Srinuk,2026-06-21,0.15028645529086332,0.2842461290847824
337423992,Srinuk,2026-06-23,0.22565427712018948,-0.014118607315874422
337423992,Srinuk,2026-06-26,0.17159819369574628,0.3260194167315242
337423992,Srinuk,2026-07-01,0.1630015059048871,0.3545366243784686
337423992,Srinuk,2026-07-06,0.12251834723963795,0.29053477835224334
337423992,Srinuk,2026-07-11,0.12719989262790565,0.2907263604273279
337423992,Srinuk,2026-07-13,0.13211683013353004,0.31127115078719264
337423992,Srinuk,2026-07-16,0.15184774357511335,0.32219779509377766
337423992,Srinuk,2026-07-21,0.16446053748389325,0.3666685665228281
337423992,Srinuk,2026-07-26,0.17659675841590008,0.39191300861806755
337423992,Srinuk,2026-07-31,0.21541325393390942,0.42626842245998153
337423992,Srinuk,2026-08-02,0.2317924495023417,0.5058963744037123
337423992,Srinuk,2026-08-05,0.27206806246056614,0.5590021211698831
337423992,Srinuk,2026-08-10,0.29929866471204414,0.5702105591814202
337423992,Srinuk,2026-08-15,0.36380015888127937,0.6468083481472658
337423992,Srinuk,2026-08-20,0.026256124200074966,-0.004928174722485289
337423992,Srinuk,2026-08-25,0.4801813012146088,0.7593592943915402
337423992,Srinuk,2026-08-30,0.5434146422937692,0.7222505276461682
337423992,Srinuk,2026-09-04,0.5034725245941116,0.6953994807708694
1544156028,Srinuk,2017-08-07,0.1844029021729906,0.3753042423940567
1544156028,Srinuk,2018-02-08,-0.6121548959783402,-0.016958509214188767
1544156028,Srinuk,2018-03-10,0.6303543197103294,0.6361942219446941
1544156028,Srinuk,2018-04-29,0.15957987730402545,0.30438692921615507
1544156028,Srinuk,2018-05-14,0.2935815582792443,0.5456676612417382
1544156028,Srinuk,2018-07-13,0.4924876847899104,0.6824754638126097
1544156028,Srinuk,2018-12-15,0.2933812024722616,0.4741351340549538
1544156028,Srinuk,2018-12-20,0.14798321368464504,-0.024274729259581452
1544156028,Srinuk,2018-12-25,0.32604704025280046,0.154274244265384
1544156028,Srinuk,2018-12-30,0.0796328596602452,-0.012586269159492734
1544156028,Srinuk,2019-01-04,0.23361681554331837,0.32101831217128113
1544156028,Srinuk,2019-01-09,0.1370456229491406,0.08079121302229812
1544156028,Srinuk,2019-01-14,0.31540302447525853,0.226973321064409
1544156028,Srinuk,2019-01-19,0.21585605733365898,0.28315612727619077
1544156028,Srinuk,2019-01-24,0.28752394990030544,0.3717314193406737
1544156028,Srinuk,2019-01-29,0.8806529310812433,0.0987856459904866
1544156028,Srinuk,2019-02-03,0.36419584234076813,-0.02938086845833494
1544156028,Srinuk,2019-02-08,0.26524387587265796,0.4037931863083897
1544156028,Srinuk,2019-02-13,0.34850336898522205,0.11680340129567916
1544156028,Srinuk,2019-02-18,0.4540238057274416,0.6398833534085607
1544156028,Srinuk,2019-02-23,0.23498836339238177,0.33301226233682
1544156028,Srinuk,2019-02-28,0.5731303128133337,0.24170398658298584
1544156028,Srinuk,2019-03-05,0.6810398676309241,0.829190165881651
1544156028,Srinuk,2019-03-10,0.5753226782902178,0.5204504792948803
1544156028,Srinuk,2019-03-15,0.4826875167438783,0.29670473376670514
1544156028,Srinuk,2019-03-20,0.3917273638478245,0.448980390307415
1544156028,Srinuk,2019-03-25,0.7467595654797842,0.3585389649652573
1544156028,Srinuk,2019-03-30,0.5341497957706451,0.7365236914301493
1544156028,Srinuk,2019-04-04,0.5216158147317818,0.7116471126855138
1544156028,Srinuk,2019-04-09,0.4501282159822533,0.6618889261441059
1544156028,Srinuk,2019-04-14,0.17949802997937225,0.01762593430200457
1544156028,Srinuk,2019-04-19,0.330874235874199,0.5238569583519396
1544156028,Srinuk,2019-04-24,0.26976607165422783,0.17959076650889524
1544156028,Srinuk,2019-04-29,0.2280700824346887,0.360345419990011
1544156028,Srinuk,2019-05-04,0.23934561624584427,0.3991844196276492
1544156028,Srinuk,2019-05-09,0.3110262677971139,0.36653682625437356
1544156028,Srinuk,2019-05-14,0.13880684677825636,0.24299595576811986
1544156028,Srinuk,2019-05-19,0.1523633062929274,0.2878828138472086
1544156028,Srinuk,2019-05-24,0.13609630722238356,0.2737294323293559
1544156028,Srinuk,2019-05-29,0.11180072255342839,0.2358553586864328
1544156028,Srinuk,2019-06-03,0.35200868169945404,0.11685339891048799
1544156028,Srinuk,2019-06-08,0.12756825992500925,0.2706616998436939
1544156028,Srinuk,2019-06-13,0.14099083284297623,0.3064930272030543
1544156028,Srinuk,2019-06-18,0.17023295415453163,0.3646024049046528
1544156028,Srinuk,2019-06-23,0.24004110029662948,0.4138422091323209
1544156028,Srinuk,2019-06-28,0.23214417458119163,0.10739387349640749
1544156028,Srinuk,2019-07-03,0.2941096931336874,0.5565772243292935
1544156028,Srinuk,2019-07-08,0.3552372545362955,0.6343519974903888
1544156028,Srinuk,2019-07-13,0.4267117223107671,0.6954643112349223
1544156028,Srinuk,2019-07-18,0.4480001190340663,0.7268046424331436
1544156028,Srinuk,2019-07-23,0.46883423716188916,0.7212464148739735
1544156028,Srinuk,2019-07-28,0.49474780638533905,0.713934368038752
1544156028,Srinuk,2019-08-02,0.4874322924269251,0.6834616172744568
1544156028,Srinuk,2019-08-07,0.4406815927071744,0.5951214834868189
1544156028,Srinuk,2019-08-12,0.44215094935463134,0.6309820442314608
1544156028,Srinuk,2019-08-17,0.41578574424766634,0.6363938224602894
1544156028,Srinuk,2019-08-22,0.39689030255897934,0.5469580992876765
1544156028,Srinuk,2019-08-27,0.369175985455513,0.502237796065319
1544156028,Srinuk,2019-09-01,0.32700233735952033,0.4879044251269605
1544156028,Srinuk,2019-09-06,0.22268508123346123,0.31804365350539426
1544156028,Srinuk,2019-09-11,0.22036491819174894,0.30026382566934606
1544156028,Srinuk,2019-09-16,0.3323982178446758,0.22163794288434177
1544156028,Srinuk,2019-09-21,0.21107282516468,0.2727536429841834
1544156028,Srinuk,2019-09-26,0.17880135675869793,0.24214337173714695
1544156028,Srinuk,2019-10-01,0.19797778183437256,0.2576674339642008
1544156028,Srinuk,2019-10-06,0.20248745740896248,0.2592283226998456
1544156028,Srinuk,2019-10-11,0.13794849139739232,0.24175294551504664
1544156028,Srinuk,2019-10-16,0.19434056745236178,0.24176708797374405
1544156028,Srinuk,2019-10-21,0.1012762975261872,0.20985521088881665
1544156028,Srinuk,2019-10-26,0.21450411196214608,0.3439964111669954
1544156028,Srinuk,2019-10-31,0.2547412622405822,0.3795399069786072
1544156028,Srinuk,2019-11-05,0.23628254620784736,0.4046313197138798
1544156028,Srinuk,2019-11-10,0.10679670804774904,0.3487246949450079
1544156028,Srinuk,2019-11-15,0.28126922160027973,0.5073821693658829
1544156028,Srinuk,2019-11-20,0.4234957082802991,0.4837407444614962
1544156028,Srinuk,2019-11-25,0.4941172876271857,0.6162753220064094
1544156028,Srinuk,2019-11-30,0.5384238337177828,0.6338914912867258
1544156028,Srinuk,2019-12-05,0.4256853691066604,0.39735583260834934
1544156028,Srinuk,2019-12-10,0.28645577766450053,0.7180509872465248
1544156028,Srinuk,2019-12-15,0.5246565571750503,0.15872501267726163
1544156028,Srinuk,2019-12-20,0.6020511532404337,0.7154603561004961
1544156028,Srinuk,2019-12-25,0.5956828206418509,0.6620718226375351
1544156028,Srinuk,2019-12-30,0.545619498534375,0.5854374601180294
1544156028,Srinuk,2020-01-04,0.16678786053355918,-0.02069290583751288
1544156028,Srinuk,2020-01-09,0.33262601440929507,0.0735194315483053
1544156028,Srinuk,2020-01-14,0.5588242546262512,0.6175779007285475
1544156028,Srinuk,2020-01-19,0.460883069289736,0.6329972568046616
1544156028,Srinuk,2020-01-24,0.3962156117321497,0.09950332550040211
1544156028,Srinuk,2020-01-29,0.38962923062134935,0.49429222151457547
1544156028,Srinuk,2020-02-03,0.44675095971808376,0.31492468337696716
1544156028,Srinuk,2020-02-08,0.2397856676434896,0.46004410141921903
1544156028,Srinuk,2020-02-13,0.285393344350608,0.44008714499243773
1544156028,Srinuk,2020-02-18,0.29309730465153616,0.33949247253946513
1544156028,Srinuk,2020-02-23,0.2525664309421218,0.4151781973350479
1544156028,Srinuk,2020-02-28,-0.013858283858701408,0.1220527444348996
1544156028,Srinuk,2020-03-04,0.5245937731969788,0.09876523499029229
1544156028,Srinuk,2020-03-09,0.9755391672433141,0.04070322148232575
1544156028,Srinuk,2020-03-14,0.15652365928672882,0.2985922850399132
1544156028,Srinuk,2020-03-19,0.16211347816040717,0.26090047014764994
1544156028,Srinuk,2020-03-24,0.2071748314851738,0.2927086775202349
1544156028,Srinuk,2020-03-29,0.2587716456457793,0.2937081168933087
1544156028,Srinuk,2020-04-03,0.18364293047462601,0.3064627329628152
1544156028,Srinuk,2020-04-08,0.2066621448261192,0.25758712101413545
1544156028,Srinuk,2020-04-13,0.23685748264732132,0.47302442807030964
1544156028,Srinuk,2020-04-18,0.295494275459324,0.5060731344912426
1544156028,Srinuk,2020-04-23,0.3762969832463437,0.5842236876487732
1544156028,Srinuk,2020-04-28,0.3493975903614458,0.04611356969339302
1544156028,Srinuk,2020-05-03,0.5085879208811794,0.41045677697802163
1544156028,Srinuk,2020-05-08,0.5869912738541523,0.7769954886781164
1544156028,Srinuk,2020-05-13,0.5663296354104237,0.6603975734078741
1544156028,Srinuk,2020-05-18,0.5230735770191055,0.1199468166892787
1544156028,Srinuk,2020-05-23,0.5173582377203976,0.7782829073538263
1544156028,Srinuk,2020-05-28,0.4332435673259827,0.38100664586905975
1544156028,Srinuk,2020-06-02,0.41536723346595306,0.09347380096294794
1544156028,Srinuk,2020-06-07,0.41988861632634356,0.5438360675989863
1544156028,Srinuk,2020-06-12,0.340619066393519,0.5406392374670649
1544156028,Srinuk,2020-06-17,0.3957652054637311,0.5875490878719881
1544156028,Srinuk,2020-06-22,0.4571686132126544,0.17552100086068534
1544156028,Srinuk,2020-06-27,0.23044906682278737,0.3628334424581872
1544156028,Srinuk,2020-07-02,0.4142462205231549,0.07932473981966186
1544156028,Srinuk,2020-07-07,0.06021355717521475,-0.00563259215650979
1544156028,Srinuk,2020-07-12,0.20799331025904919,0.34022179227995586
1544156028,Srinuk,2020-07-17,0.21687192541648107,0.38670052139155836
1544156028,Srinuk,2020-07-22,0.22528339904474926,0.3900457211287625
1544156028,Srinuk,2020-07-27,0.22958395648074437,0.3975662657295365
1544156028,Srinuk,2020-08-01,0.12240960552211268,0.24381414648280086
1544156028,Srinuk,2020-08-06,0.1264852220304759,0.23698686781417894
1544156028,Srinuk,2020-08-11,0.19712553541344333,0.25525159990213003
1544156028,Srinuk,2020-08-16,0.46531274807022277,0.14151725581431962
1544156028,Srinuk,2020-08-21,0.1596141181078302,0.31346613725265826
1544156028,Srinuk,2020-08-26,0.14233537570360194,0.025747686574033583
1544156028,Srinuk,2020-08-31,0.23589449941393842,0.42242100080811834
1544156028,Srinuk,2020-09-05,0.32305249553847026,0.5514199428529625
1544156028,Srinuk,2020-09-10,0.21379892105034676,0.16740702643306052
1544156028,Srinuk,2020-09-15,0.5163806210081261,0.7104089611984161
1544156028,Srinuk,2020-09-20,0.5514977597687618,0.6854202596538038
1544156028,Srinuk,2020-09-25,0.49193969315075015,0.54677307569837
1544156028,Srinuk,2020-09-30,0.5145059709089348,0.2565259678536151
1544156028,Srinuk,2020-10-05,0.5067566135920674,0.04672816871519549
1544156028,Srinuk,2020-10-10,0.13973662514149784,-0.008846100684148765
1544156028,Srinuk,2020-10-15,0.16566651323473597,0.6826027366052191
1544156028,Srinuk,2020-10-20,0.5539855463318077,0.730574372303055
1544156028,Srinuk,2020-10-25,0.3310834548200469,0.1902229927749519
1544156028,Srinuk,2020-10-30,0.5229687550699854,0.660670117082366
1544156028,Srinuk,2020-11-04,0.22556976139186377,0.05910489670034633
1544156028,Srinuk,2020-11-09,0.416313292750393,0.37526892861687994
1544156028,Srinuk,2020-11-14,0.5486805124814251,0.2731088032744017
1544156028,Srinuk,2020-11-19,0.19823201997093406,0.2839473141245095
1544156028,Srinuk,2020-11-24,0.34707013418875543,0.13694925956338286
1544156028,Srinuk,2020-11-29,0.4648387080215546,0.06823995444609458
1544156028,Srinuk,2020-12-04,-0.8051073569131185,0.01597452386989292
1544156028,Srinuk,2020-12-09,0.43153073988765117,0.11590616862816983
1544156028,Srinuk,2020-12-14,0.16890440822904368,-0.011238108069288084
1544156028,Srinuk,2020-12-19,0.2648603088525404,0.2176368121641228
1544156028,Srinuk,2020-12-24,0.17892140401415077,0.28777676300112026
1544156028,Srinuk,2021-01-03,0.1512997885604939,0.27916258717157755
1544156028,Srinuk,2021-01-08,0.3347200411989028,0.19375840798918023
1544156028,Srinuk,2021-01-13,0.2537394699202963,0.3329468728548073
1544156028,Srinuk,2021-01-18,0.4095207284013909,0.20096687613481498
1544156028,Srinuk,2021-01-23,0.30864483764372674,0.18231707883168416
1544156028,Srinuk,2021-01-28,0.26120593542435083,0.21723563134311194
1544156028,Srinuk,2021-02-02,0.5767520371689854,0.3183046823524567
1544156028,Srinuk,2021-02-07,0.13742692584553398,0.056897529973143554
1544156028,Srinuk,2021-02-12,-0.10170292225946863,0.0014705374901441027
1544156028,Srinuk,2021-02-17,0.37421677396240005,0.08503543576562261
1544156028,Srinuk,2021-02-22,0.35455995887876995,0.22143353270478996
1544156028,Srinuk,2021-02-27,0.5040488713477032,0.736967244062079
1544156028,Srinuk,2021-03-04,0.5187152638492813,0.5309995283563453
1544156028,Srinuk,2021-03-09,-0.7968920153307627,0.024228367898388798
1544156028,Srinuk,2021-03-14,0.46707801036087865,0.43721773035555
1544156028,Srinuk,2021-03-19,0.3188301281756665,0.32632964669939984
1544156028,Srinuk,2021-03-24,0.27093519952641915,0.46073069127209215
1544156028,Srinuk,2021-03-29,0.2767214771494808,0.33517695981335927
1544156028,Srinuk,2021-04-03,0.3398809761527073,0.4423310261174857
1544156028,Srinuk,2021-04-08,0.22586940444377532,0.2651743692267372
1544156028,Srinuk,2021-04-13,0.3102110189845763,0.4453563848173762
1544156028,Srinuk,2021-04-18,0.3014578367751765,0.10107444150440664
1544156028,Srinuk,2021-04-23,0.26147203596241503,0.3740131167403187
1544156028,Srinuk,2021-04-28,0.269401596971305,0.3918167769190777
1544156028,Srinuk,2021-05-03,0.13916698825287532,0.34748747962785054
1544156028,Srinuk,2021-05-08,0.2989697635891926,0.09558907205081847
1544156028,Srinuk,2021-05-13,0.12169942466250386,0.3180595255759825
1544156028,Srinuk,2021-05-18,0.125574534916016,0.22310254471488747
1544156028,Srinuk,2021-05-23,0.28627692899072027,0.3007806123021137
1544156028,Srinuk,2021-05-28,0.4328654735203249,0.092257883534374
1544156028,Srinuk,2021-06-02,0.10516332622886782,0.07743785670027137
1544156028,Srinuk,2021-06-07,0.07060689676597894,-0.007888904472543713
1544156028,Srinuk,2021-06-12,0.1405066633491822,0.061933328332351406
1544156028,Srinuk,2021-06-17,0.4905770079917218,0.0480362820517586
1544156028,Srinuk,2021-06-22,0.40332659289061307,0.6940429067037192
1544156028,Srinuk,2021-06-27,0.4179078186132822,0.7455308081873928
1544156028,Srinuk,2021-07-02,0.5121115388640438,0.662618379276919
1544156028,Srinuk,2021-07-07,0.5521752137735666,0.8130019328680383
1544156028,Srinuk,2021-07-12,0.5556913192372724,0.7911813575101186
1544156028,Srinuk,2021-07-17,0.5191328819975796,0.7741249860769295
1544156028,Srinuk,2021-07-22,0.43991426961967744,0.2937439014035535
1544156028,Srinuk,2021-07-27,0.4725488988031824,0.7289347124386982
1544156028,Srinuk,2021-08-01,0.5470861742295414,0.6915646644241839
1544156028,Srinuk,2021-08-06,0.4883742409657283,0.7022823005555624
1544156028,Srinuk,2021-08-11,0.46185706645609387,0.6618555299488895
1544156028,Srinuk,2021-08-16,0.41070695167564486,0.6053407414849982
1544156028,Srinuk,2021-08-21,0.2930660700223532,0.4199379847710391
1544156028,Srinuk,2021-08-26,0.11771470451929483,0.3135541937796466
1544156028,Srinuk,2021-08-31,0.15555120214640375,0.26400220627526205
1544156028,Srinuk,2021-09-05,0.544873632580401,0.07945982339870498
1544156028,Srinuk,2021-09-10,0.14992299819567118,0.25572208342063857
1544156028,Srinuk,2021-09-15,0.19729766878018895,0.28719380641558084
1544156028,Srinuk,2021-09-20,0.25350792302065583,0.22664967421666685
1544156028,Srinuk,2021-09-25,0.09273938850376261,0.23601768273546034
1544156028,Srinuk,2021-09-30,0.21692993563700871,0.4024534121335271
1544156028,Srinuk,2021-10-05,0.3410758830337639,0.3861123332417155
1544156028,Srinuk,2021-10-10,0.3753933698297983,0.35834541450063867
1544156028,Srinuk,2021-10-15,0.4508156851831689,0.5157117933393961
1544156028,Srinuk,2021-10-20,0.6247238046433552,0.7053125170340021
1544156028,Srinuk,2021-10-25,0.3739217999110739,0.14851273569356965
1544156028,Srinuk,2021-10-30,0.42255431449556924,0.060187645076987255
1544156028,Srinuk,2021-11-04,0.4408898662371808,0.629317805709609
1544156028,Srinuk,2021-11-09,0.5605810893228255,0.7520520938448159
1544156028,Srinuk,2021-11-14,0.5025474120335407,0.11290859583630619
1544156028,Srinuk,2021-11-19,0.5213915946253811,0.6861735916281321
1544156028,Srinuk,2021-11-24,0.06816601668237653,0.005088355790905048
1544156028,Srinuk,2021-11-29,0.4548228031181427,0.4412072333226721
1544156028,Srinuk,2021-12-04,0.6645216805389128,0.020256615917097372
1544156028,Srinuk,2021-12-09,-0.24275178196335054,-0.009823187309771731
1544156028,Srinuk,2021-12-14,0.42561906504343794,0.5827786128923117
1544156028,Srinuk,2021-12-19,0.3923155622309949,0.16386265801378044
1544156028,Srinuk,2021-12-24,0.18687964374401483,0.32076173823281945
1544156028,Srinuk,2021-12-29,-0.16021035400679312,0.010883086108524039
1544156028,Srinuk,2022-01-03,0.3647200985845313,0.2511056526956788
1544156028,Srinuk,2022-01-08,0.1428556932383273,0.19876493459724517
1544156028,Srinuk,2022-01-13,0.2196258126340066,0.05537569255523204
1544156028,Srinuk,2022-01-18,-0.19742436396204924,0.01003667870178785
1544156028,Srinuk,2022-01-23,0.45731346614389534,0.06865694427705672
1544156028,Srinuk,2022-01-28,0.34244628843054714,0.1900337582611176
1544156028,Srinuk,2022-02-02,0.2046673002551837,0.17815551493900367
1544156028,Srinuk,2022-02-07,0.5938481006277613,0.040161801300135004
1544156028,Srinuk,2022-02-12,0.40648548789771205,0.19139101383197737
1544156028,Srinuk,2022-02-17,0.514492641910013,0.0670905007296298
1544156028,Srinuk,2022-02-22,0.39604904852717754,0.03292354539665113
1544156028,Srinuk,2022-02-27,0.17722034974988685,0.3530984393444406
1544156028,Srinuk,2022-03-04,0.550336491451206,0.27970090670039854
1544156028,Srinuk,2022-03-09,0.2843140821499997,0.2503016569528235
1544156028,Srinuk,2022-03-14,0.4396499919604106,0.3369391878326255
1544156028,Srinuk,2022-03-19,0.1762565372130239,0.05563997767910541
1544156028,Srinuk,2022-03-24,0.48608083861419954,0.1516191914498088
1544156028,Srinuk,2022-03-29,0.5056736034801207,0.11976002300360117
1544156028,Srinuk,2022-04-03,0.5870667198695332,0.7527558092611382
1544156028,Srinuk,2022-04-08,0.5987970940319889,0.7322433949953102
1544156028,Srinuk,2022-04-13,0.5071183312011053,0.7708123933119946
1544156028,Srinuk,2022-04-18,0.01310144884354738,0.037479310338553715
1544156028,Srinuk,2022-04-23,0.3655381814902087,0.5335459989237498
1544156028,Srinuk,2022-04-28,0.4762152864272336,0.604050005415836
1544156028,Srinuk,2022-05-03,0.4656390170735049,0.6840429492743618
1544156028,Srinuk,2022-05-08,0.5389368243246193,0.6828697172992201
1544156028,Srinuk,2022-05-13,0.37240534302699996,0.3729049617267517
1544156028,Srinuk,2022-05-18,0.4368914599160114,0.5847693818161287
1544156028,Srinuk,2022-05-23,-0.3518013255782874,0.03646389130188758
1544156028,Srinuk,2022-05-28,0.24377259423574768,0.40778512031917113
1544156028,Srinuk,2022-06-02,0.22508646808115831,0.36282428955457297
1544156028,Srinuk,2022-06-07,0.28048543937234993,0.30808610280594195
1544156028,Srinuk,2022-06-12,0.26093347173139275,0.3495254951069154
1544156028,Srinuk,2022-06-17,0.21692584338317433,0.25374280544648686
1544156028,Srinuk,2022-06-22,0.2655958360936268,0.4735932181398553
1544156028,Srinuk,2022-06-27,0.29327458331742917,0.26582994000111
1544156028,Srinuk,2022-07-02,0.3974291439875063,0.41068227858428497
1544156028,Srinuk,2022-07-07,0.30415446679276154,0.4843533631548824
1544156028,Srinuk,2022-07-12,0.25936079716467,0.4986536675188915
1544156028,Srinuk,2022-07-17,0.1865694407957146,0.10713229400206761
1544156028,Srinuk,2022-07-22,0.1667451812487365,0.2215875684289284
1544156028,Srinuk,2022-07-27,0.16121472804302192,0.29176635124597206
1544156028,Srinuk,2022-08-01,0.15372143219034357,0.2848375078784414
1544156028,Srinuk,2022-08-06,0.17965005679302906,0.3154227756951229
1544156028,Srinuk,2022-08-11,-0.12648039999037858,0.006616908088761258
1544156028,Srinuk,2022-08-16,0.28478375777422665,0.4034618598869048
1544156028,Srinuk,2022-08-21,0.33709596366767425,0.4409245209521558
1544156028,Srinuk,2022-08-26,0.36900503215301467,0.5769956611007093
1544156028,Srinuk,2022-08-31,0.5393640197903277,0.4765353479299201
1544156028,Srinuk,2022-09-05,0.5541157345455813,0.2808625633458057
1544156028,Srinuk,2022-09-10,0.5914985182055508,0.6310106821088906
1544156028,Srinuk,2022-09-15,0.4398523670991501,0.03282786851344877
1544156028,Srinuk,2022-09-20,0.4597284169082182,0.3767484717340355
1544156028,Srinuk,2022-09-25,0.13370990300416408,-0.01725393611410386
1544156028,Srinuk,2022-09-30,0.622923923903201,0.6777467120842762
1544156028,Srinuk,2022-10-05,0.6185945143182594,0.6951820688793459
1544156028,Srinuk,2022-10-10,0.5210562745131642,0.07054968238864319
1544156028,Srinuk,2022-10-15,0.4614670650068536,0.23519943528864756
1544156028,Srinuk,2022-10-20,0.2611801852303815,0.04098486547997917
1544156028,Srinuk,2022-10-25,0.49275474304176237,0.3799954968762685
1544156028,Srinuk,2022-10-30,0.4077575192394027,0.06372099257556789
1544156028,Srinuk,2022-11-04,0.41535377251096517,0.43759983311216516
1544156028,Srinuk,2022-11-09,0.4171605093112911,0.07597893016435296
1544156028,Srinuk,2022-11-14,0.30355643112975433,0.27572409503431206
1544156028,Srinuk,2022-11-19,0.25184359625879543,0.0635850185371307
1544156028,Srinuk,2022-11-24,0.28358032617224266,0.2525212468512087
1544156028,Srinuk,2022-11-29,0.21262441261346082,0.23749340280710932
1544156028,Srinuk,2022-12-04,0.2324649336108242,0.14978349172925376
1544156028,Srinuk,2022-12-09,0.15698007058845945,0.3016966675598937
1544156028,Srinuk,2022-12-14,0.17238977434764424,0.23888393464576768
1544156028,Srinuk,2022-12-19,0.26435053622327653,-0.039951858503452266
1544156028,Srinuk,2022-12-24,0.3653662660753871,0.22149094005665146
1544156028,Srinuk,2022-12-29,0.28031760741429157,0.10207751312528748
1544156028,Srinuk,2023-01-03,0.377811154687261,0.06929376182785954
1544156028,Srinuk,2023-01-08,0.30390599567488014,0.15740714608186698
1544156028,Srinuk,2023-01-13,0.3012303598673947,0.4605584780135787
1544156028,Srinuk,2023-01-18,0.2772850668933018,0.1608381840478943
1544156028,Srinuk,2023-01-23,0.39484280204198446,0.3026080591132842
1544156028,Srinuk,2023-01-28,0.2610516016741833,0.06454847142638931
1544156028,Srinuk,2023-02-02,0.34177528160164156,0.06263341265450041
1544156028,Srinuk,2023-02-07,0.24233493155025573,0.04256453122719225
1544156028,Srinuk,2023-02-12,0.5676785797239786,0.522955814757979
1544156028,Srinuk,2023-02-17,0.33885612940213766,0.17323403832424117
1544156028,Srinuk,2023-02-22,-0.15042096089167767,0.015761858210001277
1544156028,Srinuk,2023-02-27,0.49538634627698414,0.06848443124488175
1544156028,Srinuk,2023-03-04,0.5548674568354365,0.7855868648333721
1544156028,Srinuk,2023-03-09,0.5065729901733169,0.7332495027277843
1544156028,Srinuk,2023-03-14,0.5062168344675776,0.6477455313665321
1544156028,Srinuk,2023-03-19,0.4019939166953765,0.27207943384187766
1544156028,Srinuk,2023-03-24,0.4925395045653883,0.6112385162387985
1544156028,Srinuk,2023-03-29,0.4238570835216936,0.5114158442221493
1544156028,Srinuk,2023-04-03,0.3432192665984832,0.24118752005588578
1544156028,Srinuk,2023-04-08,-0.23669962737574635,-0.005486537247941077
1544156028,Srinuk,2023-04-13,0.2886974865413574,0.09488619451063225
1544156028,Srinuk,2023-04-18,0.28563783596079034,0.3849192592034857
1544156028,Srinuk,2023-04-23,0.313162874385535,0.40112657180751665
1544156028,Srinuk,2023-04-28,0.33081258474344233,0.3784971484936864
1544156028,Srinuk,2023-05-03,0.36588558985526304,0.49789783933076515
1544156028,Srinuk,2023-05-08,0.37606324345232495,0.3896311783646963
1544156028,Srinuk,2023-05-13,0.36565347608313503,0.5828267447201603
1544156028,Srinuk,2023-05-18,0.18347469780100398,0.33432595198412973
1544156028,Srinuk,2023-05-23,0.1914512654654233,0.34193717706275273
1544156028,Srinuk,2023-05-28,0.1791389447199293,0.33212776374386016
1544156028,Srinuk,2023-06-02,0.20069239333451513,0.33796407210539625
1544156028,Srinuk,2023-06-07,0.1957534969481359,0.23066879988434802
1544156028,Srinuk,2023-06-12,0.19487881373210125,0.3584818055471742
1544156028,Srinuk,2023-06-17,0.4155556396188506,0.37799291366554166
1544156028,Srinuk,2023-06-22,0.2781343702451292,0.5402647307120174
1544156028,Srinuk,2023-06-27,0.05343033481075103,0.04818991999456053
1544156028,Srinuk,2023-07-02,0.24122440841901732,-0.037128188265824175
1544156028,Srinuk,2023-07-07,0.3799031504306449,0.015343735280659902
1544156028,Srinuk,2023-07-12,0.5407568826732865,0.7967461031603525
1544156028,Srinuk,2023-07-17,0.5495908513485667,0.77593113356326
1544156028,Srinuk,2023-07-22,0.5626775735473059,0.7803350094571171
1544156028,Srinuk,2023-07-27,0.5568916765322168,0.7962170268397734
1544156028,Srinuk,2023-08-01,0.5452175617936146,0.7514802027179535
1544156028,Srinuk,2023-08-06,0.5285678250961993,0.766984792358904
1544156028,Srinuk,2023-08-11,0.5384433858365898,0.747318205704172
1544156028,Srinuk,2023-08-16,0.5081184712878193,0.7446143806698811
1544156028,Srinuk,2023-08-21,0.5050961123891624,0.6842532366155142
1544156028,Srinuk,2023-08-26,0.480055788733873,0.6403087285986866
1544156028,Srinuk,2023-08-31,0.4869008297661701,0.562253911452121
1544156028,Srinuk,2023-09-05,0.3647270796887846,0.514194877032774
1544156028,Srinuk,2023-09-10,0.24021345502640828,0.3095468853611544
1544156028,Srinuk,2023-09-15,0.2261789037161563,0.235489024993885
1544156028,Srinuk,2023-09-20,0.173157928937889,0.24620885572519646
1544156028,Srinuk,2023-09-25,0.18897905532854148,0.2559968848903495
1544156028,Srinuk,2023-09-30,0.20244640273502074,0.2791444454566542
1544156028,Srinuk,2023-10-05,0.08470368901469622,0.15866766596235424
1544156028,Srinuk,2023-10-10,0.11787933341146122,0.17598632060788033
1544156028,Srinuk,2023-10-15,0.12827657602996712,0.23073934557208095
1544156028,Srinuk,2023-10-20,0.14848302663808846,0.2438717601170023
1544156028,Srinuk,2023-10-25,0.20153081093926029,0.053311862612524664
1544156028,Srinuk,2023-10-30,0.17180721180693034,0.20628452010267606
1544156028,Srinuk,2023-11-04,0.3529372118323682,0.4532515964953296
1544156028,Srinuk,2023-11-09,0.41228606758347475,0.3013736481767103
1544156028,Srinuk,2023-11-14,0.2253672394856631,0.2616819281086146
1544156028,Srinuk,2023-11-19,0.21817842829994946,-0.0244091292997508
1544156028,Srinuk,2023-11-24,0.560759209724794,0.4793167134006339
1544156028,Srinuk,2023-11-29,0.5045228598706694,0.3489213609192745
1544156028,Srinuk,2023-12-04,0.4013764341193509,0.3611985080572496
1544156028,Srinuk,2023-12-09,0.121692776893187,0.015266284550657967
1544156028,Srinuk,2023-12-14,0.5836440303239477,0.7515512313469347
1544156028,Srinuk,2023-12-19,0.1703112535739699,0.4514256055349013
1544156028,Srinuk,2023-12-24,0.4953341049602233,0.6761337148855968
1544156028,Srinuk,2023-12-29,0.877133849155472,0.16499001074986286
1544156028,Srinuk,2024-01-03,0.6658346814563475,0.5508756910461977
1544156028,Srinuk,2024-01-08,0.4089388000857399,0.10593025700514574
1544156028,Srinuk,2024-01-13,0.41628836831414556,0.321424198258354
1544156028,Srinuk,2024-01-18,0.2184690899518599,0.013376471479928279
1544156028,Srinuk,2024-01-23,0.2030100321554276,0.06423433322504342
1544156028,Srinuk,2024-01-28,0.4252425626099828,0.5163474459964109
1544156028,Srinuk,2024-02-02,0.0779895065240113,0.07490931903517031
1544156028,Srinuk,2024-02-07,0.3295209221093051,0.20023124494466438
1544156028,Srinuk,2024-02-12,0.1877469860735428,0.3069550721760256
1544156028,Srinuk,2024-02-17,0.20063221270599998,0.3066787830138781
1544156028,Srinuk,2024-02-22,0.2565788475863905,0.33542409790567607
1544156028,Srinuk,2024-02-27,0.5185261822967644,0.18114318061305815
1544156028,Srinuk,2024-03-03,0.18176819159682975,-0.10352895112640886
1544156028,Srinuk,2024-03-08,0.1769919807472861,0.26602416440665005
1544156028,Srinuk,2024-03-13,0.37379066915397186,0.3563707628882075
1544156028,Srinuk,2024-03-18,0.3729870872325208,0.31235827308103264
1544156028,Srinuk,2024-03-23,0.20679081087730017,0.4506019808082695
1544156028,Srinuk,2024-03-28,0.06747793149573347,0.0026185459019728453
1544156028,Srinuk,2024-04-02,0.2811999356890299,0.548046749399369
1544156028,Srinuk,2024-04-07,0.3377602951354291,0.29487940381808453
1544156028,Srinuk,2024-04-12,0.05263971285445683,-0.011069540026967964
1544156028,Srinuk,2024-04-17,0.39374963705798227,0.6459942811942962
1544156028,Srinuk,2024-04-22,0.49745357350771685,0.13926045443997326
1544156028,Srinuk,2024-04-27,0.3386283046509846,0.22066763348608132
1544156028,Srinuk,2024-05-02,0.41076652400464897,0.5594096345355711
1544156028,Srinuk,2024-05-07,0.42521750119077156,0.732697589210717
1544156028,Srinuk,2024-05-12,0.43104636417814046,0.719308815806745
1544156028,Srinuk,2024-05-17,0.43713610825768434,0.6892604537038918
1544156028,Srinuk,2024-05-22,0.42817197147622166,0.6722304174698979
1544156028,Srinuk,2024-05-27,0.4233380782316966,0.628530333200133
1544156028,Srinuk,2024-06-01,0.3764832193952009,0.5607594750731825
1544156028,Srinuk,2024-06-06,0.32538554323724955,0.5258705109716898
1544156028,Srinuk,2024-06-11,0.2821433623153043,0.4520570212099926
1544156028,Srinuk,2024-06-16,0.2895516173308154,0.422314918543919
1544156028,Srinuk,2024-06-21,0.2589737839368452,0.4603769933602896
1544156028,Srinuk,2024-06-26,0.20990675454398236,0.371596281607467
1544156028,Srinuk,2024-07-01,0.17840606099869832,0.2963728339198124
1544156028,Srinuk,2024-07-06,0.16104505067489233,0.3097356333430991
1544156028,Srinuk,2024-07-11,0.14328452774200096,0.2940062957714839
1544156028,Srinuk,2024-07-16,0.10610295008553798,0.22357812461005636
1544156028,Srinuk,2024-07-21,0.11514985520976136,0.25465099136513397
1544156028,Srinuk,2024-07-26,0.15816340146653624,0.3227072494575776
1544156028,Srinuk,2024-07-31,0.16145522991217762,0.36212322474962255
1544156028,Srinuk,2024-08-05,0.21051835439291344,0.4142629073326846
1544156028,Srinuk,2024-08-10,0.23933929169034385,0.4708616855632828
1544156028,Srinuk,2024-08-15,0.32889166994985325,0.5812246925141438
1544156028,Srinuk,2024-08-20,0.36628557418484287,0.6341699534151928
1544156028,Srinuk,2024-08-25,0.44512658341821415,0.6901263178112995
1544156028,Srinuk,2024-08-30,0.45383604588996934,0.7158037122473659
1544156028,Srinuk,2024-09-04,0.5121363882558891,0.7229813649711838
1544156028,Srinuk,2024-09-09,0.4918066606105092,0.742926893823118
1544156028,Srinuk,2024-09-14,0.4946863599211337,0.681807107595076
1544156028,Srinuk,2024-09-19,0.45486357431095764,0.6749351275972573
1544156028,Srinuk,2024-09-24,0.8416085437119726,0.31835567358746586
1544156028,Srinuk,2024-09-29,0.43606339790016774,0.6651440837297095
1544156028,Srinuk,2024-10-04,0.4508494539074151,0.6862043677324272
1544156028,Srinuk,2024-10-09,0.4852503873856671,0.6213146559445255
1544156028,Srinuk,2024-10-14,0.38164017286645363,0.4732412344001862
1544156028,Srinuk,2024-10-19,0.3747855862939214,0.394036172025175
1544156028,Srinuk,2024-10-24,0.3457776573767145,0.43638477160269956
1544156028,Srinuk,2024-10-29,0.26527970975422,0.3455680545913168
1544156028,Srinuk,2024-11-03,0.2862352648054261,0.33271696840424136
1544156028,Srinuk,2024-11-08,0.08449115756764469,0.24258753405996117
1544156028,Srinuk,2024-11-13,0.36294905015503065,0.3603343895400863
1544156028,Srinuk,2024-11-18,0.5226491581962769,0.2556591355297939
1544156028,Srinuk,2024-11-23,0.6297380155827625,0.17201099625552993
1544156028,Srinuk,2024-11-28,0.1729120241410761,-0.006130183536379811
1544156028,Srinuk,2024-12-08,0.25168916995984963,0.2984985000038721
1544156028,Srinuk,2024-12-13,0.38209247553204917,0.17798012925917844
1544156028,Srinuk,2024-12-18,0.3365670543119132,0.2707661530339574
1544156028,Srinuk,2024-12-23,0.4320105115871832,0.12684875188103642
1544156028,Srinuk,2024-12-28,0.33143979508474647,0.46048597650355605
1544156028,Srinuk,2025-01-02,0.11965038613921189,-0.03310095442526312
1544156028,Srinuk,2025-01-07,0.48976605161126835,0.6872254904494228
1544156028,Srinuk,2025-01-12,0.47950040504156827,0.3920477011117591
1544156028,Srinuk,2025-01-17,0.33155976343585786,0.33507904212876977
1544156028,Srinuk,2025-01-22,0.47278088762099485,0.2855501918189497
1544156028,Srinuk,2025-01-27,0.25804888304457607,0.10190546099680016
1544156028,Srinuk,2025-02-01,0.3150543311992324,0.09422249975333731
1544156028,Srinuk,2025-02-06,0.37326957967626045,0.7133907169462687
1544156028,Srinuk,2025-02-11,0.5128825712634857,0.5727372449564646
1544156028,Srinuk,2025-02-16,0.22298587469877787,-0.02888318940685748
1544156028,Srinuk,2025-02-21,0.35672943922410527,0.34923094941909055
1544156028,Srinuk,2025-02-26,-0.2243185669004199,0.05687805424522923
1544156028,Srinuk,2025-03-03,0.16024858199329262,-0.05153157611388758
1544156028,Srinuk,2025-03-08,0.26274014776292065,-0.024945769623112696
1544156028,Srinuk,2025-03-13,0.3409820346229048,0.5402499918478081
1544156028,Srinuk,2025-03-18,0.36586394690605534,0.2810789852975363
1544156028,Srinuk,2025-03-23,0.3262632995484823,0.3879709315587239
1544156028,Srinuk,2025-03-28,0.3678127126880439,0.11898815200989504
1544156028,Srinuk,2025-04-02,0.35641434609171857,0.2749195183257023
1544156028,Srinuk,2025-04-07,0.18319257698863387,0.346615697246
1544156028,Srinuk,2025-04-09,0.15686881892293333,0.2980174382767045
1544156028,Srinuk,2025-04-12,0.15661587166678476,0.32051903942981397
1544156028,Srinuk,2025-04-17,-0.010252748798377004,0.003104094863681302
1544156028,Srinuk,2025-04-22,0.2040521978254778,0.2899875989161342
1544156028,Srinuk,2025-04-27,0.1945050064339695,0.3297391659524067
1544156028,Srinuk,2025-04-29,0.18122230703572192,0.31256562273904503
1544156028,Srinuk,2025-05-02,0.22349907058369683,-0.031056482625384647
1544156028,Srinuk,2025-05-07,0.1624415636242154,0.31557306808879576
1544156028,Srinuk,2025-05-12,0.20062904015003916,0.3340545486972993
1544156028,Srinuk,2025-05-17,0.21143063432144293,0.028777206444226384
1544156028,Srinuk,2025-05-19,0.20966926378658018,0.3753390773592225
1544156028,Srinuk,2025-05-22,0.7659037411212921,0.05251912507845695
1544156028,Srinuk,2025-05-27,0.9982931305126972,0.08857173607291946
1544156028,Srinuk,2025-06-01,0.5533324902013214,0.27809918929923727
1544156028,Srinuk,2025-06-06,0.31170291067605993,0.6196861712329359
1544156028,Srinuk,2025-06-08,0.18009944744856962,0.15398066853318948
1544156028,Srinuk,2025-06-11,0.4281506089560957,0.5824669121977795
1544156028,Srinuk,2025-06-16,0.7649341046092022,0.09526823685470834
1544156028,Srinuk,2025-06-21,0.4483769869948008,0.7096736707601202
1544156028,Srinuk,2025-06-26,0.4430738039404513,0.7262223488595112
1544156028,Srinuk,2025-06-28,-0.029605736596936202,0.0033434049411486073
1544156028,Srinuk,2025-07-01,0.3606210112212652,0.671349395829511
1544156028,Srinuk,2025-07-06,0.785880982875824,0.2880460643265621
1544156028,Srinuk,2025-07-11,0.4463523599397705,0.6934646346482886
1544156028,Srinuk,2025-07-16,0.4452858037618269,0.5562577987291727
1544156028,Srinuk,2025-07-18,0.4438640390893063,0.6539218853037041
1544156028,Srinuk,2025-07-21,0.4320846131767135,0.6651247380727745
1544156028,Srinuk,2025-07-26,0.40373988988169707,0.5977449496108366
1544156028,Srinuk,2025-07-31,0.38272130238004476,0.5617107598178358
1544156028,Srinuk,2025-08-05,0.4059779569506645,0.046028584847787775
1544156028,Srinuk,2025-08-07,0.3074920768120203,0.28994498895593435
1544156028,Srinuk,2025-08-10,0.25101315714867717,0.3758367355688509
1544156028,Srinuk,2025-08-15,0.2915720618273838,0.3714436438069286
1544156028,Srinuk,2025-08-20,0.13883673148341927,0.44383758342409707
1544156028,Srinuk,2025-08-25,0.9983157702239163,0.08507854231150754
1544156028,Srinuk,2025-08-27,0.12127405346135597,0.2372423231332417
1544156028,Srinuk,2025-08-30,-0.1721808461708028,0.013840380471539179
1544156028,Srinuk,2025-09-04,0.14784148288329682,0.27181223286203593
1544156028,Srinuk,2025-09-09,0.10093595066138666,0.18860780199462301
1544156028,Srinuk,2025-09-14,0.16636290903910098,0.2960157494947135
1544156028,Srinuk,2025-09-16,0.20005955089287586,0.18034878256450215
1544156028,Srinuk,2025-09-19,0.08210804924636754,0.15738185554257517
1544156028,Srinuk,2025-09-24,0.13643122567649346,0.2561203948704593
1544156028,Srinuk,2025-09-29,0.1620226874947548,0.22021205283432121
1544156028,Srinuk,2025-10-04,0.32015141916562273,0.16757762198706708
1544156028,Srinuk,2025-10-09,0.2188056374350226,0.41516089636877357
1544156028,Srinuk,2025-10-14,0.24380130796547395,0.4670063914304756
1544156028,Srinuk,2025-10-16,0.24386503197342516,0.5037835010563034
1544156028,Srinuk,2025-10-19,0.3351078051400472,0.43714701159890873
1544156028,Srinuk,2025-10-24,0.36766597197716494,0.39073636014777496
1544156028,Srinuk,2025-10-29,0.4612968204969383,0.34401097355118715
1544156028,Srinuk,2025-11-03,0.17432495404079737,-0.07095543708068779
1544156028,Srinuk,2025-11-05,0.5582773742905582,0.6358934942498264
1544156028,Srinuk,2025-11-08,-0.22461181232447636,0.002059164502958105
1544156028,Srinuk,2025-11-13,0.5669283055397402,0.1444957914302148
1544156028,Srinuk,2025-11-18,0.4418089601648859,0.42750881307096367
1544156028,Srinuk,2025-11-23,0.6926643507308271,0.4166014478149184
1544156028,Srinuk,2025-11-25,0.522247070648584,0.5975417498364506
1544156028,Srinuk,2025-11-28,0.3640701806688883,0.2565296666629343
1544156028,Srinuk,2025-12-03,0.3757168585995594,0.04261363876691784
1544156028,Srinuk,2025-12-08,0.5578471318066839,0.7022254348519337
1544156028,Srinuk,2025-12-13,0.42295166562838726,0.3166442703769868
1544156028,Srinuk,2025-12-18,0.28189471633319396,0.0810642848801182
1544156028,Srinuk,2025-12-23,0.48054136748773507,0.6023555369262236
1544156028,Srinuk,2025-12-28,0.348844358360911,0.43559286357408544
1544156028,Srinuk,2026-01-02,0.40856377223888074,0.3863363976938179
1544156028,Srinuk,2026-01-04,0.32091915122715825,0.21333372557019614
1544156028,Srinuk,2026-01-07,0.3184806647070919,0.22826223111296273
1544156028,Srinuk,2026-01-12,0.27368905045181874,0.271315055080207
1544156028,Srinuk,2026-01-17,0.25407044661332323,0.27219823200300514
1544156028,Srinuk,2026-01-22,0.2917677480054189,0.07765990361032715
1544156028,Srinuk,2026-01-27,0.6010075764483717,0.246502531221114
1544156028,Srinuk,2026-02-01,0.3078323475208627,0.19217236932501736
1544156028,Srinuk,2026-02-06,0.14789684481514864,0.24471762177186557
1544156028,Srinuk,2026-02-11,0.23338451962469212,0.1208773443183626
1544156028,Srinuk,2026-02-16,0.21937335058149085,0.04651054623256247
1544156028,Srinuk,2026-02-21,0.266796270228294,0.3255097945052457
1544156028,Srinuk,2026-02-26,0.27947601963238544,0.30903786779886266
1544156028,Srinuk,2026-03-03,0.23964874895222216,0.39521532353148403
1544156028,Srinuk,2026-03-08,0.4451075562511582,0.12531348228095526
1544156028,Srinuk,2026-03-13,0.2902758406946458,0.5130529453955501
1544156028,Srinuk,2026-03-15,0.1308981472828302,0.39507017904017344
1544156028,Srinuk,2026-03-18,0.2581139854997037,0.513153713151633
1544156028,Srinuk,2026-03-23,0.3426322888538062,0.5985866526523268
1544156028,Srinuk,2026-03-28,0.1354739888604865,0.44891545643289404
1544156028,Srinuk,2026-04-02,0.5000410365412035,0.1416409605418343
1544156028,Srinuk,2026-04-04,0.627642273543829,0.3058124229491475
1544156028,Srinuk,2026-04-07,0.44556291868169623,0.7092185821159777
1544156028,Srinuk,2026-04-12,0.43917354977274514,0.7604892752974867
1544156028,Srinuk,2026-04-17,0.501596967139876,0.6924088220280337
1544156028,Srinuk,2026-04-22,0.1804438570895827,0.0737285990133343
1544156028,Srinuk,2026-04-24,0.4614328142390194,0.7214466685272125
1544156028,Srinuk,2026-04-27,0.3471126306846917,0.545281992260232
1544156028,Srinuk,2026-05-02,0.12352541816162776,0.6318274736404419
1544156028,Srinuk,2026-05-07,0.4264298463801304,0.6616847267351955
1544156028,Srinuk,2026-05-12,0.38517185578863306,0.5678147117057478
1544156028,Srinuk,2026-05-14,0.34950522916862764,0.546805816960622
1544156028,Srinuk,2026-05-17,0.433726851660085,0.5618449431585978
1544156028,Srinuk,2026-05-22,-0.0028864279142524823,-0.007262043246763747
1544156028,Srinuk,2026-05-27,0.2887469370322055,0.44150767484343195
1544156028,Srinuk,2026-06-01,0.23830874731023627,0.4142908805824188
1544156028,Srinuk,2026-06-03,0.24945716685559377,0.4280015176319214
1544156028,Srinuk,2026-06-06,0.26974564867026835,0.10688673072012074
1544156028,Srinuk,2026-06-11,0.2730309932705868,0.4610162309135299
1544156028,Srinuk,2026-06-16,0.3412341836346201,0.4236205220222473
1544156028,Srinuk,2026-06-21,0.2978836612170001,0.4725536542484559
1544156028,Srinuk,2026-06-23,0.20094790366893434,-0.009177317329141009
1544156028,Srinuk,2026-06-26,0.3061084679092269,0.5082543068621532
1544156028,Srinuk,2026-07-01,0.2848859007459089,0.5079763178006712
1544156028,Srinuk,2026-07-06,0.18051774916519603,0.3437397271753794
1544156028,Srinuk,2026-07-11,0.13085249946059951,0.2643717951085194
1544156028,Srinuk,2026-07-13,0.11357106167980167,0.2310930647135499
1544156028,Srinuk,2026-07-16,0.12993834939706755,0.23755153232669257
1544156028,Srinuk,2026-07-21,0.1373387789690351,0.27479258682354385
1544156028,Srinuk,2026-07-26,0.12737809040819306,0.2492046827472836
1544156028,Srinuk,2026-07-31,0.16047930533447896,0.3027034925229578
1544156028,Srinuk,2026-08-02,0.18888144150196787,0.3868069113737129
1544156028,Srinuk,2026-08-05,0.22664800160620585,0.4512632002672517
1544156028,Srinuk,2026-08-10,0.2110448460801538,0.430513939045998
1544156028,Srinuk,2026-08-15,0.25192573181836003,0.4930849157902132
1544156028,Srinuk,2026-08-20,0.04653663736633418,-0.008908142947682308
1544156028,Srinuk,2026-08-25,0.39936437430870103,0.6681950248508568
1544156028,Srinuk,2026-08-30,0.4059379502951381,0.6370253778365721
1544156028,Srinuk,2026-09-04,0.48979926647910155,0.6507522499704935
