{
"type": "FeatureCollection",
"name": "unified_ground_truth_all",
"crs": { "type": "name", "properties": { "name": "urn:ogc:def:crs:OGC:1.3:CRS84" } },
"features": [
{ "type": "Feature", "properties": { "varietas": "Inpari 32", "kelas_sawah": "sawah", "usia_fase": "3 bulan", "lokasi": "Klaten", "source_file": "01_32_KecTulung_3 Bulan.geojson" }, "geometry": { "type": "Polygon", "coordinates": [ [ [ 110.628611667, -7.590603333 ], [ 110.62867, -7.590623333 ], [ 110.628673333, -7.590626667 ], [ 110.628675, -7.590628333 ], [ 110.628678333, -7.59063 ], [ 110.628685, -7.590635 ], [ 110.628688333, -7.590638333 ], [ 110.628693333, -7.59064 ], [ 110.628695, -7.59064 ], [ 110.6287, -7.59064 ], [ 110.628705, -7.590641667 ], [ 110.628708333, -7.590643333 ], [ 110.62871, -7.590645 ], [ 110.628711667, -7.590648333 ], [ 110.628715, -7.59065 ], [ 110.628718333, -7.590651667 ], [ 110.628721667, -7.590651667 ], [ 110.628726667, -7.590653333 ], [ 110.62873, -7.590656667 ], [ 110.628733333, -7.590656667 ], [ 110.62874, -7.590658333 ], [ 110.628743333, -7.59066 ], [ 110.628748333, -7.590658333 ], [ 110.628753333, -7.590656667 ], [ 110.628756667, -7.590656667 ], [ 110.628761667, -7.590658333 ], [ 110.628763333, -7.59066 ], [ 110.628768333, -7.590663333 ], [ 110.628768333, -7.590668333 ], [ 110.62877, -7.590671667 ], [ 110.62877, -7.590678333 ], [ 110.628771667, -7.590683333 ], [ 110.628771667, -7.590688333 ], [ 110.62877, -7.590693333 ], [ 110.62877, -7.590695 ], [ 110.628773333, -7.590736667 ], [ 110.628771667, -7.590741667 ], [ 110.62877, -7.590746667 ], [ 110.62877, -7.59075 ], [ 110.628768333, -7.590753333 ], [ 110.62877, -7.59076 ], [ 110.62877, -7.590763333 ], [ 110.62877, -7.590768333 ], [ 110.628768333, -7.590773333 ], [ 110.628766667, -7.590781667 ], [ 110.628765, -7.590788333 ], [ 110.628763333, -7.590791667 ], [ 110.628761667, -7.590796667 ], [ 110.628761667, -7.590801667 ], [ 110.628763333, -7.590808333 ], [ 110.628761667, -7.590815 ], [ 110.62876, -7.590818333 ], [ 110.628756667, -7.59082 ], [ 110.628755, -7.590821667 ], [ 110.628751667, -7.590823333 ], [ 110.62875, -7.590825 ], [ 110.628748333, -7.590826667 ], [ 110.628746667, -7.59083 ], [ 110.628743333, -7.590833333 ], [ 110.628743333, -7.590838333 ], [ 110.628741667, -7.590843333 ], [ 110.628741667, -7.590848333 ], [ 110.62874, -7.590853333 ], [ 110.62874, -7.590855 ], [ 110.628738333, -7.590858333 ], [ 110.628738333, -7.590861667 ], [ 110.628736667, -7.590865 ], [ 110.628735, -7.590868333 ], [ 110.628735, -7.590871667 ], [ 110.628733333, -7.590875 ], [ 110.628733333, -7.59088 ], [ 110.62873, -7.590885 ], [ 110.628728333, -7.59089 ], [ 110.628726667, -7.590896667 ], [ 110.628723333, -7.590903333 ], [ 110.628721667, -7.59091 ], [ 110.628718333, -7.590916667 ], [ 110.628716667, -7.590921667 ], [ 110.628711667, -7.590926667 ], [ 110.628711667, -7.590928333 ], [ 110.628711667, -7.590933333 ], [ 110.628713333, -7.590938333 ], [ 110.628711667, -7.590941667 ], [ 110.62871, -7.590946667 ], [ 110.628708333, -7.590951667 ], [ 110.628708333, -7.590955 ], [ 110.628706667, -7.59096 ], [ 110.628706667, -7.590965 ], [ 110.628705, -7.590971667 ], [ 110.628703333, -7.590978333 ], [ 110.628703333, -7.590986667 ], [ 110.628701667, -7.59099 ], [ 110.628701667, -7.590996667 ], [ 110.628701667, -7.591001667 ], [ 110.628701667, -7.591005 ], [ 110.628701667, -7.591011667 ], [ 110.628698333, -7.591015 ], [ 110.628695, -7.591018333 ], [ 110.628693333, -7.591025 ], [ 110.628695, -7.59103 ], [ 110.628696667, -7.591033333 ], [ 110.628695, -7.591036667 ], [ 110.628695, -7.591041667 ], [ 110.628693333, -7.591046667 ], [ 110.628693333, -7.591051667 ], [ 110.628691667, -7.591056667 ], [ 110.62869, -7.591061667 ], [ 110.628688333, -7.591065 ], [ 110.628686667, -7.591071667 ], [ 110.628685, -7.591075 ], [ 110.628686667, -7.59108 ], [ 110.628686667, -7.591083333 ], [ 110.628683333, -7.591086667 ], [ 110.628681667, -7.591091667 ], [ 110.62868, -7.591096667 ], [ 110.628678333, -7.591101667 ], [ 110.628676667, -7.591106667 ], [ 110.628675, -7.591113333 ], [ 110.628673333, -7.59112 ], [ 110.628675, -7.591125 ], [ 110.628675, -7.591131667 ], [ 110.628671667, -7.591136667 ], [ 110.62867, -7.59114 ], [ 110.628666667, -7.591145 ], [ 110.628663333, -7.591151667 ], [ 110.628663333, -7.591155 ], [ 110.628663333, -7.591158333 ], [ 110.628663333, -7.591163333 ], [ 110.628661667, -7.591168333 ], [ 110.62866, -7.591173333 ], [ 110.62866, -7.591176667 ], [ 110.62866, -7.591181667 ], [ 110.628658333, -7.591185 ], [ 110.628656667, -7.59119 ], [ 110.628658333, -7.591193333 ], [ 110.628656667, -7.5912 ], [ 110.628655, -7.591206667 ], [ 110.628656667, -7.59121 ], [ 110.628655, -7.591216667 ], [ 110.628655, -7.591218333 ], [ 110.62865, -7.591223333 ], [ 110.628646667, -7.59123 ], [ 110.628643333, -7.591236667 ], [ 110.628643333, -7.59124 ], [ 110.628638333, -7.591246667 ], [ 110.628635, -7.591253333 ], [ 110.628633333, -7.591261667 ], [ 110.628635, -7.591268333 ], [ 110.628633333, -7.591275 ], [ 110.628631667, -7.59128 ], [ 110.628633333, -7.591286667 ], [ 110.62863, -7.591291667 ], [ 110.628628333, -7.591296667 ], [ 110.628623333, -7.591305 ], [ 110.628621667, -7.591311667 ], [ 110.62862, -7.591316667 ], [ 110.628618333, -7.591323333 ], [ 110.628616667, -7.59133 ], [ 110.628616667, -7.591336667 ], [ 110.628616667, -7.591343333 ], [ 110.628616667, -7.59135 ], [ 110.628616667, -7.591353333 ], [ 110.628615, -7.591358333 ], [ 110.628615, -7.591363333 ], [ 110.628611667, -7.59137 ], [ 110.628608333, -7.591375 ], [ 110.628606667, -7.591378333 ], [ 110.628606667, -7.591381667 ], [ 110.628605, -7.591385 ], [ 110.628603333, -7.59139 ], [ 110.628601667, -7.591393333 ], [ 110.628601667, -7.591398333 ], [ 110.6286, -7.5914 ], [ 110.6286, -7.591405 ], [ 110.628598333, -7.591411667 ], [ 110.628595, -7.591416667 ], [ 110.628595, -7.591421667 ], [ 110.628593333, -7.591425 ], [ 110.628593333, -7.59143 ], [ 110.628593333, -7.591433333 ], [ 110.628593333, -7.591436667 ], [ 110.628591667, -7.591441667 ], [ 110.628591667, -7.591446667 ], [ 110.62859, -7.591451667 ], [ 110.628588333, -7.59146 ], [ 110.628586667, -7.591466667 ], [ 110.628583333, -7.591471667 ], [ 110.628581667, -7.591476667 ], [ 110.628581667, -7.591481667 ], [ 110.628578333, -7.591485 ], [ 110.628576667, -7.591488333 ], [ 110.628576667, -7.591495 ], [ 110.628573333, -7.591501667 ], [ 110.628571667, -7.59151 ], [ 110.628566667, -7.591515 ], [ 110.628563333, -7.591518333 ], [ 110.628561667, -7.591525 ], [ 110.62856, -7.59153 ], [ 110.628556667, -7.591535 ], [ 110.628556667, -7.591538333 ], [ 110.628555, -7.591541667 ], [ 110.628553333, -7.591545 ], [ 110.628553333, -7.591546667 ], [ 110.62855, -7.591551667 ], [ 110.628548333, -7.591556667 ], [ 110.628545, -7.591561667 ], [ 110.628545, -7.591566667 ], [ 110.628545, -7.591571667 ], [ 110.628545, -7.591578333 ], [ 110.628543333, -7.591583333 ], [ 110.628541667, -7.591588333 ], [ 110.62854, -7.591595 ], [ 110.628538333, -7.591603333 ], [ 110.628536667, -7.591608333 ], [ 110.628533333, -7.591613333 ], [ 110.628533333, -7.591616667 ], [ 110.628533333, -7.59162 ], [ 110.628533333, -7.591628333 ], [ 110.628531667, -7.591633333 ], [ 110.628531667, -7.591641667 ], [ 110.628531667, -7.591646667 ], [ 110.628531667, -7.591653333 ], [ 110.628531667, -7.591658333 ], [ 110.62853, -7.591663333 ], [ 110.62853, -7.59167 ], [ 110.62853, -7.591675 ], [ 110.62853, -7.591678333 ], [ 110.628528333, -7.591681667 ], [ 110.628526667, -7.591686667 ], [ 110.628523333, -7.591693333 ], [ 110.628523333, -7.591701667 ], [ 110.628521667, -7.591706667 ], [ 110.628521667, -7.591711667 ], [ 110.62852, -7.591716667 ], [ 110.628518333, -7.591721667 ], [ 110.628518333, -7.591726667 ], [ 110.628518333, -7.591733333 ], [ 110.628516667, -7.59174 ], [ 110.628515, -7.591743333 ], [ 110.628515, -7.591746667 ], [ 110.628515, -7.59175 ], [ 110.628513333, -7.591756667 ], [ 110.628513333, -7.591765 ], [ 110.628511667, -7.59177 ], [ 110.628511667, -7.591778333 ], [ 110.628508333, -7.591781667 ], [ 110.628506667, -7.591785 ], [ 110.628505, -7.591791667 ], [ 110.628503333, -7.591795 ], [ 110.628501667, -7.591801667 ], [ 110.6285, -7.591808333 ], [ 110.6285, -7.591811667 ], [ 110.6285, -7.591816667 ], [ 110.628498333, -7.59182 ], [ 110.628498333, -7.591826667 ], [ 110.628496667, -7.591831667 ], [ 110.628493333, -7.591841667 ], [ 110.628493333, -7.591848333 ], [ 110.628493333, -7.591855 ], [ 110.628493333, -7.59186 ], [ 110.628493333, -7.591866667 ], [ 110.628493333, -7.591871667 ], [ 110.628491667, -7.59188 ], [ 110.628488333, -7.591888333 ], [ 110.628488333, -7.591893333 ], [ 110.628486667, -7.591898333 ], [ 110.628486667, -7.591903333 ], [ 110.628485, -7.591908333 ], [ 110.62848, -7.591915 ], [ 110.62848, -7.59192 ], [ 110.62848, -7.591923333 ], [ 110.628478333, -7.591931667 ], [ 110.628478333, -7.591938333 ], [ 110.628478333, -7.591941667 ], [ 110.628476667, -7.591945 ], [ 110.628476667, -7.591946667 ], [ 110.628475, -7.591946667 ], [ 110.628475, -7.59195 ], [ 110.628473333, -7.591951667 ], [ 110.628471667, -7.591951667 ], [ 110.62847, -7.591956667 ], [ 110.628468333, -7.591971667 ], [ 110.628468333, -7.591975 ], [ 110.628466667, -7.59198 ], [ 110.628465, -7.591985 ], [ 110.628466667, -7.591988333 ], [ 110.628466667, -7.591991667 ], [ 110.628468333, -7.591995 ], [ 110.628455, -7.592005 ], [ 110.628455, -7.592006667 ], [ 110.628453333, -7.592008333 ], [ 110.62845, -7.592011667 ], [ 110.628445, -7.592013333 ], [ 110.628443333, -7.592011667 ], [ 110.628355, -7.591983333 ], [ 110.628355, -7.591985 ], [ 110.62835, -7.591981667 ], [ 110.628348333, -7.591978333 ], [ 110.628303333, -7.59193 ], [ 110.628305, -7.591925 ], [ 110.628305, -7.591921667 ], [ 110.628303333, -7.591918333 ], [ 110.628303333, -7.591913333 ], [ 110.628303333, -7.59191 ], [ 110.628305, -7.591905 ], [ 110.628308333, -7.5919 ], [ 110.628311667, -7.591896667 ], [ 110.62831, -7.591891667 ], [ 110.628311667, -7.591886667 ], [ 110.628311667, -7.591885 ], [ 110.628313333, -7.59188 ], [ 110.628313333, -7.591875 ], [ 110.628313333, -7.59187 ], [ 110.628313333, -7.591865 ], [ 110.628315, -7.59186 ], [ 110.628316667, -7.591855 ], [ 110.628318333, -7.591851667 ], [ 110.62832, -7.591845 ], [ 110.628321667, -7.59184 ], [ 110.628323333, -7.591835 ], [ 110.628323333, -7.591831667 ], [ 110.628325, -7.591828333 ], [ 110.628325, -7.591823333 ], [ 110.628325, -7.591818333 ], [ 110.628326667, -7.591813333 ], [ 110.628326667, -7.591808333 ], [ 110.628328333, -7.591803333 ], [ 110.62833, -7.591796667 ], [ 110.628331667, -7.59179 ], [ 110.628333333, -7.591783333 ], [ 110.628335, -7.591776667 ], [ 110.628335, -7.59177 ], [ 110.628336667, -7.591765 ], [ 110.628338333, -7.591758333 ], [ 110.62834, -7.591751667 ], [ 110.62834, -7.591746667 ], [ 110.628341667, -7.591741667 ], [ 110.628343333, -7.591736667 ], [ 110.628343333, -7.591731667 ], [ 110.628343333, -7.591726667 ], [ 110.628345, -7.591721667 ], [ 110.628348333, -7.591715 ], [ 110.628351667, -7.59171 ], [ 110.628355, -7.591703333 ], [ 110.628358333, -7.591698333 ], [ 110.628361667, -7.591693333 ], [ 110.628363333, -7.591688333 ], [ 110.628363333, -7.591685 ], [ 110.628365, -7.591678333 ], [ 110.628365, -7.591673333 ], [ 110.628365, -7.591666667 ], [ 110.628366667, -7.591661667 ], [ 110.628368333, -7.591656667 ], [ 110.628368333, -7.591651667 ], [ 110.628368333, -7.591646667 ], [ 110.62837, -7.591638333 ], [ 110.628371667, -7.591631667 ], [ 110.628373333, -7.591625 ], [ 110.628375, -7.59162 ], [ 110.628376667, -7.591615 ], [ 110.628375, -7.59161 ], [ 110.628373333, -7.591605 ], [ 110.628373333, -7.5916 ], [ 110.628373333, -7.591595 ], [ 110.628375, -7.591588333 ], [ 110.628375, -7.591583333 ], [ 110.628375, -7.59158 ], [ 110.628375, -7.591575 ], [ 110.628376667, -7.59157 ], [ 110.628378333, -7.591566667 ], [ 110.62838, -7.59156 ], [ 110.62838, -7.591555 ], [ 110.628383333, -7.591545 ], [ 110.628385, -7.591538333 ], [ 110.628386667, -7.591531667 ], [ 110.628386667, -7.591526667 ], [ 110.628388333, -7.591521667 ], [ 110.62839, -7.591515 ], [ 110.62839, -7.59151 ], [ 110.628391667, -7.591505 ], [ 110.628393333, -7.591503333 ], [ 110.628395, -7.591503333 ], [ 110.628396667, -7.5915 ], [ 110.628398333, -7.591496667 ], [ 110.6284, -7.591495 ], [ 110.6284, -7.591491667 ], [ 110.6284, -7.591488333 ], [ 110.628401667, -7.591485 ], [ 110.6284, -7.591483333 ], [ 110.628401667, -7.59148 ], [ 110.628401667, -7.591473333 ], [ 110.628403333, -7.591468333 ], [ 110.628403333, -7.591463333 ], [ 110.628403333, -7.591458333 ], [ 110.628408333, -7.591453333 ], [ 110.62841, -7.591446667 ], [ 110.62841, -7.591443333 ], [ 110.628413333, -7.591438333 ], [ 110.628415, -7.591431667 ], [ 110.628415, -7.591426667 ], [ 110.628416667, -7.591421667 ], [ 110.628415, -7.591416667 ], [ 110.628415, -7.591415 ], [ 110.628416667, -7.59141 ], [ 110.628416667, -7.591403333 ], [ 110.628418333, -7.5914 ], [ 110.62842, -7.591395 ], [ 110.62842, -7.59139 ], [ 110.62842, -7.591383333 ], [ 110.62842, -7.59138 ], [ 110.628421667, -7.591373333 ], [ 110.628423333, -7.59137 ], [ 110.628423333, -7.591363333 ], [ 110.628423333, -7.591356667 ], [ 110.628425, -7.591353333 ], [ 110.628428333, -7.591346667 ], [ 110.628428333, -7.591338333 ], [ 110.62843, -7.591331667 ], [ 110.628431667, -7.591326667 ], [ 110.628433333, -7.59132 ], [ 110.628436667, -7.591313333 ], [ 110.628436667, -7.591308333 ], [ 110.628438333, -7.591303333 ], [ 110.628438333, -7.591298333 ], [ 110.628441667, -7.591291667 ], [ 110.628443333, -7.591285 ], [ 110.628443333, -7.591278333 ], [ 110.628445, -7.591273333 ], [ 110.628445, -7.591268333 ], [ 110.628446667, -7.59126 ], [ 110.628446667, -7.591255 ], [ 110.628446667, -7.591248333 ], [ 110.628445, -7.591241667 ], [ 110.628445, -7.591233333 ], [ 110.628446667, -7.59123 ], [ 110.628448333, -7.591223333 ], [ 110.62845, -7.591218333 ], [ 110.628451667, -7.591213333 ], [ 110.628453333, -7.591208333 ], [ 110.628455, -7.591203333 ], [ 110.628456667, -7.5912 ], [ 110.628456667, -7.591196667 ], [ 110.628456667, -7.591191667 ], [ 110.62846, -7.591183333 ], [ 110.628463333, -7.591178333 ], [ 110.628465, -7.59117 ], [ 110.628468333, -7.591161667 ], [ 110.628471667, -7.591153333 ], [ 110.628475, -7.591145 ], [ 110.628478333, -7.591136667 ], [ 110.62848, -7.591128333 ], [ 110.628478333, -7.591121667 ], [ 110.628481667, -7.591113333 ], [ 110.628483333, -7.591106667 ], [ 110.628485, -7.5911 ], [ 110.628485, -7.591093333 ], [ 110.628486667, -7.591086667 ], [ 110.62849, -7.591078333 ], [ 110.62849, -7.591071667 ], [ 110.628491667, -7.591066667 ], [ 110.628493333, -7.591061667 ], [ 110.628493333, -7.591056667 ], [ 110.628493333, -7.591051667 ], [ 110.628496667, -7.591051667 ], [ 110.628496667, -7.59105 ], [ 110.6285, -7.591051667 ], [ 110.628503333, -7.59105 ], [ 110.628501667, -7.59105 ], [ 110.6285, -7.591028333 ], [ 110.628501667, -7.59102 ], [ 110.628503333, -7.591015 ], [ 110.628505, -7.591006667 ], [ 110.628505, -7.590996667 ], [ 110.628505, -7.590985 ], [ 110.628506667, -7.590976667 ], [ 110.628506667, -7.590968333 ], [ 110.628508333, -7.59096 ], [ 110.62851, -7.590953333 ], [ 110.628511667, -7.590943333 ], [ 110.628513333, -7.590933333 ], [ 110.628516667, -7.590925 ], [ 110.62852, -7.590916667 ], [ 110.628525, -7.590908333 ], [ 110.628526667, -7.5909 ], [ 110.62853, -7.590891667 ], [ 110.62853, -7.590885 ], [ 110.628531667, -7.59088 ], [ 110.628533333, -7.590873333 ], [ 110.628535, -7.590865 ], [ 110.628535, -7.590856667 ], [ 110.628536667, -7.590848333 ], [ 110.628538333, -7.590838333 ], [ 110.628541667, -7.590831667 ], [ 110.628541667, -7.590821667 ], [ 110.628545, -7.590813333 ], [ 110.628546667, -7.590805 ], [ 110.62855, -7.590798333 ], [ 110.628553333, -7.590791667 ], [ 110.628556667, -7.590783333 ], [ 110.628558333, -7.590773333 ], [ 110.628561667, -7.590765 ], [ 110.628561667, -7.590756667 ], [ 110.628565, -7.590746667 ], [ 110.628566667, -7.59074 ], [ 110.628568333, -7.590731667 ], [ 110.628568333, -7.590723333 ], [ 110.628571667, -7.590713333 ], [ 110.628573333, -7.590708333 ], [ 110.628573333, -7.590696667 ], [ 110.628571667, -7.590688333 ], [ 110.628573333, -7.59068 ], [ 110.628573333, -7.590671667 ], [ 110.628575, -7.590666667 ], [ 110.628576667, -7.59066 ], [ 110.628578333, -7.590656667 ], [ 110.62858, -7.590653333 ], [ 110.628583333, -7.59065 ], [ 110.628585, -7.590646667 ], [ 110.628585, -7.590643333 ], [ 110.628586667, -7.590638333 ], [ 110.628588333, -7.590636667 ], [ 110.62859, -7.590631667 ], [ 110.628593333, -7.590628333 ], [ 110.628595, -7.590626667 ], [ 110.628598333, -7.590623333 ], [ 110.6286, -7.590618333 ], [ 110.628601667, -7.590615 ], [ 110.6286, -7.590615 ], [ 110.628603333, -7.590615 ], [ 110.628606667, -7.590613333 ], [ 110.628611667, -7.590603333 ] ] ] } },
{ "type": "Feature", "properties": { "varietas": "Inpari 32", "kelas_sawah": "sawah", "usia_fase": "1 bulan", "lokasi": "Klaten", "source_file": "02_32_KecTulung_1 Bulanl.geojson" }, "geometry": { "type": "Polygon", "coordinates": [ [ [ 110.628485, -7.59063 ], [ 110.62847, -7.590668333 ], [ 110.62847, -7.590673333 ], [ 110.62847, -7.590676667 ], [ 110.628468333, -7.590681667 ], [ 110.628466667, -7.590686667 ], [ 110.628465, -7.590695 ], [ 110.628463333, -7.590701667 ], [ 110.628461667, -7.590706667 ], [ 110.62846, -7.590711667 ], [ 110.628458333, -7.590716667 ], [ 110.62846, -7.590721667 ], [ 110.628458333, -7.590726667 ], [ 110.628456667, -7.590731667 ], [ 110.628456667, -7.590736667 ], [ 110.628455, -7.590741667 ], [ 110.628453333, -7.590746667 ], [ 110.628451667, -7.59075 ], [ 110.628451667, -7.590755 ], [ 110.628451667, -7.59076 ], [ 110.62845, -7.590766667 ], [ 110.628451667, -7.59077 ], [ 110.628451667, -7.590775 ], [ 110.628451667, -7.590778333 ], [ 110.62845, -7.590781667 ], [ 110.628446667, -7.590785 ], [ 110.628446667, -7.59079 ], [ 110.628446667, -7.590795 ], [ 110.628446667, -7.5908 ], [ 110.628448333, -7.590805 ], [ 110.628446667, -7.59081 ], [ 110.628445, -7.590811667 ], [ 110.628441667, -7.590815 ], [ 110.62844, -7.590818333 ], [ 110.628436667, -7.590821667 ], [ 110.628433333, -7.590826667 ], [ 110.628431667, -7.590831667 ], [ 110.62843, -7.590838333 ], [ 110.628426667, -7.590843333 ], [ 110.628425, -7.590848333 ], [ 110.628425, -7.590855 ], [ 110.628423333, -7.590861667 ], [ 110.628421667, -7.590868333 ], [ 110.628418333, -7.590871667 ], [ 110.628416667, -7.590876667 ], [ 110.628416667, -7.590885 ], [ 110.628415, -7.590891667 ], [ 110.628413333, -7.590896667 ], [ 110.628413333, -7.590901667 ], [ 110.628411667, -7.590905 ], [ 110.62841, -7.590911667 ], [ 110.62841, -7.590916667 ], [ 110.628408333, -7.590923333 ], [ 110.628408333, -7.590928333 ], [ 110.628408333, -7.590933333 ], [ 110.628408333, -7.59094 ], [ 110.628406667, -7.590946667 ], [ 110.628405, -7.590953333 ], [ 110.628403333, -7.59096 ], [ 110.6284, -7.590965 ], [ 110.628398333, -7.590971667 ], [ 110.628396667, -7.590978333 ], [ 110.628396667, -7.590986667 ], [ 110.628395, -7.590993333 ], [ 110.628395, -7.591001667 ], [ 110.628391667, -7.591008333 ], [ 110.628388333, -7.591016667 ], [ 110.628386667, -7.591023333 ], [ 110.628383333, -7.591031667 ], [ 110.628378333, -7.591038333 ], [ 110.628376667, -7.591041667 ], [ 110.628376667, -7.591045 ], [ 110.628376667, -7.59105 ], [ 110.628378333, -7.591053333 ], [ 110.62838, -7.59106 ], [ 110.62838, -7.591066667 ], [ 110.628376667, -7.591073333 ], [ 110.628375, -7.59108 ], [ 110.628373333, -7.591086667 ], [ 110.628371667, -7.591091667 ], [ 110.628368333, -7.591096667 ], [ 110.628365, -7.591103333 ], [ 110.628361667, -7.591108333 ], [ 110.62836, -7.591113333 ], [ 110.628358333, -7.591118333 ], [ 110.628356667, -7.591123333 ], [ 110.628355, -7.591131667 ], [ 110.628355, -7.591136667 ], [ 110.628356667, -7.591143333 ], [ 110.628356667, -7.591146667 ], [ 110.628356667, -7.591151667 ], [ 110.628355, -7.591155 ], [ 110.628351667, -7.591156667 ], [ 110.628348333, -7.591158333 ], [ 110.628348333, -7.591163333 ], [ 110.628346667, -7.59117 ], [ 110.628345, -7.591175 ], [ 110.628341667, -7.591181667 ], [ 110.62834, -7.591188333 ], [ 110.628338333, -7.591193333 ], [ 110.628338333, -7.591196667 ], [ 110.628336667, -7.591201667 ], [ 110.628335, -7.591206667 ], [ 110.628333333, -7.591208333 ], [ 110.628335, -7.59121 ], [ 110.628335, -7.591208333 ], [ 110.628335, -7.591206667 ], [ 110.628335, -7.591205 ], [ 110.628336667, -7.591203333 ], [ 110.628335, -7.591203333 ], [ 110.628333333, -7.591216667 ], [ 110.628331667, -7.591221667 ], [ 110.628331667, -7.591226667 ], [ 110.628331667, -7.59123 ], [ 110.628333333, -7.591235 ], [ 110.628333333, -7.59124 ], [ 110.628333333, -7.591243333 ], [ 110.628331667, -7.591248333 ], [ 110.628333333, -7.591251667 ], [ 110.628335, -7.591258333 ], [ 110.628335, -7.591265 ], [ 110.628333333, -7.591268333 ], [ 110.628331667, -7.591273333 ], [ 110.62833, -7.591276667 ], [ 110.628328333, -7.591281667 ], [ 110.628326667, -7.591288333 ], [ 110.628325, -7.591291667 ], [ 110.628321667, -7.591295 ], [ 110.628321667, -7.591296667 ], [ 110.628318333, -7.591301667 ], [ 110.628316667, -7.591306667 ], [ 110.628316667, -7.591311667 ], [ 110.628313333, -7.591315 ], [ 110.628308333, -7.591318333 ], [ 110.628305, -7.591323333 ], [ 110.628301667, -7.591328333 ], [ 110.6283, -7.591333333 ], [ 110.628298333, -7.591338333 ], [ 110.628296667, -7.591345 ], [ 110.628296667, -7.591351667 ], [ 110.628296667, -7.591356667 ], [ 110.628298333, -7.591363333 ], [ 110.6283, -7.591368333 ], [ 110.6283, -7.591371667 ], [ 110.628298333, -7.591375 ], [ 110.628293333, -7.59138 ], [ 110.628291667, -7.591385 ], [ 110.62829, -7.591386667 ], [ 110.62829, -7.591391667 ], [ 110.62829, -7.591396667 ], [ 110.628286667, -7.591405 ], [ 110.628285, -7.591408333 ], [ 110.628288333, -7.591413333 ], [ 110.628285, -7.591418333 ], [ 110.628283333, -7.591423333 ], [ 110.628286667, -7.591428333 ], [ 110.628288333, -7.591431667 ], [ 110.628288333, -7.591436667 ], [ 110.628286667, -7.591443333 ], [ 110.628285, -7.59145 ], [ 110.628283333, -7.591456667 ], [ 110.628281667, -7.591461667 ], [ 110.62828, -7.591465 ], [ 110.628283333, -7.59147 ], [ 110.628285, -7.591473333 ], [ 110.628286667, -7.591476667 ], [ 110.628288333, -7.591481667 ], [ 110.628288333, -7.591485 ], [ 110.628286667, -7.591486667 ], [ 110.628283333, -7.591485 ], [ 110.62828, -7.591485 ], [ 110.628278333, -7.591486667 ], [ 110.628275, -7.591488333 ], [ 110.62827, -7.591491667 ], [ 110.628266667, -7.591495 ], [ 110.628263333, -7.5915 ], [ 110.62826, -7.591505 ], [ 110.62826, -7.591508333 ], [ 110.62826, -7.591513333 ], [ 110.628261667, -7.591515 ], [ 110.628263333, -7.591515 ], [ 110.628263333, -7.591516667 ], [ 110.628263333, -7.59152 ], [ 110.628276667, -7.591526667 ], [ 110.62828, -7.591523333 ], [ 110.62828, -7.59152 ], [ 110.628281667, -7.591516667 ], [ 110.62829, -7.591515 ], [ 110.628291667, -7.591515 ], [ 110.628296667, -7.591516667 ], [ 110.628306667, -7.59152 ], [ 110.628311667, -7.591521667 ], [ 110.628316667, -7.591523333 ], [ 110.628318333, -7.591525 ], [ 110.628323333, -7.591525 ], [ 110.62833, -7.591525 ], [ 110.628338333, -7.591525 ], [ 110.628346667, -7.591526667 ], [ 110.628355, -7.591525 ], [ 110.62836, -7.591525 ], [ 110.628365, -7.591523333 ], [ 110.62837, -7.591526667 ], [ 110.628373333, -7.591525 ], [ 110.628375, -7.591526667 ], [ 110.628378333, -7.591526667 ], [ 110.628381667, -7.59153 ], [ 110.628381667, -7.591528333 ], [ 110.62838, -7.591526667 ], [ 110.628381667, -7.591523333 ], [ 110.628383333, -7.591515 ], [ 110.628385, -7.591508333 ], [ 110.628386667, -7.591501667 ], [ 110.628386667, -7.591493333 ], [ 110.62839, -7.591485 ], [ 110.628393333, -7.591478333 ], [ 110.628396667, -7.59147 ], [ 110.628396667, -7.591461667 ], [ 110.628398333, -7.591453333 ], [ 110.628401667, -7.591445 ], [ 110.628401667, -7.591435 ], [ 110.628401667, -7.591426667 ], [ 110.628403333, -7.591416667 ], [ 110.628405, -7.591408333 ], [ 110.628408333, -7.591401667 ], [ 110.628411667, -7.591395 ], [ 110.628415, -7.591386667 ], [ 110.62842, -7.591383333 ], [ 110.628423333, -7.591381667 ], [ 110.628425, -7.591383333 ], [ 110.628426667, -7.591386667 ], [ 110.628426667, -7.591388333 ], [ 110.628428333, -7.591388333 ], [ 110.628428333, -7.59139 ], [ 110.628428333, -7.591391667 ], [ 110.628426667, -7.591395 ], [ 110.628433333, -7.59138 ], [ 110.628433333, -7.591378333 ], [ 110.628433333, -7.591376667 ], [ 110.628433333, -7.591375 ], [ 110.628421667, -7.59135 ], [ 110.628423333, -7.591338333 ], [ 110.628425, -7.591328333 ], [ 110.628425, -7.591318333 ], [ 110.628423333, -7.591313333 ], [ 110.628426667, -7.591306667 ], [ 110.628428333, -7.591301667 ], [ 110.628428333, -7.591296667 ], [ 110.62843, -7.591291667 ], [ 110.628431667, -7.591285 ], [ 110.628433333, -7.59128 ], [ 110.628435, -7.591273333 ], [ 110.628435, -7.59127 ], [ 110.628438333, -7.591263333 ], [ 110.62844, -7.591256667 ], [ 110.628443333, -7.591251667 ], [ 110.628445, -7.591246667 ], [ 110.628446667, -7.591243333 ], [ 110.628446667, -7.591238333 ], [ 110.628446667, -7.591233333 ], [ 110.628448333, -7.591226667 ], [ 110.62845, -7.59122 ], [ 110.62845, -7.591213333 ], [ 110.628448333, -7.591208333 ], [ 110.62845, -7.5912 ], [ 110.628451667, -7.591193333 ], [ 110.628453333, -7.591186667 ], [ 110.628456667, -7.591176667 ], [ 110.628458333, -7.591171667 ], [ 110.628461667, -7.591163333 ], [ 110.628463333, -7.591155 ], [ 110.628465, -7.591148333 ], [ 110.628468333, -7.591143333 ], [ 110.62847, -7.591136667 ], [ 110.628475, -7.59113 ], [ 110.628475, -7.591123333 ], [ 110.628476667, -7.591115 ], [ 110.62848, -7.591105 ], [ 110.628483333, -7.591096667 ], [ 110.628485, -7.591086667 ], [ 110.628486667, -7.591076667 ], [ 110.628488333, -7.59107 ], [ 110.628491667, -7.591061667 ], [ 110.628493333, -7.591053333 ], [ 110.628496667, -7.591046667 ], [ 110.628498333, -7.591038333 ], [ 110.628498333, -7.59103 ], [ 110.628501667, -7.591021667 ], [ 110.628501667, -7.591015 ], [ 110.628505, -7.591006667 ], [ 110.628506667, -7.590998333 ], [ 110.62851, -7.590991667 ], [ 110.62851, -7.590983333 ], [ 110.628511667, -7.590975 ], [ 110.628515, -7.590966667 ], [ 110.628518333, -7.59096 ], [ 110.62852, -7.590953333 ], [ 110.62852, -7.590943333 ], [ 110.628521667, -7.590933333 ], [ 110.628523333, -7.590926667 ], [ 110.628521667, -7.590916667 ], [ 110.628521667, -7.590906667 ], [ 110.628521667, -7.590896667 ], [ 110.628521667, -7.590886667 ], [ 110.628523333, -7.590878333 ], [ 110.628525, -7.59087 ], [ 110.62853, -7.59086 ], [ 110.628533333, -7.590851667 ], [ 110.628535, -7.590843333 ], [ 110.628538333, -7.590835 ], [ 110.62854, -7.590826667 ], [ 110.628541667, -7.590818333 ], [ 110.628541667, -7.590811667 ], [ 110.628541667, -7.590803333 ], [ 110.628543333, -7.590796667 ], [ 110.628545, -7.590788333 ], [ 110.628548333, -7.590778333 ], [ 110.628551667, -7.590771667 ], [ 110.628555, -7.590763333 ], [ 110.628558333, -7.590755 ], [ 110.62856, -7.590748333 ], [ 110.628561667, -7.59074 ], [ 110.628561667, -7.59073 ], [ 110.628561667, -7.590721667 ], [ 110.628563333, -7.590715 ], [ 110.628566667, -7.590705 ], [ 110.628568333, -7.590696667 ], [ 110.628565, -7.590691667 ], [ 110.628563333, -7.590688333 ], [ 110.62856, -7.590685 ], [ 110.628556667, -7.590681667 ], [ 110.62855, -7.590678333 ], [ 110.628546667, -7.590676667 ], [ 110.628543333, -7.590675 ], [ 110.628543333, -7.590671667 ], [ 110.628541667, -7.590665 ], [ 110.628541667, -7.590658333 ], [ 110.628541667, -7.590653333 ], [ 110.628541667, -7.59065 ], [ 110.628541667, -7.590648333 ], [ 110.628543333, -7.590646667 ], [ 110.628545, -7.590645 ], [ 110.628545, -7.590643333 ], [ 110.628548333, -7.59064 ], [ 110.628553333, -7.590636667 ], [ 110.628556667, -7.590628333 ], [ 110.628561667, -7.59062 ], [ 110.628565, -7.590613333 ], [ 110.628568333, -7.590605 ], [ 110.628566667, -7.5906 ], [ 110.628563333, -7.590593333 ], [ 110.62856, -7.59059 ], [ 110.628553333, -7.590586667 ], [ 110.628546667, -7.590581667 ], [ 110.628538333, -7.590576667 ], [ 110.628531667, -7.590573333 ], [ 110.628528333, -7.59057 ], [ 110.628523333, -7.59057 ], [ 110.628516667, -7.590566667 ], [ 110.628511667, -7.590563333 ], [ 110.628508333, -7.590561667 ], [ 110.628505, -7.590565 ], [ 110.628501667, -7.590568333 ], [ 110.628498333, -7.590575 ], [ 110.628498333, -7.590581667 ], [ 110.6285, -7.590588333 ], [ 110.628496667, -7.590595 ], [ 110.628495, -7.590605 ], [ 110.628493333, -7.59061 ], [ 110.62849, -7.590616667 ], [ 110.628488333, -7.59062 ], [ 110.628486667, -7.590621667 ], [ 110.628485, -7.59062 ], [ 110.628483333, -7.59062 ], [ 110.628485, -7.59063 ] ] ] } },
{ "type": "Feature", "properties": { "varietas": "Mapan", "kelas_sawah": "sawah", "usia_fase": "3 bulan", "lokasi": "Klaten", "source_file": "03_Mapan_Kecamatan Tulung_3 Bulan.geojson" }, "geometry": { "type": "Polygon", "coordinates": [ [ [ 110.627941667, -7.59081 ], [ 110.627925, -7.590816667 ], [ 110.62792, -7.590813333 ], [ 110.627915, -7.590813333 ], [ 110.627908333, -7.590811667 ], [ 110.627903333, -7.59081 ], [ 110.627901667, -7.59081 ], [ 110.6279, -7.590808333 ], [ 110.627898333, -7.590808333 ], [ 110.627896667, -7.59081 ], [ 110.627893333, -7.590806667 ], [ 110.627891667, -7.590806667 ], [ 110.627891667, -7.590808333 ], [ 110.627893333, -7.590805 ], [ 110.627876667, -7.590801667 ], [ 110.627871667, -7.590801667 ], [ 110.62787, -7.590801667 ], [ 110.627866667, -7.590801667 ], [ 110.627863333, -7.590798333 ], [ 110.62786, -7.590796667 ], [ 110.627856667, -7.590795 ], [ 110.627855, -7.590793333 ], [ 110.627851667, -7.590793333 ], [ 110.627848333, -7.590791667 ], [ 110.627843333, -7.590791667 ], [ 110.62784, -7.59079 ], [ 110.627836667, -7.590788333 ], [ 110.627838333, -7.590746667 ], [ 110.627843333, -7.590741667 ], [ 110.627843333, -7.590735 ], [ 110.627843333, -7.590731667 ], [ 110.627843333, -7.590728333 ], [ 110.627845, -7.590723333 ], [ 110.627845, -7.59072 ], [ 110.627846667, -7.590716667 ], [ 110.627846667, -7.590713333 ], [ 110.627848333, -7.590708333 ], [ 110.627851667, -7.590703333 ], [ 110.627853333, -7.5907 ], [ 110.627853333, -7.590693333 ], [ 110.627855, -7.590686667 ], [ 110.627855, -7.590681667 ], [ 110.627855, -7.590676667 ], [ 110.627856667, -7.590671667 ], [ 110.62786, -7.590668333 ], [ 110.627861667, -7.590663333 ], [ 110.627863333, -7.590658333 ], [ 110.627863333, -7.590653333 ], [ 110.627865, -7.590646667 ], [ 110.627865, -7.59064 ], [ 110.627868333, -7.590633333 ], [ 110.627868333, -7.590625 ], [ 110.627871667, -7.590618333 ], [ 110.627873333, -7.590613333 ], [ 110.627875, -7.590608333 ], [ 110.627876667, -7.590601667 ], [ 110.627878333, -7.590596667 ], [ 110.62788, -7.59059 ], [ 110.627881667, -7.590583333 ], [ 110.62788, -7.59058 ], [ 110.627881667, -7.590575 ], [ 110.627885, -7.590571667 ], [ 110.627885, -7.590568333 ], [ 110.627886667, -7.590565 ], [ 110.62789, -7.590558333 ], [ 110.627891667, -7.590551667 ], [ 110.62789, -7.590543333 ], [ 110.62789, -7.590538333 ], [ 110.627886667, -7.59053 ], [ 110.627886667, -7.590521667 ], [ 110.627886667, -7.590516667 ], [ 110.627886667, -7.59051 ], [ 110.627886667, -7.590505 ], [ 110.62789, -7.590498333 ], [ 110.627891667, -7.590491667 ], [ 110.627891667, -7.590485 ], [ 110.627893333, -7.590478333 ], [ 110.627895, -7.590471667 ], [ 110.627896667, -7.590463333 ], [ 110.627896667, -7.590456667 ], [ 110.627896667, -7.590448333 ], [ 110.627898333, -7.590441667 ], [ 110.627898333, -7.590435 ], [ 110.627901667, -7.590428333 ], [ 110.627911667, -7.590413333 ], [ 110.627915, -7.590408333 ], [ 110.627916667, -7.5904 ], [ 110.627925, -7.590393333 ], [ 110.62793, -7.59039 ], [ 110.627935, -7.590386667 ], [ 110.627938333, -7.590383333 ], [ 110.627943333, -7.590383333 ], [ 110.627948333, -7.59038 ], [ 110.627951667, -7.59038 ], [ 110.627956667, -7.590381667 ], [ 110.627963333, -7.590383333 ], [ 110.627966667, -7.590388333 ], [ 110.627973333, -7.590393333 ], [ 110.627975, -7.590396667 ], [ 110.62798, -7.5904 ], [ 110.627988333, -7.590403333 ], [ 110.627996667, -7.590403333 ], [ 110.628003333, -7.590405 ], [ 110.62801, -7.590405 ], [ 110.628018333, -7.590408333 ], [ 110.628025, -7.590411667 ], [ 110.628028333, -7.590416667 ], [ 110.628033333, -7.590421667 ], [ 110.628036667, -7.590426667 ], [ 110.628038333, -7.590433333 ], [ 110.628038333, -7.59044 ], [ 110.628036667, -7.590446667 ], [ 110.628036667, -7.590453333 ], [ 110.628035, -7.590461667 ], [ 110.628033333, -7.590468333 ], [ 110.628033333, -7.590478333 ], [ 110.628031667, -7.590486667 ], [ 110.628026667, -7.590493333 ], [ 110.628025, -7.590498333 ], [ 110.628023333, -7.590505 ], [ 110.628021667, -7.59051 ], [ 110.628021667, -7.590518333 ], [ 110.62802, -7.590525 ], [ 110.628018333, -7.59053 ], [ 110.628016667, -7.590536667 ], [ 110.628013333, -7.590545 ], [ 110.628013333, -7.590551667 ], [ 110.62801, -7.590558333 ], [ 110.62801, -7.590566667 ], [ 110.62801, -7.590573333 ], [ 110.62801, -7.59058 ], [ 110.62801, -7.59059 ], [ 110.628006667, -7.590596667 ], [ 110.628005, -7.590601667 ], [ 110.628005, -7.590608333 ], [ 110.628005, -7.590615 ], [ 110.628005, -7.590623333 ], [ 110.628003333, -7.590631667 ], [ 110.628001667, -7.590636667 ], [ 110.627998333, -7.590645 ], [ 110.627996667, -7.590651667 ], [ 110.627995, -7.590658333 ], [ 110.627993333, -7.590665 ], [ 110.62799, -7.590671667 ], [ 110.627988333, -7.590676667 ], [ 110.627985, -7.590685 ], [ 110.627983333, -7.590695 ], [ 110.62798, -7.590701667 ], [ 110.627978333, -7.590708333 ], [ 110.627976667, -7.590716667 ], [ 110.627976667, -7.590725 ], [ 110.627975, -7.590733333 ], [ 110.627973333, -7.59074 ], [ 110.62797, -7.590746667 ], [ 110.627968333, -7.590753333 ], [ 110.627968333, -7.590761667 ], [ 110.627966667, -7.590768333 ], [ 110.627965, -7.590775 ], [ 110.627961667, -7.590781667 ], [ 110.627963333, -7.59079 ], [ 110.627961667, -7.590796667 ], [ 110.62796, -7.590803333 ], [ 110.627956667, -7.59081 ], [ 110.62795, -7.590815 ], [ 110.627943333, -7.590818333 ], [ 110.627941667, -7.590813333 ], [ 110.627938333, -7.59081 ], [ 110.627936667, -7.59081 ], [ 110.627935, -7.59081 ], [ 110.627941667, -7.59081 ] ] ] } },
{ "type": "Feature", "properties": { "varietas": "Inpari 32", "kelas_sawah": "sawah", "usia_fase": "1 bulan", "lokasi": "Klaten", "source_file": "04_33_Kecamatan Tulung_1 Bulan.geojson" }, "geometry": { "type": "Polygon", "coordinates": [ [ [ 110.642793333, -7.599243333 ], [ 110.642793333, -7.599228333 ], [ 110.642796667, -7.599223333 ], [ 110.642798333, -7.599218333 ], [ 110.642801667, -7.599211667 ], [ 110.642806667, -7.599205 ], [ 110.642811667, -7.599198333 ], [ 110.642816667, -7.599191667 ], [ 110.64282, -7.599183333 ], [ 110.642825, -7.599176667 ], [ 110.642828333, -7.59917 ], [ 110.642833333, -7.599161667 ], [ 110.642838333, -7.599155 ], [ 110.642843333, -7.599148333 ], [ 110.642846667, -7.599143333 ], [ 110.642851667, -7.599138333 ], [ 110.642856667, -7.599131667 ], [ 110.64286, -7.599125 ], [ 110.642865, -7.599121667 ], [ 110.64287, -7.599116667 ], [ 110.642873333, -7.59911 ], [ 110.642878333, -7.599103333 ], [ 110.642883333, -7.5991 ], [ 110.642886667, -7.599091667 ], [ 110.642891667, -7.599083333 ], [ 110.642896667, -7.599076667 ], [ 110.642898333, -7.59907 ], [ 110.642903333, -7.599063333 ], [ 110.642906667, -7.599056667 ], [ 110.64291, -7.59905 ], [ 110.642913333, -7.599041667 ], [ 110.642916667, -7.599035 ], [ 110.642921667, -7.599028333 ], [ 110.642925, -7.59902 ], [ 110.64293, -7.599013333 ], [ 110.642933333, -7.599008333 ], [ 110.642938333, -7.599 ], [ 110.642941667, -7.598993333 ], [ 110.642945, -7.598985 ], [ 110.642948333, -7.59898 ], [ 110.642951667, -7.598971667 ], [ 110.642955, -7.598966667 ], [ 110.642956667, -7.598963333 ], [ 110.642961667, -7.59896 ], [ 110.642966667, -7.598955 ], [ 110.64297, -7.598948333 ], [ 110.642975, -7.598941667 ], [ 110.642978333, -7.598935 ], [ 110.642981667, -7.598928333 ], [ 110.642988333, -7.59892 ], [ 110.642991667, -7.598913333 ], [ 110.642995, -7.598908333 ], [ 110.642998333, -7.598901667 ], [ 110.643005, -7.598895 ], [ 110.643011667, -7.598888333 ], [ 110.643016667, -7.598883333 ], [ 110.64302, -7.598878333 ], [ 110.643021667, -7.598873333 ], [ 110.643025, -7.59887 ], [ 110.643028333, -7.598865 ], [ 110.643031667, -7.598858333 ], [ 110.643036667, -7.598851667 ], [ 110.643038333, -7.598845 ], [ 110.643041667, -7.59884 ], [ 110.643045, -7.598833333 ], [ 110.643043333, -7.59883 ], [ 110.643043333, -7.598828333 ], [ 110.643041667, -7.598828333 ], [ 110.64304, -7.598828333 ], [ 110.64304, -7.598825 ], [ 110.64304, -7.598821667 ], [ 110.643035, -7.598818333 ], [ 110.643028333, -7.598818333 ], [ 110.643021667, -7.598815 ], [ 110.643016667, -7.598811667 ], [ 110.64301, -7.598806667 ], [ 110.643005, -7.598801667 ], [ 110.643, -7.5988 ], [ 110.642993333, -7.598798333 ], [ 110.642988333, -7.598795 ], [ 110.642981667, -7.598791667 ], [ 110.642976667, -7.598788333 ], [ 110.64297, -7.598783333 ], [ 110.642968333, -7.59878 ], [ 110.642968333, -7.598776667 ], [ 110.642968333, -7.598775 ], [ 110.642973333, -7.598768333 ], [ 110.642978333, -7.598763333 ], [ 110.642981667, -7.598756667 ], [ 110.642985, -7.598751667 ], [ 110.64299, -7.598743333 ], [ 110.642993333, -7.598735 ], [ 110.642996667, -7.598725 ], [ 110.643, -7.598718333 ], [ 110.643005, -7.59871 ], [ 110.64301, -7.598703333 ], [ 110.643013333, -7.598695 ], [ 110.643015, -7.598686667 ], [ 110.643021667, -7.59868 ], [ 110.643025, -7.598673333 ], [ 110.643028333, -7.598666667 ], [ 110.643033333, -7.598658333 ], [ 110.64304, -7.598651667 ], [ 110.643045, -7.598645 ], [ 110.643046667, -7.598638333 ], [ 110.643045, -7.598635 ], [ 110.643043333, -7.598633333 ], [ 110.643043333, -7.598631667 ], [ 110.643038333, -7.598626667 ], [ 110.643033333, -7.598623333 ], [ 110.643025, -7.598616667 ], [ 110.643018333, -7.598611667 ], [ 110.643011667, -7.598606667 ], [ 110.643006667, -7.5986 ], [ 110.643001667, -7.598593333 ], [ 110.642996667, -7.598588333 ], [ 110.64299, -7.598581667 ], [ 110.642981667, -7.598576667 ], [ 110.64298, -7.598578333 ], [ 110.642976667, -7.598581667 ], [ 110.642975, -7.598586667 ], [ 110.642971667, -7.598591667 ], [ 110.64297, -7.598598333 ], [ 110.642965, -7.598603333 ], [ 110.642963333, -7.598605 ], [ 110.642963333, -7.598608333 ], [ 110.64296, -7.598615 ], [ 110.642955, -7.598623333 ], [ 110.642948333, -7.59863 ], [ 110.642943333, -7.598635 ], [ 110.64294, -7.598641667 ], [ 110.642936667, -7.598648333 ], [ 110.642931667, -7.598655 ], [ 110.642925, -7.598663333 ], [ 110.642918333, -7.598671667 ], [ 110.642916667, -7.598678333 ], [ 110.642913333, -7.598683333 ], [ 110.64291, -7.598688333 ], [ 110.642903333, -7.598696667 ], [ 110.6429, -7.598703333 ], [ 110.642896667, -7.59871 ], [ 110.642893333, -7.598713333 ], [ 110.642886667, -7.598721667 ], [ 110.642881667, -7.59873 ], [ 110.64288, -7.598736667 ], [ 110.642876667, -7.598743333 ], [ 110.642871667, -7.598746667 ], [ 110.642865, -7.598751667 ], [ 110.64286, -7.598758333 ], [ 110.642853333, -7.598765 ], [ 110.642846667, -7.598775 ], [ 110.642836667, -7.59878 ], [ 110.642833333, -7.59878 ], [ 110.642831667, -7.598781667 ], [ 110.642831667, -7.598783333 ], [ 110.64283, -7.598785 ], [ 110.642831667, -7.598791667 ], [ 110.642831667, -7.598796667 ], [ 110.64283, -7.5988 ], [ 110.642828333, -7.598803333 ], [ 110.642825, -7.598808333 ], [ 110.642821667, -7.598813333 ], [ 110.642818333, -7.59882 ], [ 110.642815, -7.598825 ], [ 110.642813333, -7.598831667 ], [ 110.642808333, -7.598838333 ], [ 110.642805, -7.598843333 ], [ 110.642803333, -7.598846667 ], [ 110.642801667, -7.598848333 ], [ 110.642801667, -7.59885 ], [ 110.642805, -7.598853333 ], [ 110.642805, -7.598856667 ], [ 110.642806667, -7.598858333 ], [ 110.642808333, -7.598858333 ], [ 110.64279, -7.598875 ], [ 110.642786667, -7.598881667 ], [ 110.642788333, -7.598886667 ], [ 110.642786667, -7.59889 ], [ 110.642785, -7.598895 ], [ 110.642781667, -7.598903333 ], [ 110.642778333, -7.598908333 ], [ 110.642775, -7.598915 ], [ 110.64277, -7.598921667 ], [ 110.64276, -7.59893 ], [ 110.642753333, -7.598936667 ], [ 110.642746667, -7.598941667 ], [ 110.642741667, -7.598948333 ], [ 110.64274, -7.598953333 ], [ 110.642736667, -7.59896 ], [ 110.642733333, -7.598968333 ], [ 110.64273, -7.598975 ], [ 110.642726667, -7.59898 ], [ 110.642721667, -7.598986667 ], [ 110.642718333, -7.598995 ], [ 110.642716667, -7.598998333 ], [ 110.642711667, -7.599003333 ], [ 110.64271, -7.599011667 ], [ 110.642708333, -7.599018333 ], [ 110.642705, -7.599025 ], [ 110.642703333, -7.59903 ], [ 110.6427, -7.599036667 ], [ 110.642696667, -7.599036667 ], [ 110.642698333, -7.599038333 ], [ 110.642698333, -7.599041667 ], [ 110.642696667, -7.599045 ], [ 110.642695, -7.59905 ], [ 110.642693333, -7.599053333 ], [ 110.64269, -7.59906 ], [ 110.642686667, -7.599065 ], [ 110.64268, -7.599073333 ], [ 110.642673333, -7.599078333 ], [ 110.64267, -7.599085 ], [ 110.642668333, -7.599088333 ], [ 110.642666667, -7.59909 ], [ 110.642663333, -7.599091667 ], [ 110.642656667, -7.599098333 ], [ 110.642651667, -7.599106667 ], [ 110.642641667, -7.599116667 ], [ 110.642633333, -7.599126667 ], [ 110.64263, -7.599136667 ], [ 110.642628333, -7.599141667 ], [ 110.642635, -7.599143333 ], [ 110.642641667, -7.599148333 ], [ 110.64265, -7.599153333 ], [ 110.642658333, -7.599158333 ], [ 110.642665, -7.599165 ], [ 110.642668333, -7.59917 ], [ 110.642676667, -7.599171667 ], [ 110.642685, -7.599173333 ], [ 110.64269, -7.599176667 ], [ 110.642693333, -7.599178333 ], [ 110.6427, -7.599183333 ], [ 110.642706667, -7.599188333 ], [ 110.642711667, -7.599193333 ], [ 110.642718333, -7.599196667 ], [ 110.642728333, -7.599201667 ], [ 110.642735, -7.599206667 ], [ 110.642743333, -7.599211667 ], [ 110.64275, -7.599216667 ], [ 110.64276, -7.599225 ], [ 110.642771667, -7.59923 ], [ 110.64278, -7.599235 ], [ 110.642783333, -7.599236667 ], [ 110.642781667, -7.599238333 ], [ 110.642778333, -7.599238333 ], [ 110.64278, -7.59924 ], [ 110.642781667, -7.59924 ], [ 110.642781667, -7.599238333 ], [ 110.642793333, -7.599243333 ] ] ] } },
{ "type": "Feature", "properties": { "varietas": "Rojolele Srinuk", "kelas_sawah": "sawah", "usia_fase": "1 bulan", "lokasi": "Klaten", "source_file": "05_Rojolele Srinuk_KecDelanggu_1 Bulan 2 Minggu.geojson" }, "geometry": { "type": "Polygon", "coordinates": [ [ [ 110.686711667, -7.610215 ], [ 110.686713333, -7.610215 ], [ 110.686715, -7.610215 ], [ 110.686705, -7.610233333 ], [ 110.6867, -7.610238333 ], [ 110.686698333, -7.610245 ], [ 110.686696667, -7.61025 ], [ 110.686693333, -7.610253333 ], [ 110.68669, -7.610258333 ], [ 110.686686667, -7.61026 ], [ 110.686683333, -7.610265 ], [ 110.68668, -7.610268333 ], [ 110.686675, -7.610273333 ], [ 110.686671667, -7.61028 ], [ 110.686665, -7.610283333 ], [ 110.686661667, -7.610285 ], [ 110.68666, -7.610286667 ], [ 110.686656667, -7.61029 ], [ 110.686653333, -7.610293333 ], [ 110.68665, -7.610298333 ], [ 110.686646667, -7.610301667 ], [ 110.686641667, -7.610306667 ], [ 110.686636667, -7.610313333 ], [ 110.686633333, -7.610318333 ], [ 110.686628333, -7.610321667 ], [ 110.686625, -7.610325 ], [ 110.686621667, -7.610331667 ], [ 110.686615, -7.610338333 ], [ 110.68661, -7.610343333 ], [ 110.686605, -7.610348333 ], [ 110.686601667, -7.610353333 ], [ 110.686601667, -7.610355 ], [ 110.686605, -7.610356667 ], [ 110.686608333, -7.61036 ], [ 110.686611667, -7.61036 ], [ 110.686616667, -7.61036 ], [ 110.68662, -7.610363333 ], [ 110.686625, -7.610366667 ], [ 110.68663, -7.610371667 ], [ 110.686636667, -7.610375 ], [ 110.686643333, -7.610381667 ], [ 110.68665, -7.610385 ], [ 110.686656667, -7.610388333 ], [ 110.686663333, -7.610393333 ], [ 110.686668333, -7.610395 ], [ 110.686675, -7.610398333 ], [ 110.686681667, -7.610401667 ], [ 110.686688333, -7.610405 ], [ 110.686695, -7.610408333 ], [ 110.686705, -7.610413333 ], [ 110.686711667, -7.610416667 ], [ 110.68672, -7.610418333 ], [ 110.686728333, -7.610421667 ], [ 110.686735, -7.610425 ], [ 110.68674, -7.610426667 ], [ 110.686745, -7.610423333 ], [ 110.68675, -7.61042 ], [ 110.686755, -7.610416667 ], [ 110.686761667, -7.610411667 ], [ 110.686768333, -7.610406667 ], [ 110.686775, -7.6104 ], [ 110.686778333, -7.610393333 ], [ 110.686786667, -7.610386667 ], [ 110.686793333, -7.61038 ], [ 110.6868, -7.610373333 ], [ 110.686803333, -7.610366667 ], [ 110.686808333, -7.61036 ], [ 110.686813333, -7.610353333 ], [ 110.686821667, -7.610346667 ], [ 110.68683, -7.610341667 ], [ 110.686835, -7.610335 ], [ 110.686841667, -7.610328333 ], [ 110.686846667, -7.610323333 ], [ 110.686851667, -7.610316667 ], [ 110.686855, -7.610311667 ], [ 110.686858333, -7.610306667 ], [ 110.686865, -7.610303333 ], [ 110.686868333, -7.610295 ], [ 110.686866667, -7.61029 ], [ 110.686861667, -7.610288333 ], [ 110.686856667, -7.610286667 ], [ 110.686853333, -7.610285 ], [ 110.686846667, -7.610286667 ], [ 110.686843333, -7.610283333 ], [ 110.686836667, -7.610283333 ], [ 110.686835, -7.610283333 ], [ 110.686828333, -7.61028 ], [ 110.686821667, -7.610276667 ], [ 110.686821667, -7.610273333 ], [ 110.68682, -7.610271667 ], [ 110.686818333, -7.610266667 ], [ 110.686813333, -7.610261667 ], [ 110.68681, -7.610258333 ], [ 110.686805, -7.610255 ], [ 110.6868, -7.610248333 ], [ 110.686791667, -7.610245 ], [ 110.68678, -7.610241667 ], [ 110.68677, -7.61024 ], [ 110.68676, -7.610238333 ], [ 110.686753333, -7.610238333 ], [ 110.686745, -7.610236667 ], [ 110.686738333, -7.610231667 ], [ 110.686731667, -7.61023 ], [ 110.686725, -7.61023 ], [ 110.686718333, -7.610226667 ], [ 110.686716667, -7.610225 ], [ 110.686716667, -7.610223333 ], [ 110.686716667, -7.61022 ], [ 110.686718333, -7.61022 ], [ 110.686718333, -7.610218333 ], [ 110.686716667, -7.610216667 ], [ 110.686718333, -7.610218333 ], [ 110.686711667, -7.610215 ] ] ] } },
{ "type": "Feature", "properties": { "varietas": "Inpari 32", "kelas_sawah": "sawah", "usia_fase": "3,5 bulan", "lokasi": "Klaten", "source_file": "06_Inpari_KecDelanggu_3,5 Bulan.geojson" }, "geometry": { "type": "Polygon", "coordinates": [ [ [ 110.687468333, -7.610541667 ], [ 110.68747, -7.610541667 ], [ 110.687468333, -7.610541667 ], [ 110.68747, -7.610545 ], [ 110.687468333, -7.610545 ], [ 110.68747, -7.610546667 ], [ 110.687475, -7.610548333 ], [ 110.687478333, -7.610548333 ], [ 110.68748, -7.610546667 ], [ 110.687481667, -7.610545 ], [ 110.687486667, -7.610543333 ], [ 110.68749, -7.610541667 ], [ 110.687493333, -7.61054 ], [ 110.687498333, -7.610536667 ], [ 110.687503333, -7.610533333 ], [ 110.687508333, -7.61053 ], [ 110.687511667, -7.610528333 ], [ 110.687516667, -7.610525 ], [ 110.687521667, -7.610523333 ], [ 110.687525, -7.61052 ], [ 110.687528333, -7.610516667 ], [ 110.68753, -7.610513333 ], [ 110.687533333, -7.610511667 ], [ 110.687536667, -7.610508333 ], [ 110.687538333, -7.610505 ], [ 110.687541667, -7.610501667 ], [ 110.687545, -7.610496667 ], [ 110.687548333, -7.610491667 ], [ 110.687553333, -7.610488333 ], [ 110.687558333, -7.610483333 ], [ 110.687561667, -7.61048 ], [ 110.687566667, -7.610476667 ], [ 110.687571667, -7.610471667 ], [ 110.687576667, -7.610465 ], [ 110.687583333, -7.610458333 ], [ 110.687588333, -7.610453333 ], [ 110.687593333, -7.610448333 ], [ 110.687596667, -7.610445 ], [ 110.6876, -7.610441667 ], [ 110.687605, -7.610436667 ], [ 110.687608333, -7.610431667 ], [ 110.687611667, -7.610426667 ], [ 110.687615, -7.61042 ], [ 110.68762, -7.610416667 ], [ 110.687625, -7.61041 ], [ 110.68763, -7.610403333 ], [ 110.687635, -7.610396667 ], [ 110.68764, -7.61039 ], [ 110.687645, -7.610383333 ], [ 110.68765, -7.610376667 ], [ 110.687656667, -7.610373333 ], [ 110.687661667, -7.610366667 ], [ 110.687668333, -7.610363333 ], [ 110.687671667, -7.610356667 ], [ 110.687676667, -7.610353333 ], [ 110.687683333, -7.610346667 ], [ 110.68769, -7.610343333 ], [ 110.687695, -7.610338333 ], [ 110.687701667, -7.610333333 ], [ 110.687706667, -7.61033 ], [ 110.687711667, -7.610325 ], [ 110.687716667, -7.61032 ], [ 110.687716667, -7.610313333 ], [ 110.68772, -7.610308333 ], [ 110.687728333, -7.610306667 ], [ 110.687731667, -7.6103 ], [ 110.687738333, -7.610293333 ], [ 110.687746667, -7.610285 ], [ 110.687751667, -7.61028 ], [ 110.687761667, -7.610273333 ], [ 110.687768333, -7.610266667 ], [ 110.687771667, -7.610258333 ], [ 110.687776667, -7.610255 ], [ 110.687781667, -7.610246667 ], [ 110.687788333, -7.610241667 ], [ 110.687791667, -7.610238333 ], [ 110.687795, -7.610233333 ], [ 110.687801667, -7.610226667 ], [ 110.687808333, -7.610223333 ], [ 110.687815, -7.610216667 ], [ 110.687821667, -7.610211667 ], [ 110.687825, -7.610205 ], [ 110.687831667, -7.610201667 ], [ 110.687835, -7.610196667 ], [ 110.687836667, -7.61019 ], [ 110.68784, -7.610186667 ], [ 110.687841667, -7.610183333 ], [ 110.687841667, -7.61018 ], [ 110.687841667, -7.610178333 ], [ 110.68784, -7.610178333 ], [ 110.687836667, -7.610176667 ], [ 110.687831667, -7.610176667 ], [ 110.687826667, -7.610175 ], [ 110.687821667, -7.610173333 ], [ 110.687818333, -7.61017 ], [ 110.687816667, -7.610168333 ], [ 110.687815, -7.610168333 ], [ 110.6878, -7.610158333 ], [ 110.687796667, -7.610156667 ], [ 110.687793333, -7.610155 ], [ 110.687788333, -7.610151667 ], [ 110.687783333, -7.610148333 ], [ 110.687778333, -7.610148333 ], [ 110.687773333, -7.610143333 ], [ 110.687766667, -7.610141667 ], [ 110.68776, -7.61014 ], [ 110.687756667, -7.610138333 ], [ 110.68775, -7.610133333 ], [ 110.687745, -7.610128333 ], [ 110.68774, -7.610125 ], [ 110.687735, -7.610121667 ], [ 110.687728333, -7.61012 ], [ 110.687725, -7.61012 ], [ 110.68772, -7.610121667 ], [ 110.687715, -7.610121667 ], [ 110.687711667, -7.61012 ], [ 110.687708333, -7.610116667 ], [ 110.687705, -7.610118333 ], [ 110.6877, -7.610118333 ], [ 110.687696667, -7.610118333 ], [ 110.687693333, -7.610116667 ], [ 110.687685, -7.610115 ], [ 110.687678333, -7.610111667 ], [ 110.687676667, -7.61011 ], [ 110.687673333, -7.610111667 ], [ 110.68767, -7.610115 ], [ 110.687666667, -7.610118333 ], [ 110.687663333, -7.610118333 ], [ 110.68766, -7.610123333 ], [ 110.687653333, -7.610128333 ], [ 110.687646667, -7.610131667 ], [ 110.687641667, -7.610133333 ], [ 110.687636667, -7.610138333 ], [ 110.687631667, -7.610141667 ], [ 110.687626667, -7.610148333 ], [ 110.687621667, -7.610153333 ], [ 110.687616667, -7.610158333 ], [ 110.687611667, -7.610161667 ], [ 110.687608333, -7.61017 ], [ 110.687601667, -7.610173333 ], [ 110.687598333, -7.610178333 ], [ 110.687593333, -7.610183333 ], [ 110.68759, -7.610188333 ], [ 110.687585, -7.610191667 ], [ 110.687578333, -7.610195 ], [ 110.687575, -7.610201667 ], [ 110.68757, -7.610208333 ], [ 110.687565, -7.610213333 ], [ 110.68756, -7.610216667 ], [ 110.687553333, -7.610221667 ], [ 110.687548333, -7.610226667 ], [ 110.687543333, -7.61023 ], [ 110.687538333, -7.610235 ], [ 110.687533333, -7.61024 ], [ 110.687528333, -7.610245 ], [ 110.687523333, -7.610251667 ], [ 110.687516667, -7.610255 ], [ 110.687511667, -7.61026 ], [ 110.687505, -7.610266667 ], [ 110.6875, -7.610271667 ], [ 110.687493333, -7.610278333 ], [ 110.687488333, -7.610283333 ], [ 110.687483333, -7.61029 ], [ 110.687478333, -7.610296667 ], [ 110.687473333, -7.610301667 ], [ 110.687466667, -7.610308333 ], [ 110.687461667, -7.610313333 ], [ 110.687456667, -7.61032 ], [ 110.687451667, -7.610325 ], [ 110.687446667, -7.610331667 ], [ 110.687443333, -7.610336667 ], [ 110.687438333, -7.610341667 ], [ 110.687435, -7.610348333 ], [ 110.687431667, -7.610353333 ], [ 110.687426667, -7.610358333 ], [ 110.687421667, -7.610365 ], [ 110.687416667, -7.610371667 ], [ 110.68741, -7.610376667 ], [ 110.687401667, -7.610383333 ], [ 110.687395, -7.61039 ], [ 110.687388333, -7.610396667 ], [ 110.687383333, -7.610403333 ], [ 110.687378333, -7.61041 ], [ 110.687373333, -7.610415 ], [ 110.687368333, -7.61042 ], [ 110.687361667, -7.610425 ], [ 110.687355, -7.61043 ], [ 110.687348333, -7.610435 ], [ 110.687341667, -7.610441667 ], [ 110.687336667, -7.610446667 ], [ 110.687331667, -7.610453333 ], [ 110.687323333, -7.61046 ], [ 110.687318333, -7.610465 ], [ 110.68731, -7.61047 ], [ 110.687308333, -7.610476667 ], [ 110.687303333, -7.61048 ], [ 110.687303333, -7.610485 ], [ 110.687306667, -7.61049 ], [ 110.687313333, -7.610493333 ], [ 110.687321667, -7.610495 ], [ 110.687328333, -7.610498333 ], [ 110.687335, -7.610501667 ], [ 110.687341667, -7.610503333 ], [ 110.687348333, -7.610505 ], [ 110.687356667, -7.610506667 ], [ 110.687366667, -7.610513333 ], [ 110.687373333, -7.610518333 ], [ 110.68738, -7.61052 ], [ 110.687385, -7.610523333 ], [ 110.687393333, -7.610526667 ], [ 110.687398333, -7.61053 ], [ 110.687403333, -7.610531667 ], [ 110.687411667, -7.610533333 ], [ 110.687418333, -7.61054 ], [ 110.687426667, -7.610543333 ], [ 110.687433333, -7.610545 ], [ 110.687438333, -7.610545 ], [ 110.687443333, -7.610546667 ], [ 110.687448333, -7.61055 ], [ 110.687453333, -7.61055 ], [ 110.687458333, -7.610551667 ], [ 110.687466667, -7.610553333 ], [ 110.687475, -7.610553333 ], [ 110.68748, -7.610553333 ], [ 110.68748, -7.610555 ], [ 110.687481667, -7.610556667 ], [ 110.687481667, -7.610558333 ], [ 110.687481667, -7.61056 ], [ 110.687481667, -7.610561667 ], [ 110.687481667, -7.610565 ], [ 110.687468333, -7.610541667 ] ] ] } },
{ "type": "Feature", "properties": { "varietas": "Membramo", "kelas_sawah": "sawah", "usia_fase": "3 bulan", "lokasi": "Klaten", "source_file": "07_Membramo_KecDelanggu_3 Bulan.geojson" }, "geometry": { "type": "Polygon", "coordinates": [ [ [ 110.687463333, -7.610581667 ], [ 110.687463333, -7.610583333 ], [ 110.687533333, -7.610625 ], [ 110.687535, -7.610623333 ], [ 110.687536667, -7.610623333 ], [ 110.687536667, -7.610621667 ], [ 110.687535, -7.610628333 ], [ 110.68754, -7.61063 ], [ 110.687543333, -7.610631667 ], [ 110.68755, -7.610633333 ], [ 110.68761, -7.610693333 ], [ 110.687603333, -7.610698333 ], [ 110.687596667, -7.610703333 ], [ 110.687591667, -7.610708333 ], [ 110.687585, -7.610715 ], [ 110.68758, -7.610721667 ], [ 110.687573333, -7.610726667 ], [ 110.687568333, -7.610731667 ], [ 110.687565, -7.610738333 ], [ 110.68756, -7.610743333 ], [ 110.687553333, -7.610746667 ], [ 110.687548333, -7.610753333 ], [ 110.68754, -7.61076 ], [ 110.687533333, -7.610766667 ], [ 110.687526667, -7.610771667 ], [ 110.68752, -7.610778333 ], [ 110.687513333, -7.610783333 ], [ 110.687506667, -7.610788333 ], [ 110.6875, -7.610793333 ], [ 110.687493333, -7.6108 ], [ 110.687486667, -7.610805 ], [ 110.68748, -7.610811667 ], [ 110.687476667, -7.610816667 ], [ 110.687471667, -7.610821667 ], [ 110.687466667, -7.610828333 ], [ 110.687461667, -7.610835 ], [ 110.687456667, -7.610841667 ], [ 110.687453333, -7.610846667 ], [ 110.687448333, -7.610851667 ], [ 110.687446667, -7.610856667 ], [ 110.687443333, -7.61086 ], [ 110.68744, -7.610863333 ], [ 110.687436667, -7.610866667 ], [ 110.687433333, -7.610873333 ], [ 110.687426667, -7.610878333 ], [ 110.687421667, -7.610885 ], [ 110.687416667, -7.61089 ], [ 110.687415, -7.610893333 ], [ 110.687413333, -7.610896667 ], [ 110.687411667, -7.6109 ], [ 110.68741, -7.610901667 ], [ 110.687405, -7.610905 ], [ 110.687398333, -7.610911667 ], [ 110.687393333, -7.610918333 ], [ 110.687388333, -7.61092 ], [ 110.687385, -7.610921667 ], [ 110.687381667, -7.610923333 ], [ 110.687378333, -7.610925 ], [ 110.687373333, -7.610923333 ], [ 110.687366667, -7.61092 ], [ 110.687358333, -7.610916667 ], [ 110.687351667, -7.610913333 ], [ 110.687343333, -7.610908333 ], [ 110.687336667, -7.610903333 ], [ 110.68733, -7.610898333 ], [ 110.687321667, -7.610891667 ], [ 110.687315, -7.610886667 ], [ 110.68731, -7.610881667 ], [ 110.687306667, -7.610878333 ], [ 110.687301667, -7.610875 ], [ 110.687298333, -7.610871667 ], [ 110.687293333, -7.610868333 ], [ 110.687288333, -7.610861667 ], [ 110.687281667, -7.610856667 ], [ 110.687273333, -7.61085 ], [ 110.687265, -7.610843333 ], [ 110.687258333, -7.610841667 ], [ 110.687251667, -7.610838333 ], [ 110.68725, -7.610838333 ], [ 110.687245, -7.610835 ], [ 110.68724, -7.610828333 ], [ 110.687236667, -7.610823333 ], [ 110.687233333, -7.610818333 ], [ 110.68723, -7.610815 ], [ 110.687226667, -7.610816667 ], [ 110.687225, -7.610821667 ], [ 110.687218333, -7.61083 ], [ 110.687213333, -7.610836667 ], [ 110.687208333, -7.610845 ], [ 110.687201667, -7.610851667 ], [ 110.687195, -7.61086 ], [ 110.68719, -7.610865 ], [ 110.687188333, -7.610868333 ], [ 110.687186667, -7.610868333 ], [ 110.687188333, -7.610865 ], [ 110.687186667, -7.610861667 ], [ 110.687185, -7.610856667 ], [ 110.687183333, -7.610853333 ], [ 110.687178333, -7.610848333 ], [ 110.687171667, -7.610845 ], [ 110.687168333, -7.610843333 ], [ 110.687166667, -7.610841667 ], [ 110.687163333, -7.610838333 ], [ 110.687156667, -7.610835 ], [ 110.68715, -7.610831667 ], [ 110.687146667, -7.610826667 ], [ 110.687141667, -7.610823333 ], [ 110.687138333, -7.610821667 ], [ 110.687138333, -7.61082 ], [ 110.687135, -7.610815 ], [ 110.68713, -7.610811667 ], [ 110.68712, -7.610806667 ], [ 110.687113333, -7.610803333 ], [ 110.687106667, -7.610796667 ], [ 110.6871, -7.61079 ], [ 110.687095, -7.610783333 ], [ 110.687088333, -7.610778333 ], [ 110.687083333, -7.610773333 ], [ 110.687078333, -7.610768333 ], [ 110.687071667, -7.610763333 ], [ 110.687066667, -7.610758333 ], [ 110.687063333, -7.610755 ], [ 110.68706, -7.61075 ], [ 110.687056667, -7.610745 ], [ 110.687053333, -7.61074 ], [ 110.68705, -7.610733333 ], [ 110.687046667, -7.61073 ], [ 110.687048333, -7.610728333 ], [ 110.687051667, -7.610723333 ], [ 110.687055, -7.610721667 ], [ 110.687058333, -7.610716667 ], [ 110.687065, -7.610715 ], [ 110.68707, -7.610708333 ], [ 110.687073333, -7.610703333 ], [ 110.687076667, -7.6107 ], [ 110.68708, -7.610695 ], [ 110.687085, -7.61069 ], [ 110.687091667, -7.610685 ], [ 110.687096667, -7.61068 ], [ 110.6871, -7.610675 ], [ 110.687105, -7.61067 ], [ 110.687108333, -7.610665 ], [ 110.687113333, -7.61066 ], [ 110.68712, -7.610655 ], [ 110.687126667, -7.610648333 ], [ 110.687133333, -7.610641667 ], [ 110.68714, -7.610635 ], [ 110.687141667, -7.610631667 ], [ 110.687146667, -7.610626667 ], [ 110.68715, -7.610621667 ], [ 110.687155, -7.610615 ], [ 110.687158333, -7.61061 ], [ 110.687163333, -7.610605 ], [ 110.687168333, -7.610603333 ], [ 110.68717, -7.610598333 ], [ 110.687171667, -7.610595 ], [ 110.687176667, -7.61059 ], [ 110.687183333, -7.610583333 ], [ 110.687188333, -7.610578333 ], [ 110.687193333, -7.610575 ], [ 110.6872, -7.610571667 ], [ 110.687203333, -7.610565 ], [ 110.687211667, -7.61056 ], [ 110.687215, -7.610553333 ], [ 110.687218333, -7.610548333 ], [ 110.687223333, -7.610543333 ], [ 110.687228333, -7.61054 ], [ 110.687233333, -7.610535 ], [ 110.687238333, -7.61053 ], [ 110.687246667, -7.610523333 ], [ 110.687251667, -7.610518333 ], [ 110.687256667, -7.610511667 ], [ 110.687261667, -7.610506667 ], [ 110.687268333, -7.6105 ], [ 110.687275, -7.610495 ], [ 110.68728, -7.61049 ], [ 110.687281667, -7.610491667 ], [ 110.687285, -7.610495 ], [ 110.687288333, -7.610496667 ], [ 110.687291667, -7.6105 ], [ 110.687293333, -7.610498333 ], [ 110.687296667, -7.6105 ], [ 110.687301667, -7.610503333 ], [ 110.687308333, -7.610506667 ], [ 110.687315, -7.61051 ], [ 110.687323333, -7.610511667 ], [ 110.687331667, -7.610515 ], [ 110.687336667, -7.61052 ], [ 110.687343333, -7.610523333 ], [ 110.687348333, -7.610525 ], [ 110.687355, -7.610528333 ], [ 110.68736, -7.610531667 ], [ 110.687363333, -7.610533333 ], [ 110.687368333, -7.610535 ], [ 110.687376667, -7.610536667 ], [ 110.687383333, -7.610538333 ], [ 110.687391667, -7.61054 ], [ 110.687396667, -7.610543333 ], [ 110.687401667, -7.610548333 ], [ 110.687403333, -7.610551667 ], [ 110.687405, -7.610555 ], [ 110.687403333, -7.610555 ], [ 110.687408333, -7.610558333 ], [ 110.687413333, -7.610561667 ], [ 110.687421667, -7.610561667 ], [ 110.687426667, -7.610563333 ], [ 110.687431667, -7.610565 ], [ 110.68744, -7.610566667 ], [ 110.687445, -7.61057 ], [ 110.687451667, -7.610573333 ], [ 110.687456667, -7.610575 ], [ 110.68746, -7.610578333 ], [ 110.687465, -7.61058 ], [ 110.687466667, -7.610583333 ], [ 110.687471667, -7.610586667 ], [ 110.68748, -7.61059 ], [ 110.687485, -7.610593333 ], [ 110.687488333, -7.610595 ], [ 110.687491667, -7.610596667 ], [ 110.687493333, -7.610598333 ], [ 110.687495, -7.610598333 ], [ 110.687495, -7.6106 ], [ 110.687496667, -7.610598333 ], [ 110.687498333, -7.610596667 ], [ 110.687463333, -7.610581667 ] ] ] } },
{ "type": "Feature", "properties": { "varietas": "Inpari 32", "kelas_sawah": "sawah", "usia_fase": "3 bulan", "lokasi": "Klaten", "source_file": "08_Inpari_KecDelanggu_3 Bulan.geojson" }, "geometry": { "type": "Polygon", "coordinates": [ [ [ 110.687646667, -7.61147 ], [ 110.687641667, -7.611466667 ], [ 110.68764, -7.611471667 ], [ 110.687636667, -7.611476667 ], [ 110.687636667, -7.611483333 ], [ 110.687635, -7.611485 ], [ 110.687631667, -7.611488333 ], [ 110.687628333, -7.611491667 ], [ 110.687625, -7.611495 ], [ 110.687621667, -7.611498333 ], [ 110.68762, -7.611501667 ], [ 110.687618333, -7.611505 ], [ 110.687616667, -7.61151 ], [ 110.687613333, -7.611515 ], [ 110.687611667, -7.61152 ], [ 110.687608333, -7.611525 ], [ 110.687603333, -7.61153 ], [ 110.687598333, -7.611536667 ], [ 110.687595, -7.61154 ], [ 110.68759, -7.611546667 ], [ 110.687585, -7.611553333 ], [ 110.687578333, -7.61156 ], [ 110.687571667, -7.611566667 ], [ 110.687568333, -7.611573333 ], [ 110.687561667, -7.611578333 ], [ 110.687556667, -7.611585 ], [ 110.687551667, -7.61159 ], [ 110.687545, -7.611596667 ], [ 110.687541667, -7.6116 ], [ 110.687536667, -7.611606667 ], [ 110.687531667, -7.61161 ], [ 110.687528333, -7.611616667 ], [ 110.687525, -7.611623333 ], [ 110.687523333, -7.61163 ], [ 110.68752, -7.611638333 ], [ 110.687518333, -7.611645 ], [ 110.687516667, -7.611651667 ], [ 110.687513333, -7.611658333 ], [ 110.687511667, -7.611665 ], [ 110.68751, -7.611673333 ], [ 110.687508333, -7.611676667 ], [ 110.687503333, -7.611683333 ], [ 110.687498333, -7.611688333 ], [ 110.687491667, -7.611693333 ], [ 110.687488333, -7.6117 ], [ 110.687481667, -7.611706667 ], [ 110.687475, -7.611711667 ], [ 110.687468333, -7.611718333 ], [ 110.68746, -7.611723333 ], [ 110.687455, -7.611731667 ], [ 110.68745, -7.611736667 ], [ 110.687441667, -7.611745 ], [ 110.687436667, -7.61175 ], [ 110.687433333, -7.611755 ], [ 110.68743, -7.611758333 ], [ 110.687425, -7.611763333 ], [ 110.68742, -7.61177 ], [ 110.687415, -7.611775 ], [ 110.68741, -7.611781667 ], [ 110.687403333, -7.611786667 ], [ 110.687396667, -7.611791667 ], [ 110.687391667, -7.611796667 ], [ 110.687386667, -7.611801667 ], [ 110.687383333, -7.611808333 ], [ 110.68738, -7.611813333 ], [ 110.687378333, -7.61182 ], [ 110.687376667, -7.611825 ], [ 110.687375, -7.61183 ], [ 110.687371667, -7.611835 ], [ 110.68737, -7.611838333 ], [ 110.687366667, -7.611845 ], [ 110.687366667, -7.61185 ], [ 110.687366667, -7.611853333 ], [ 110.687368333, -7.611858333 ], [ 110.687371667, -7.61186 ], [ 110.68738, -7.61186 ], [ 110.687388333, -7.61186 ], [ 110.687398333, -7.611858333 ], [ 110.687398333, -7.611865 ], [ 110.687401667, -7.611866667 ], [ 110.687401667, -7.61187 ], [ 110.687401667, -7.611873333 ], [ 110.687405, -7.611878333 ], [ 110.687408333, -7.611881667 ], [ 110.687411667, -7.611886667 ], [ 110.687416667, -7.61189 ], [ 110.687421667, -7.611896667 ], [ 110.687426667, -7.6119 ], [ 110.687431667, -7.611903333 ], [ 110.687436667, -7.611906667 ], [ 110.687441667, -7.611911667 ], [ 110.687448333, -7.611913333 ], [ 110.687456667, -7.611916667 ], [ 110.687463333, -7.611921667 ], [ 110.687471667, -7.611926667 ], [ 110.687475, -7.611933333 ], [ 110.68748, -7.611945 ], [ 110.687483333, -7.611953333 ], [ 110.68749, -7.61196 ], [ 110.687493333, -7.611963333 ], [ 110.687498333, -7.611965 ], [ 110.687503333, -7.611965 ], [ 110.687506667, -7.611963333 ], [ 110.687511667, -7.61196 ], [ 110.687516667, -7.611955 ], [ 110.687518333, -7.611951667 ], [ 110.687523333, -7.611946667 ], [ 110.687528333, -7.611941667 ], [ 110.687533333, -7.611935 ], [ 110.68754, -7.611931667 ], [ 110.687546667, -7.611928333 ], [ 110.687551667, -7.611923333 ], [ 110.687558333, -7.611916667 ], [ 110.687563333, -7.61191 ], [ 110.687566667, -7.611901667 ], [ 110.687571667, -7.611895 ], [ 110.687576667, -7.611886667 ], [ 110.687585, -7.61188 ], [ 110.687588333, -7.611873333 ], [ 110.687591667, -7.611868333 ], [ 110.687595, -7.611861667 ], [ 110.6876, -7.611856667 ], [ 110.687603333, -7.611853333 ], [ 110.687608333, -7.61185 ], [ 110.687611667, -7.611846667 ], [ 110.687615, -7.611841667 ], [ 110.687621667, -7.611836667 ], [ 110.687626667, -7.611831667 ], [ 110.687631667, -7.611826667 ], [ 110.687636667, -7.61182 ], [ 110.687645, -7.611816667 ], [ 110.687648333, -7.61181 ], [ 110.687651667, -7.611808333 ], [ 110.687655, -7.611805 ], [ 110.687656667, -7.611801667 ], [ 110.687658333, -7.6118 ], [ 110.687658333, -7.611796667 ], [ 110.687661667, -7.611791667 ], [ 110.687665, -7.611786667 ], [ 110.68767, -7.61178 ], [ 110.687675, -7.611775 ], [ 110.687676667, -7.611771667 ], [ 110.68768, -7.611766667 ], [ 110.687685, -7.611763333 ], [ 110.687688333, -7.611758333 ], [ 110.687693333, -7.611753333 ], [ 110.687696667, -7.611748333 ], [ 110.687698333, -7.611743333 ], [ 110.687701667, -7.61174 ], [ 110.687703333, -7.611736667 ], [ 110.687706667, -7.611731667 ], [ 110.687711667, -7.611728333 ], [ 110.687715, -7.611723333 ], [ 110.687718333, -7.611718333 ], [ 110.687723333, -7.611713333 ], [ 110.687728333, -7.611705 ], [ 110.687733333, -7.611701667 ], [ 110.687735, -7.611696667 ], [ 110.687738333, -7.611693333 ], [ 110.68774, -7.611688333 ], [ 110.687743333, -7.611683333 ], [ 110.687748333, -7.611678333 ], [ 110.687751667, -7.611671667 ], [ 110.687756667, -7.611665 ], [ 110.687761667, -7.611658333 ], [ 110.687765, -7.611653333 ], [ 110.687768333, -7.61165 ], [ 110.687771667, -7.611645 ], [ 110.687775, -7.611641667 ], [ 110.687778333, -7.611638333 ], [ 110.687781667, -7.611635 ], [ 110.687785, -7.611631667 ], [ 110.687788333, -7.611628333 ], [ 110.68779, -7.611626667 ], [ 110.687791667, -7.611625 ], [ 110.687793333, -7.611621667 ], [ 110.687793333, -7.611618333 ], [ 110.687798333, -7.611613333 ], [ 110.687796667, -7.611606667 ], [ 110.687796667, -7.6116 ], [ 110.687793333, -7.611596667 ], [ 110.68779, -7.611591667 ], [ 110.687788333, -7.611588333 ], [ 110.687786667, -7.611586667 ], [ 110.687785, -7.611583333 ], [ 110.687783333, -7.61158 ], [ 110.68778, -7.611576667 ], [ 110.687778333, -7.611573333 ], [ 110.687775, -7.611568333 ], [ 110.687771667, -7.611563333 ], [ 110.687766667, -7.611558333 ], [ 110.687761667, -7.611555 ], [ 110.687755, -7.611555 ], [ 110.68775, -7.611553333 ], [ 110.687743333, -7.61155 ], [ 110.687741667, -7.611546667 ], [ 110.687743333, -7.611546667 ], [ 110.687741667, -7.611545 ], [ 110.687738333, -7.611545 ], [ 110.687735, -7.611541667 ], [ 110.687731667, -7.61154 ], [ 110.68773, -7.611538333 ], [ 110.687726667, -7.611536667 ], [ 110.687721667, -7.611533333 ], [ 110.687711667, -7.611526667 ], [ 110.687701667, -7.611521667 ], [ 110.687693333, -7.611515 ], [ 110.687686667, -7.611506667 ], [ 110.687681667, -7.611498333 ], [ 110.687673333, -7.611491667 ], [ 110.687668333, -7.611485 ], [ 110.687665, -7.611481667 ], [ 110.687665, -7.611478333 ], [ 110.687665, -7.611476667 ], [ 110.687663333, -7.611473333 ], [ 110.68766, -7.611473333 ], [ 110.687655, -7.61147 ], [ 110.68765, -7.611465 ], [ 110.687643333, -7.611461667 ], [ 110.687641667, -7.611466667 ], [ 110.68764, -7.611468333 ], [ 110.68764, -7.611471667 ], [ 110.687646667, -7.61147 ] ] ] } },
{ "type": "Feature", "properties": { "varietas": "Rojolele Srinuk", "kelas_sawah": "sawah", "usia_fase": "2,5 bulan", "lokasi": "Klaten", "source_file": "09_Rojolele Srinunuk_KecDelanggu_2,5 Bulan.geojson" }, "geometry": { "type": "Polygon", "coordinates": [ [ [ 110.690695, -7.610005 ], [ 110.690706667, -7.609998333 ], [ 110.690708333, -7.609996667 ], [ 110.69071, -7.609991667 ], [ 110.690713333, -7.609986667 ], [ 110.690716667, -7.60998 ], [ 110.690718333, -7.609976667 ], [ 110.690723333, -7.609968333 ], [ 110.690728333, -7.609963333 ], [ 110.690728333, -7.609961667 ], [ 110.690725, -7.609956667 ], [ 110.690728333, -7.609951667 ], [ 110.690731667, -7.609945 ], [ 110.690735, -7.60994 ], [ 110.69074, -7.609935 ], [ 110.690743333, -7.60993 ], [ 110.690746667, -7.609923333 ], [ 110.690751667, -7.609913333 ], [ 110.690756667, -7.609906667 ], [ 110.690761667, -7.609901667 ], [ 110.690765, -7.609895 ], [ 110.690768333, -7.609888333 ], [ 110.69077, -7.60988 ], [ 110.690773333, -7.609875 ], [ 110.690773333, -7.60987 ], [ 110.690773333, -7.609863333 ], [ 110.690778333, -7.609858333 ], [ 110.690783333, -7.609853333 ], [ 110.690788333, -7.609845 ], [ 110.690793333, -7.60984 ], [ 110.690796667, -7.609833333 ], [ 110.6908, -7.609826667 ], [ 110.690801667, -7.60982 ], [ 110.690803333, -7.609811667 ], [ 110.690805, -7.609806667 ], [ 110.690808333, -7.6098 ], [ 110.690811667, -7.609793333 ], [ 110.690816667, -7.609785 ], [ 110.69082, -7.609778333 ], [ 110.690825, -7.609768333 ], [ 110.690831667, -7.60976 ], [ 110.690838333, -7.609753333 ], [ 110.690841667, -7.609746667 ], [ 110.690845, -7.609738333 ], [ 110.690846667, -7.60973 ], [ 110.69085, -7.609721667 ], [ 110.690855, -7.609715 ], [ 110.690856667, -7.609708333 ], [ 110.690856667, -7.609701667 ], [ 110.690861667, -7.609693333 ], [ 110.690863333, -7.609685 ], [ 110.690866667, -7.609676667 ], [ 110.690871667, -7.609671667 ], [ 110.690873333, -7.609666667 ], [ 110.690878333, -7.609661667 ], [ 110.69088, -7.609653333 ], [ 110.690883333, -7.609646667 ], [ 110.690886667, -7.609641667 ], [ 110.690888333, -7.609636667 ], [ 110.690891667, -7.609628333 ], [ 110.690895, -7.609621667 ], [ 110.690898333, -7.609616667 ], [ 110.690901667, -7.609613333 ], [ 110.690905, -7.609605 ], [ 110.690908333, -7.6096 ], [ 110.690911667, -7.609593333 ], [ 110.690911667, -7.609586667 ], [ 110.690913333, -7.609581667 ], [ 110.690913333, -7.609575 ], [ 110.690911667, -7.609573333 ], [ 110.690911667, -7.60957 ], [ 110.69091, -7.609568333 ], [ 110.690913333, -7.609568333 ], [ 110.690915, -7.609565 ], [ 110.69092, -7.609561667 ], [ 110.690925, -7.609556667 ], [ 110.69093, -7.60955 ], [ 110.69093, -7.609541667 ], [ 110.690933333, -7.609533333 ], [ 110.690938333, -7.609528333 ], [ 110.690943333, -7.60952 ], [ 110.690948333, -7.609513333 ], [ 110.690953333, -7.609503333 ], [ 110.690956667, -7.609491667 ], [ 110.690963333, -7.609483333 ], [ 110.690966667, -7.609476667 ], [ 110.69097, -7.609468333 ], [ 110.690973333, -7.60946 ], [ 110.690976667, -7.60945 ], [ 110.690981667, -7.609441667 ], [ 110.690981667, -7.609435 ], [ 110.690983333, -7.609426667 ], [ 110.690983333, -7.609418333 ], [ 110.690981667, -7.609413333 ], [ 110.69098, -7.60941 ], [ 110.690978333, -7.609406667 ], [ 110.690976667, -7.609405 ], [ 110.69097, -7.609405 ], [ 110.69096, -7.609403333 ], [ 110.69095, -7.609401667 ], [ 110.690943333, -7.6094 ], [ 110.690935, -7.6094 ], [ 110.69093, -7.609401667 ], [ 110.690923333, -7.609401667 ], [ 110.690916667, -7.6094 ], [ 110.69091, -7.6094 ], [ 110.690901667, -7.6094 ], [ 110.690896667, -7.609396667 ], [ 110.69089, -7.609396667 ], [ 110.690881667, -7.609396667 ], [ 110.690875, -7.609396667 ], [ 110.690868333, -7.609398333 ], [ 110.690861667, -7.609396667 ], [ 110.690858333, -7.609396667 ], [ 110.690856667, -7.609395 ], [ 110.690858333, -7.609393333 ], [ 110.690856667, -7.609393333 ], [ 110.690858333, -7.609393333 ], [ 110.69086, -7.609395 ], [ 110.690851667, -7.609401667 ], [ 110.69085, -7.609408333 ], [ 110.690845, -7.609416667 ], [ 110.690843333, -7.609423333 ], [ 110.690838333, -7.60943 ], [ 110.690835, -7.609433333 ], [ 110.690831667, -7.609438333 ], [ 110.690826667, -7.609443333 ], [ 110.690825, -7.609446667 ], [ 110.690825, -7.609453333 ], [ 110.690821667, -7.609461667 ], [ 110.69082, -7.60947 ], [ 110.690818333, -7.609473333 ], [ 110.690815, -7.60948 ], [ 110.690811667, -7.609488333 ], [ 110.69081, -7.609491667 ], [ 110.690806667, -7.609495 ], [ 110.690803333, -7.609498333 ], [ 110.690798333, -7.609505 ], [ 110.690796667, -7.60951 ], [ 110.690795, -7.609511667 ], [ 110.690795, -7.60952 ], [ 110.690791667, -7.609526667 ], [ 110.690788333, -7.609528333 ], [ 110.690786667, -7.609533333 ], [ 110.690785, -7.609536667 ], [ 110.690783333, -7.609535 ], [ 110.690778333, -7.609535 ], [ 110.690775, -7.609533333 ], [ 110.69077, -7.60953 ], [ 110.690763333, -7.609528333 ], [ 110.690756667, -7.609525 ], [ 110.690748333, -7.60952 ], [ 110.690741667, -7.609515 ], [ 110.690733333, -7.609513333 ], [ 110.690726667, -7.609516667 ], [ 110.690716667, -7.609516667 ], [ 110.69071, -7.609516667 ], [ 110.690698333, -7.609515 ], [ 110.690688333, -7.609513333 ], [ 110.690678333, -7.609513333 ], [ 110.69067, -7.609513333 ], [ 110.690661667, -7.609511667 ], [ 110.690656667, -7.609508333 ], [ 110.690648333, -7.609508333 ], [ 110.690641667, -7.609506667 ], [ 110.690636667, -7.609506667 ], [ 110.69063, -7.609501667 ], [ 110.690621667, -7.6095 ], [ 110.690616667, -7.609498333 ], [ 110.69061, -7.609496667 ], [ 110.690601667, -7.609493333 ], [ 110.690593333, -7.609493333 ], [ 110.69059, -7.609493333 ], [ 110.690588333, -7.609491667 ], [ 110.690581667, -7.60949 ], [ 110.690573333, -7.609488333 ], [ 110.690568333, -7.609488333 ], [ 110.690563333, -7.609488333 ], [ 110.690558333, -7.60949 ], [ 110.690551667, -7.609488333 ], [ 110.69054, -7.609488333 ], [ 110.690531667, -7.609485 ], [ 110.690523333, -7.609483333 ], [ 110.690515, -7.609481667 ], [ 110.69051, -7.609478333 ], [ 110.690506667, -7.609476667 ], [ 110.690498333, -7.609475 ], [ 110.69049, -7.609471667 ], [ 110.69048, -7.60947 ], [ 110.690468333, -7.60947 ], [ 110.690461667, -7.609468333 ], [ 110.690456667, -7.609463333 ], [ 110.690453333, -7.609461667 ], [ 110.69045, -7.60946 ], [ 110.690446667, -7.609456667 ], [ 110.690441667, -7.609456667 ], [ 110.690433333, -7.609455 ], [ 110.690425, -7.609453333 ], [ 110.690416667, -7.60945 ], [ 110.690406667, -7.609448333 ], [ 110.690398333, -7.609448333 ], [ 110.690393333, -7.609446667 ], [ 110.690385, -7.609443333 ], [ 110.690381667, -7.60944 ], [ 110.690378333, -7.60944 ], [ 110.690373333, -7.609436667 ], [ 110.690368333, -7.609433333 ], [ 110.690366667, -7.609433333 ], [ 110.690365, -7.609431667 ], [ 110.690365, -7.609428333 ], [ 110.690351667, -7.609443333 ], [ 110.690348333, -7.609445 ], [ 110.690346667, -7.609451667 ], [ 110.690343333, -7.609455 ], [ 110.69034, -7.60946 ], [ 110.690335, -7.609465 ], [ 110.690331667, -7.60947 ], [ 110.69033, -7.609473333 ], [ 110.690328333, -7.609476667 ], [ 110.690323333, -7.609483333 ], [ 110.69032, -7.60949 ], [ 110.690318333, -7.609493333 ], [ 110.690313333, -7.609498333 ], [ 110.69031, -7.609505 ], [ 110.69031, -7.609511667 ], [ 110.69031, -7.609518333 ], [ 110.690306667, -7.609521667 ], [ 110.690303333, -7.609526667 ], [ 110.690298333, -7.609533333 ], [ 110.690296667, -7.609538333 ], [ 110.690291667, -7.609546667 ], [ 110.69029, -7.609551667 ], [ 110.690293333, -7.609556667 ], [ 110.690291667, -7.609558333 ], [ 110.690295, -7.609558333 ], [ 110.690296667, -7.60956 ], [ 110.690295, -7.609563333 ], [ 110.690298333, -7.60957 ], [ 110.6903, -7.609575 ], [ 110.690305, -7.60958 ], [ 110.690308333, -7.609585 ], [ 110.690313333, -7.609586667 ], [ 110.69032, -7.609591667 ], [ 110.690326667, -7.609595 ], [ 110.690333333, -7.609598333 ], [ 110.690338333, -7.609605 ], [ 110.690343333, -7.609611667 ], [ 110.690351667, -7.60962 ], [ 110.690358333, -7.609628333 ], [ 110.690363333, -7.609636667 ], [ 110.690371667, -7.609645 ], [ 110.690381667, -7.60965 ], [ 110.690388333, -7.609656667 ], [ 110.690396667, -7.609663333 ], [ 110.690405, -7.60967 ], [ 110.69041, -7.60968 ], [ 110.690418333, -7.609685 ], [ 110.690425, -7.60969 ], [ 110.69043, -7.609696667 ], [ 110.690435, -7.609701667 ], [ 110.690441667, -7.609706667 ], [ 110.690448333, -7.609715 ], [ 110.690455, -7.60972 ], [ 110.69046, -7.609726667 ], [ 110.690465, -7.609731667 ], [ 110.69047, -7.609735 ], [ 110.690476667, -7.609741667 ], [ 110.690483333, -7.60975 ], [ 110.690491667, -7.609756667 ], [ 110.690496667, -7.609761667 ], [ 110.690503333, -7.609766667 ], [ 110.690511667, -7.609773333 ], [ 110.690518333, -7.60978 ], [ 110.690526667, -7.609788333 ], [ 110.690533333, -7.609798333 ], [ 110.690541667, -7.609803333 ], [ 110.690551667, -7.609806667 ], [ 110.69056, -7.609811667 ], [ 110.690565, -7.60982 ], [ 110.690568333, -7.609826667 ], [ 110.690573333, -7.609831667 ], [ 110.690578333, -7.60984 ], [ 110.690583333, -7.609843333 ], [ 110.690588333, -7.60985 ], [ 110.690595, -7.609858333 ], [ 110.690601667, -7.609865 ], [ 110.690606667, -7.609873333 ], [ 110.690611667, -7.609878333 ], [ 110.690615, -7.60988 ], [ 110.690618333, -7.609885 ], [ 110.690618333, -7.609891667 ], [ 110.690621667, -7.609895 ], [ 110.690623333, -7.6099 ], [ 110.690628333, -7.609906667 ], [ 110.690631667, -7.609913333 ], [ 110.690636667, -7.60992 ], [ 110.690641667, -7.609925 ], [ 110.690645, -7.609935 ], [ 110.690648333, -7.609941667 ], [ 110.690655, -7.609948333 ], [ 110.690661667, -7.609953333 ], [ 110.690666667, -7.60996 ], [ 110.690671667, -7.609965 ], [ 110.690676667, -7.609971667 ], [ 110.690681667, -7.609983333 ], [ 110.690681667, -7.609991667 ], [ 110.690685, -7.609996667 ], [ 110.690688333, -7.609996667 ], [ 110.690693333, -7.609998333 ], [ 110.690696667, -7.61 ], [ 110.690698333, -7.610001667 ], [ 110.6907, -7.610001667 ], [ 110.6907, -7.610003333 ], [ 110.690696667, -7.61 ], [ 110.690695, -7.610005 ] ] ] } },
{ "type": "Feature", "properties": { "varietas": "Rojolele Srinuk", "kelas_sawah": "sawah", "usia_fase": "3 bulan", "lokasi": "Klaten", "source_file": "10_Rojolele Srinunuk_KecDelanggu_3 Bulan.geojson" }, "geometry": { "type": "Polygon", "coordinates": [ [ [ 110.690756667, -7.611701667 ], [ 110.69074, -7.611701667 ], [ 110.690736667, -7.611705 ], [ 110.690735, -7.611705 ], [ 110.690731667, -7.611708333 ], [ 110.69073, -7.611711667 ], [ 110.690726667, -7.611716667 ], [ 110.690723333, -7.611721667 ], [ 110.69072, -7.611725 ], [ 110.69072, -7.61173 ], [ 110.690715, -7.611731667 ], [ 110.690711667, -7.611736667 ], [ 110.690706667, -7.61174 ], [ 110.690705, -7.611743333 ], [ 110.690701667, -7.611746667 ], [ 110.6907, -7.61175 ], [ 110.690696667, -7.611753333 ], [ 110.69069, -7.61176 ], [ 110.690685, -7.611765 ], [ 110.690681667, -7.611771667 ], [ 110.690675, -7.611778333 ], [ 110.690671667, -7.611783333 ], [ 110.690665, -7.611786667 ], [ 110.690661667, -7.611788333 ], [ 110.690658333, -7.611793333 ], [ 110.690656667, -7.611798333 ], [ 110.690653333, -7.611801667 ], [ 110.69065, -7.611803333 ], [ 110.690646667, -7.61181 ], [ 110.690641667, -7.611815 ], [ 110.690636667, -7.611821667 ], [ 110.690633333, -7.611823333 ], [ 110.69063, -7.61183 ], [ 110.690625, -7.611835 ], [ 110.690621667, -7.61184 ], [ 110.690616667, -7.611845 ], [ 110.690615, -7.61185 ], [ 110.690611667, -7.611853333 ], [ 110.690608333, -7.611856667 ], [ 110.690605, -7.61186 ], [ 110.690601667, -7.611865 ], [ 110.690598333, -7.611868333 ], [ 110.690595, -7.611873333 ], [ 110.690591667, -7.611876667 ], [ 110.690588333, -7.611881667 ], [ 110.690585, -7.611885 ], [ 110.69058, -7.611885 ], [ 110.690573333, -7.611891667 ], [ 110.69057, -7.611895 ], [ 110.690565, -7.611901667 ], [ 110.690561667, -7.611903333 ], [ 110.690558333, -7.611906667 ], [ 110.690555, -7.61191 ], [ 110.690553333, -7.611915 ], [ 110.690548333, -7.61192 ], [ 110.690545, -7.611923333 ], [ 110.690541667, -7.611926667 ], [ 110.690536667, -7.611931667 ], [ 110.690533333, -7.611936667 ], [ 110.690531667, -7.611938333 ], [ 110.690528333, -7.611943333 ], [ 110.690526667, -7.611946667 ], [ 110.690525, -7.611948333 ], [ 110.690521667, -7.611951667 ], [ 110.690516667, -7.611956667 ], [ 110.690511667, -7.61196 ], [ 110.690506667, -7.611965 ], [ 110.6905, -7.61197 ], [ 110.690493333, -7.611975 ], [ 110.690486667, -7.611981667 ], [ 110.690485, -7.611985 ], [ 110.690481667, -7.611988333 ], [ 110.690475, -7.611993333 ], [ 110.69047, -7.612 ], [ 110.690463333, -7.612003333 ], [ 110.690458333, -7.612008333 ], [ 110.69045, -7.612015 ], [ 110.690445, -7.612021667 ], [ 110.690441667, -7.612028333 ], [ 110.690438333, -7.612033333 ], [ 110.690433333, -7.612038333 ], [ 110.69043, -7.612041667 ], [ 110.690428333, -7.612045 ], [ 110.690425, -7.612048333 ], [ 110.690421667, -7.612053333 ], [ 110.690416667, -7.61206 ], [ 110.690413333, -7.612065 ], [ 110.690408333, -7.61207 ], [ 110.690405, -7.612076667 ], [ 110.690401667, -7.61208 ], [ 110.690395, -7.612085 ], [ 110.690391667, -7.612088333 ], [ 110.690388333, -7.612091667 ], [ 110.690383333, -7.612095 ], [ 110.690378333, -7.6121 ], [ 110.690375, -7.612106667 ], [ 110.69037, -7.61211 ], [ 110.690368333, -7.612111667 ], [ 110.690365, -7.612115 ], [ 110.690365, -7.612118333 ], [ 110.690366667, -7.612118333 ], [ 110.690366667, -7.61212 ], [ 110.690363333, -7.612123333 ], [ 110.690363333, -7.612126667 ], [ 110.690361667, -7.612128333 ], [ 110.690355, -7.612133333 ], [ 110.69035, -7.61214 ], [ 110.690343333, -7.612146667 ], [ 110.690336667, -7.612151667 ], [ 110.690335, -7.612155 ], [ 110.690331667, -7.612158333 ], [ 110.690326667, -7.612165 ], [ 110.690326667, -7.612168333 ], [ 110.690326667, -7.612173333 ], [ 110.690328333, -7.612175 ], [ 110.690331667, -7.612175 ], [ 110.690333333, -7.612175 ], [ 110.690335, -7.612175 ], [ 110.690338333, -7.612176667 ], [ 110.690343333, -7.61218 ], [ 110.69035, -7.612183333 ], [ 110.690356667, -7.612186667 ], [ 110.690361667, -7.612186667 ], [ 110.690366667, -7.612191667 ], [ 110.690376667, -7.612203333 ], [ 110.690383333, -7.61221 ], [ 110.690388333, -7.612216667 ], [ 110.690393333, -7.61222 ], [ 110.690393333, -7.612225 ], [ 110.690393333, -7.612226667 ], [ 110.690391667, -7.612226667 ], [ 110.690391667, -7.612228333 ], [ 110.69039, -7.612228333 ], [ 110.690391667, -7.612231667 ], [ 110.690391667, -7.612228333 ], [ 110.690393333, -7.612225 ], [ 110.690391667, -7.612223333 ], [ 110.690396667, -7.612218333 ], [ 110.690403333, -7.612215 ], [ 110.690411667, -7.612208333 ], [ 110.690421667, -7.612201667 ], [ 110.690431667, -7.612195 ], [ 110.690441667, -7.61219 ], [ 110.690451667, -7.612188333 ], [ 110.69046, -7.612181667 ], [ 110.690468333, -7.612176667 ], [ 110.690475, -7.612173333 ], [ 110.690481667, -7.61217 ], [ 110.690483333, -7.612165 ], [ 110.690486667, -7.612158333 ], [ 110.69049, -7.61215 ], [ 110.690495, -7.612141667 ], [ 110.6905, -7.612136667 ], [ 110.690508333, -7.61213 ], [ 110.690515, -7.612123333 ], [ 110.69052, -7.612116667 ], [ 110.690525, -7.612111667 ], [ 110.690531667, -7.612105 ], [ 110.690536667, -7.612098333 ], [ 110.69054, -7.612093333 ], [ 110.690543333, -7.612086667 ], [ 110.690548333, -7.612081667 ], [ 110.690553333, -7.612078333 ], [ 110.690556667, -7.612075 ], [ 110.690561667, -7.612068333 ], [ 110.690568333, -7.612063333 ], [ 110.690575, -7.612056667 ], [ 110.69058, -7.612051667 ], [ 110.690585, -7.612046667 ], [ 110.690591667, -7.612038333 ], [ 110.690595, -7.612033333 ], [ 110.6906, -7.612026667 ], [ 110.690603333, -7.612023333 ], [ 110.690608333, -7.612016667 ], [ 110.690613333, -7.612011667 ], [ 110.690618333, -7.612003333 ], [ 110.690621667, -7.611996667 ], [ 110.690626667, -7.61199 ], [ 110.690631667, -7.611985 ], [ 110.69064, -7.611978333 ], [ 110.690645, -7.611973333 ], [ 110.690648333, -7.611973333 ], [ 110.69065, -7.611971667 ], [ 110.690651667, -7.61197 ], [ 110.690656667, -7.611965 ], [ 110.690661667, -7.61196 ], [ 110.690665, -7.611951667 ], [ 110.69067, -7.611946667 ], [ 110.690675, -7.61194 ], [ 110.690681667, -7.611933333 ], [ 110.690688333, -7.611925 ], [ 110.690695, -7.611918333 ], [ 110.690701667, -7.611906667 ], [ 110.690705, -7.6119 ], [ 110.690713333, -7.611891667 ], [ 110.69072, -7.611885 ], [ 110.690726667, -7.611876667 ], [ 110.690733333, -7.611871667 ], [ 110.690738333, -7.611863333 ], [ 110.690741667, -7.611856667 ], [ 110.690748333, -7.611851667 ], [ 110.690753333, -7.611841667 ], [ 110.690761667, -7.611833333 ], [ 110.690766667, -7.611828333 ], [ 110.690773333, -7.611821667 ], [ 110.690778333, -7.611816667 ], [ 110.690783333, -7.611811667 ], [ 110.69079, -7.611805 ], [ 110.690795, -7.611798333 ], [ 110.6908, -7.611791667 ], [ 110.690808333, -7.611785 ], [ 110.690816667, -7.611778333 ], [ 110.69082, -7.61177 ], [ 110.690825, -7.61176 ], [ 110.69083, -7.611755 ], [ 110.690836667, -7.611748333 ], [ 110.690846667, -7.61174 ], [ 110.69085, -7.611733333 ], [ 110.690856667, -7.611728333 ], [ 110.690861667, -7.611725 ], [ 110.690861667, -7.61172 ], [ 110.690856667, -7.611716667 ], [ 110.690851667, -7.611715 ], [ 110.690843333, -7.611713333 ], [ 110.690835, -7.611708333 ], [ 110.690825, -7.611708333 ], [ 110.690818333, -7.61171 ], [ 110.69081, -7.611711667 ], [ 110.690803333, -7.611708333 ], [ 110.690791667, -7.611703333 ], [ 110.690785, -7.611705 ], [ 110.690781667, -7.611706667 ], [ 110.690778333, -7.61171 ], [ 110.690771667, -7.611713333 ], [ 110.690768333, -7.611711667 ], [ 110.69076, -7.611711667 ], [ 110.690755, -7.61171 ], [ 110.690753333, -7.61171 ], [ 110.690751667, -7.61171 ], [ 110.690751667, -7.611711667 ], [ 110.69075, -7.61171 ], [ 110.690751667, -7.611708333 ], [ 110.690753333, -7.611706667 ], [ 110.690755, -7.611705 ], [ 110.690756667, -7.611703333 ], [ 110.690756667, -7.611701667 ] ] ] } },
{ "type": "Feature", "properties": { "varietas": "Rojolele Srinuk", "kelas_sawah": "sawah", "usia_fase": "2 bulan", "lokasi": "Klaten", "source_file": "11_Rojolele Srinunuk_KecDelanggu_2 Bulan.geojson" }, "geometry": { "type": "Polygon", "coordinates": [ [ [ 110.692311667, -7.612078333 ], [ 110.69231, -7.612076667 ], [ 110.692308333, -7.612076667 ], [ 110.692318333, -7.612065 ], [ 110.692325, -7.61206 ], [ 110.69233, -7.612053333 ], [ 110.692335, -7.612045 ], [ 110.692341667, -7.612038333 ], [ 110.69235, -7.612031667 ], [ 110.692353333, -7.612021667 ], [ 110.692355, -7.612015 ], [ 110.692356667, -7.612008333 ], [ 110.692361667, -7.612 ], [ 110.692365, -7.611993333 ], [ 110.692371667, -7.611986667 ], [ 110.692376667, -7.611981667 ], [ 110.692383333, -7.611976667 ], [ 110.692388333, -7.611971667 ], [ 110.69239, -7.611965 ], [ 110.692391667, -7.611956667 ], [ 110.692396667, -7.61195 ], [ 110.6924, -7.611941667 ], [ 110.692405, -7.611933333 ], [ 110.69241, -7.611923333 ], [ 110.692413333, -7.611915 ], [ 110.69242, -7.611903333 ], [ 110.692423333, -7.611895 ], [ 110.692428333, -7.611886667 ], [ 110.692433333, -7.61188 ], [ 110.692438333, -7.611873333 ], [ 110.692443333, -7.611866667 ], [ 110.692448333, -7.61186 ], [ 110.692451667, -7.611851667 ], [ 110.692455, -7.611845 ], [ 110.692456667, -7.611835 ], [ 110.69246, -7.611825 ], [ 110.692465, -7.611816667 ], [ 110.69247, -7.611805 ], [ 110.692475, -7.611795 ], [ 110.69248, -7.611788333 ], [ 110.692483333, -7.611778333 ], [ 110.692485, -7.611771667 ], [ 110.692488333, -7.611763333 ], [ 110.692493333, -7.611755 ], [ 110.692498333, -7.611743333 ], [ 110.692501667, -7.611736667 ], [ 110.69251, -7.611726667 ], [ 110.692515, -7.611716667 ], [ 110.692521667, -7.611705 ], [ 110.69253, -7.611695 ], [ 110.692533333, -7.611688333 ], [ 110.692538333, -7.611678333 ], [ 110.692541667, -7.611666667 ], [ 110.692545, -7.611658333 ], [ 110.69255, -7.611651667 ], [ 110.692553333, -7.611643333 ], [ 110.692558333, -7.611635 ], [ 110.692563333, -7.611626667 ], [ 110.692566667, -7.61162 ], [ 110.69257, -7.611611667 ], [ 110.692571667, -7.611603333 ], [ 110.692576667, -7.611598333 ], [ 110.69258, -7.611588333 ], [ 110.692585, -7.611581667 ], [ 110.692588333, -7.611573333 ], [ 110.692591667, -7.611566667 ], [ 110.692593333, -7.611556667 ], [ 110.692591667, -7.611548333 ], [ 110.692593333, -7.611541667 ], [ 110.692595, -7.611538333 ], [ 110.692598333, -7.611538333 ], [ 110.692595, -7.611538333 ], [ 110.692593333, -7.611535 ], [ 110.692595, -7.61153 ], [ 110.692598333, -7.611521667 ], [ 110.692606667, -7.611511667 ], [ 110.692615, -7.611501667 ], [ 110.692623333, -7.611488333 ], [ 110.692626667, -7.611475 ], [ 110.692631667, -7.611466667 ], [ 110.69264, -7.611456667 ], [ 110.692643333, -7.61145 ], [ 110.692643333, -7.611443333 ], [ 110.692648333, -7.61143 ], [ 110.692653333, -7.611423333 ], [ 110.692656667, -7.611416667 ], [ 110.69266, -7.611406667 ], [ 110.692665, -7.611396667 ], [ 110.69267, -7.61139 ], [ 110.692671667, -7.611381667 ], [ 110.692678333, -7.611373333 ], [ 110.692686667, -7.611363333 ], [ 110.692693333, -7.611355 ], [ 110.692698333, -7.611346667 ], [ 110.692703333, -7.611335 ], [ 110.69271, -7.611325 ], [ 110.692713333, -7.611311667 ], [ 110.692716667, -7.611303333 ], [ 110.69272, -7.611293333 ], [ 110.692723333, -7.611286667 ], [ 110.692725, -7.611285 ], [ 110.692731667, -7.611281667 ], [ 110.692733333, -7.611278333 ], [ 110.692733333, -7.61128 ], [ 110.69273, -7.61128 ], [ 110.69273, -7.611283333 ], [ 110.692731667, -7.61128 ], [ 110.692731667, -7.611278333 ], [ 110.692735, -7.611273333 ], [ 110.692736667, -7.611265 ], [ 110.692738333, -7.611255 ], [ 110.692745, -7.611248333 ], [ 110.692751667, -7.61124 ], [ 110.692753333, -7.611231667 ], [ 110.692755, -7.61122 ], [ 110.692756667, -7.611211667 ], [ 110.692761667, -7.611205 ], [ 110.692766667, -7.611196667 ], [ 110.692773333, -7.611185 ], [ 110.692773333, -7.611178333 ], [ 110.692775, -7.611168333 ], [ 110.69278, -7.611161667 ], [ 110.692786667, -7.611153333 ], [ 110.692791667, -7.611143333 ], [ 110.692795, -7.611136667 ], [ 110.692798333, -7.611128333 ], [ 110.692805, -7.611118333 ], [ 110.692813333, -7.611106667 ], [ 110.692816667, -7.611095 ], [ 110.692821667, -7.611086667 ], [ 110.692825, -7.61108 ], [ 110.69283, -7.611073333 ], [ 110.692833333, -7.611065 ], [ 110.692836667, -7.61106 ], [ 110.692841667, -7.611051667 ], [ 110.692845, -7.611043333 ], [ 110.692848333, -7.611035 ], [ 110.69285, -7.611028333 ], [ 110.69285, -7.61102 ], [ 110.692853333, -7.611011667 ], [ 110.69286, -7.611005 ], [ 110.692863333, -7.610996667 ], [ 110.692866667, -7.610988333 ], [ 110.692871667, -7.61098 ], [ 110.692876667, -7.610971667 ], [ 110.69288, -7.610963333 ], [ 110.692883333, -7.610955 ], [ 110.69289, -7.610946667 ], [ 110.692896667, -7.610941667 ], [ 110.692905, -7.610935 ], [ 110.69291, -7.610928333 ], [ 110.692913333, -7.610923333 ], [ 110.692916667, -7.610916667 ], [ 110.692925, -7.61091 ], [ 110.692935, -7.610903333 ], [ 110.692941667, -7.610901667 ], [ 110.692941667, -7.610903333 ], [ 110.69294, -7.610906667 ], [ 110.692943333, -7.610905 ], [ 110.692948333, -7.610905 ], [ 110.692953333, -7.610908333 ], [ 110.692958333, -7.61091 ], [ 110.692963333, -7.610911667 ], [ 110.692971667, -7.610913333 ], [ 110.692975, -7.610915 ], [ 110.692978333, -7.610916667 ], [ 110.692981667, -7.61092 ], [ 110.692988333, -7.610921667 ], [ 110.692991667, -7.610925 ], [ 110.692996667, -7.61093 ], [ 110.693003333, -7.610933333 ], [ 110.693008333, -7.610938333 ], [ 110.693013333, -7.610941667 ], [ 110.69302, -7.610945 ], [ 110.693025, -7.610953333 ], [ 110.693025, -7.610963333 ], [ 110.693025, -7.610971667 ], [ 110.69302, -7.610981667 ], [ 110.693018333, -7.61099 ], [ 110.693013333, -7.611 ], [ 110.693011667, -7.611008333 ], [ 110.69301, -7.611011667 ], [ 110.693008333, -7.611018333 ], [ 110.693008333, -7.61102 ], [ 110.693006667, -7.61102 ], [ 110.693006667, -7.611016667 ], [ 110.693008333, -7.611015 ], [ 110.693011667, -7.611013333 ], [ 110.693018333, -7.611016667 ], [ 110.693023333, -7.61102 ], [ 110.693028333, -7.611026667 ], [ 110.693036667, -7.61103 ], [ 110.693043333, -7.611033333 ], [ 110.69305, -7.611036667 ], [ 110.693058333, -7.61104 ], [ 110.693065, -7.611045 ], [ 110.69307, -7.611048333 ], [ 110.693075, -7.611053333 ], [ 110.693083333, -7.611056667 ], [ 110.69309, -7.611061667 ], [ 110.693095, -7.611061667 ], [ 110.693103333, -7.611066667 ], [ 110.693111667, -7.611068333 ], [ 110.693118333, -7.611073333 ], [ 110.693123333, -7.611078333 ], [ 110.693121667, -7.611085 ], [ 110.69312, -7.611093333 ], [ 110.693116667, -7.611103333 ], [ 110.693113333, -7.61111 ], [ 110.69311, -7.61112 ], [ 110.693108333, -7.61113 ], [ 110.6931, -7.611136667 ], [ 110.693091667, -7.611143333 ], [ 110.693086667, -7.611153333 ], [ 110.693083333, -7.611165 ], [ 110.693078333, -7.611173333 ], [ 110.693075, -7.611183333 ], [ 110.693071667, -7.61119 ], [ 110.693066667, -7.611198333 ], [ 110.69306, -7.611208333 ], [ 110.693053333, -7.611216667 ], [ 110.69305, -7.611225 ], [ 110.693048333, -7.611236667 ], [ 110.693043333, -7.611245 ], [ 110.693036667, -7.611253333 ], [ 110.69303, -7.61126 ], [ 110.693028333, -7.611271667 ], [ 110.693023333, -7.611281667 ], [ 110.693021667, -7.611288333 ], [ 110.69302, -7.611293333 ], [ 110.693018333, -7.611296667 ], [ 110.693018333, -7.6113 ], [ 110.693016667, -7.611305 ], [ 110.693013333, -7.611311667 ], [ 110.69301, -7.611318333 ], [ 110.693003333, -7.611326667 ], [ 110.692996667, -7.611335 ], [ 110.692993333, -7.611341667 ], [ 110.692991667, -7.611348333 ], [ 110.692985, -7.611358333 ], [ 110.692978333, -7.611366667 ], [ 110.692973333, -7.611376667 ], [ 110.692968333, -7.611386667 ], [ 110.692965, -7.611395 ], [ 110.692963333, -7.611406667 ], [ 110.69296, -7.611411667 ], [ 110.692955, -7.611423333 ], [ 110.69295, -7.611431667 ], [ 110.692946667, -7.611438333 ], [ 110.692941667, -7.61145 ], [ 110.69294, -7.61146 ], [ 110.692938333, -7.611473333 ], [ 110.692933333, -7.611483333 ], [ 110.692926667, -7.611493333 ], [ 110.69292, -7.611501667 ], [ 110.692913333, -7.61151 ], [ 110.692906667, -7.61152 ], [ 110.692901667, -7.611528333 ], [ 110.692895, -7.611538333 ], [ 110.692891667, -7.611546667 ], [ 110.692886667, -7.611555 ], [ 110.69288, -7.611565 ], [ 110.692875, -7.611575 ], [ 110.69287, -7.611585 ], [ 110.692866667, -7.611593333 ], [ 110.692863333, -7.611601667 ], [ 110.69286, -7.61161 ], [ 110.692853333, -7.61162 ], [ 110.69285, -7.611628333 ], [ 110.692843333, -7.611641667 ], [ 110.69284, -7.61165 ], [ 110.692836667, -7.611658333 ], [ 110.69283, -7.611666667 ], [ 110.692823333, -7.611675 ], [ 110.692815, -7.611685 ], [ 110.69281, -7.611691667 ], [ 110.692805, -7.611703333 ], [ 110.6928, -7.611715 ], [ 110.692798333, -7.611723333 ], [ 110.692795, -7.611733333 ], [ 110.692786667, -7.611741667 ], [ 110.692781667, -7.611745 ], [ 110.69278, -7.611745 ], [ 110.69278, -7.611748333 ], [ 110.69278, -7.611751667 ], [ 110.692775, -7.611761667 ], [ 110.692771667, -7.61177 ], [ 110.692765, -7.61178 ], [ 110.69276, -7.61179 ], [ 110.692755, -7.6118 ], [ 110.692751667, -7.611808333 ], [ 110.69275, -7.611816667 ], [ 110.692746667, -7.611825 ], [ 110.692743333, -7.61183 ], [ 110.692743333, -7.611838333 ], [ 110.692741667, -7.611846667 ], [ 110.692736667, -7.611855 ], [ 110.69273, -7.611865 ], [ 110.692723333, -7.611871667 ], [ 110.692718333, -7.61188 ], [ 110.692711667, -7.61189 ], [ 110.692706667, -7.6119 ], [ 110.692703333, -7.61191 ], [ 110.692698333, -7.611918333 ], [ 110.692693333, -7.611928333 ], [ 110.692688333, -7.611938333 ], [ 110.692683333, -7.611948333 ], [ 110.692678333, -7.611958333 ], [ 110.692673333, -7.611966667 ], [ 110.692666667, -7.611978333 ], [ 110.692663333, -7.611986667 ], [ 110.69266, -7.611995 ], [ 110.692656667, -7.612003333 ], [ 110.69265, -7.612011667 ], [ 110.692645, -7.612021667 ], [ 110.69264, -7.612031667 ], [ 110.692633333, -7.612041667 ], [ 110.692628333, -7.612051667 ], [ 110.692621667, -7.612061667 ], [ 110.692618333, -7.612068333 ], [ 110.692615, -7.612078333 ], [ 110.692615, -7.612086667 ], [ 110.692613333, -7.612096667 ], [ 110.692608333, -7.612106667 ], [ 110.692603333, -7.612116667 ], [ 110.692595, -7.612126667 ], [ 110.692586667, -7.612131667 ], [ 110.692585, -7.612136667 ], [ 110.692588333, -7.612145 ], [ 110.692585, -7.61215 ], [ 110.692578333, -7.612158333 ], [ 110.692575, -7.612168333 ], [ 110.692576667, -7.612175 ], [ 110.692573333, -7.61218 ], [ 110.692568333, -7.612188333 ], [ 110.692566667, -7.612193333 ], [ 110.692561667, -7.612198333 ], [ 110.692553333, -7.612205 ], [ 110.692546667, -7.612211667 ], [ 110.692541667, -7.612215 ], [ 110.692538333, -7.612211667 ], [ 110.692533333, -7.612205 ], [ 110.692523333, -7.612201667 ], [ 110.692515, -7.612195 ], [ 110.692506667, -7.612193333 ], [ 110.692501667, -7.612186667 ], [ 110.692493333, -7.612183333 ], [ 110.69249, -7.61218 ], [ 110.692486667, -7.612173333 ], [ 110.69248, -7.61217 ], [ 110.692476667, -7.612166667 ], [ 110.692471667, -7.612168333 ], [ 110.692463333, -7.612168333 ], [ 110.692453333, -7.612165 ], [ 110.692441667, -7.612161667 ], [ 110.692426667, -7.612158333 ], [ 110.692418333, -7.612155 ], [ 110.692411667, -7.61215 ], [ 110.692408333, -7.612143333 ], [ 110.692406667, -7.61214 ], [ 110.692401667, -7.612135 ], [ 110.692395, -7.612131667 ], [ 110.692386667, -7.612125 ], [ 110.69238, -7.61212 ], [ 110.692373333, -7.612116667 ], [ 110.692366667, -7.612115 ], [ 110.692356667, -7.612108333 ], [ 110.692345, -7.612103333 ], [ 110.692333333, -7.612101667 ], [ 110.692325, -7.612098333 ], [ 110.692316667, -7.612096667 ], [ 110.692311667, -7.612091667 ], [ 110.692311667, -7.612081667 ], [ 110.69231, -7.612075 ], [ 110.692308333, -7.612073333 ], [ 110.692308333, -7.612071667 ], [ 110.69231, -7.612071667 ], [ 110.69231, -7.61207 ], [ 110.692313333, -7.612071667 ], [ 110.692311667, -7.612078333 ] ] ] } },
{ "type": "Feature", "properties": { "varietas": "Rojolele Srinuk", "kelas_sawah": "sawah", "usia_fase": "1 minggu", "lokasi": "Klaten", "source_file": "12_Rojolele Srinunuk_KecDelanggu_1 Minggu.geojson" }, "geometry": { "type": "Polygon", "coordinates": [ [ [ 110.69229, -7.612066667 ], [ 110.6923, -7.612058333 ], [ 110.69229, -7.612058333 ], [ 110.692281667, -7.612058333 ], [ 110.692273333, -7.612056667 ], [ 110.692263333, -7.612055 ], [ 110.692255, -7.61205 ], [ 110.692246667, -7.612041667 ], [ 110.69224, -7.612036667 ], [ 110.692235, -7.612033333 ], [ 110.69223, -7.612033333 ], [ 110.692223333, -7.612028333 ], [ 110.692218333, -7.612025 ], [ 110.692215, -7.612023333 ], [ 110.692216667, -7.612023333 ], [ 110.69222, -7.61202 ], [ 110.69222, -7.612016667 ], [ 110.692213333, -7.612015 ], [ 110.692206667, -7.612013333 ], [ 110.6922, -7.612013333 ], [ 110.692191667, -7.612011667 ], [ 110.692185, -7.612013333 ], [ 110.692185, -7.612008333 ], [ 110.692188333, -7.612001667 ], [ 110.692191667, -7.611993333 ], [ 110.692195, -7.611985 ], [ 110.6922, -7.611973333 ], [ 110.692203333, -7.611966667 ], [ 110.692208333, -7.611956667 ], [ 110.692211667, -7.611946667 ], [ 110.692215, -7.61194 ], [ 110.692216667, -7.611938333 ], [ 110.69222, -7.611936667 ], [ 110.692223333, -7.611935 ], [ 110.692225, -7.611935 ], [ 110.692225, -7.611936667 ], [ 110.692226667, -7.611931667 ], [ 110.692231667, -7.611925 ], [ 110.69223, -7.611915 ], [ 110.692231667, -7.611905 ], [ 110.692236667, -7.611893333 ], [ 110.692236667, -7.611885 ], [ 110.69224, -7.611873333 ], [ 110.692241667, -7.611865 ], [ 110.692246667, -7.611855 ], [ 110.69225, -7.61185 ], [ 110.692255, -7.611843333 ], [ 110.692261667, -7.611835 ], [ 110.692268333, -7.611828333 ], [ 110.692275, -7.611821667 ], [ 110.692275, -7.611818333 ], [ 110.69228, -7.611808333 ], [ 110.692286667, -7.611796667 ], [ 110.692286667, -7.611788333 ], [ 110.692295, -7.61178 ], [ 110.692303333, -7.611773333 ], [ 110.692306667, -7.611765 ], [ 110.692306667, -7.611753333 ], [ 110.692315, -7.611741667 ], [ 110.692321667, -7.611731667 ], [ 110.692321667, -7.611725 ], [ 110.692325, -7.611715 ], [ 110.69233, -7.611705 ], [ 110.692336667, -7.6117 ], [ 110.692341667, -7.611693333 ], [ 110.692345, -7.611685 ], [ 110.692348333, -7.611671667 ], [ 110.692355, -7.611661667 ], [ 110.692361667, -7.611655 ], [ 110.692365, -7.611645 ], [ 110.69237, -7.611635 ], [ 110.692375, -7.611628333 ], [ 110.692381667, -7.611618333 ], [ 110.692386667, -7.611608333 ], [ 110.692391667, -7.6116 ], [ 110.692396667, -7.61159 ], [ 110.6924, -7.611581667 ], [ 110.692405, -7.611573333 ], [ 110.692408333, -7.611563333 ], [ 110.692411667, -7.611555 ], [ 110.692415, -7.611545 ], [ 110.692416667, -7.611535 ], [ 110.692423333, -7.611523333 ], [ 110.692431667, -7.611516667 ], [ 110.69244, -7.611508333 ], [ 110.692445, -7.611496667 ], [ 110.692451667, -7.611486667 ], [ 110.692451667, -7.61148 ], [ 110.692455, -7.61147 ], [ 110.69246, -7.611458333 ], [ 110.692463333, -7.611448333 ], [ 110.692468333, -7.611436667 ], [ 110.692471667, -7.611428333 ], [ 110.692476667, -7.611418333 ], [ 110.692483333, -7.61141 ], [ 110.692491667, -7.6114 ], [ 110.692496667, -7.611391667 ], [ 110.692501667, -7.611385 ], [ 110.692501667, -7.61138 ], [ 110.692498333, -7.611376667 ], [ 110.692496667, -7.611375 ], [ 110.6925, -7.61137 ], [ 110.692496667, -7.611368333 ], [ 110.692495, -7.611366667 ], [ 110.692495, -7.611363333 ], [ 110.692496667, -7.61136 ], [ 110.692496667, -7.611358333 ], [ 110.692495, -7.611358333 ], [ 110.692493333, -7.611358333 ], [ 110.692491667, -7.611358333 ], [ 110.692493333, -7.611348333 ], [ 110.692496667, -7.611345 ], [ 110.6925, -7.611338333 ], [ 110.692505, -7.61133 ], [ 110.692511667, -7.611318333 ], [ 110.692516667, -7.611306667 ], [ 110.692521667, -7.611298333 ], [ 110.692526667, -7.61129 ], [ 110.692531667, -7.61128 ], [ 110.692535, -7.61127 ], [ 110.69254, -7.61126 ], [ 110.692546667, -7.611253333 ], [ 110.692551667, -7.611245 ], [ 110.692556667, -7.611235 ], [ 110.692561667, -7.611223333 ], [ 110.692566667, -7.611215 ], [ 110.69257, -7.611206667 ], [ 110.692575, -7.611196667 ], [ 110.69258, -7.611186667 ], [ 110.692585, -7.611178333 ], [ 110.692591667, -7.611168333 ], [ 110.692598333, -7.611158333 ], [ 110.692603333, -7.611148333 ], [ 110.692608333, -7.61114 ], [ 110.692611667, -7.611131667 ], [ 110.692615, -7.611125 ], [ 110.692621667, -7.611115 ], [ 110.692626667, -7.611103333 ], [ 110.692631667, -7.611095 ], [ 110.692638333, -7.611086667 ], [ 110.692641667, -7.611076667 ], [ 110.692645, -7.61107 ], [ 110.692648333, -7.61106 ], [ 110.692653333, -7.61105 ], [ 110.692658333, -7.611041667 ], [ 110.692661667, -7.611031667 ], [ 110.692668333, -7.611016667 ], [ 110.692673333, -7.611008333 ], [ 110.692681667, -7.610998333 ], [ 110.692688333, -7.610988333 ], [ 110.692691667, -7.610976667 ], [ 110.692695, -7.610968333 ], [ 110.692696667, -7.610961667 ], [ 110.6927, -7.61095 ], [ 110.692705, -7.61094 ], [ 110.692708333, -7.610931667 ], [ 110.692713333, -7.610923333 ], [ 110.692721667, -7.610911667 ], [ 110.692728333, -7.610898333 ], [ 110.692731667, -7.61089 ], [ 110.69274, -7.61088 ], [ 110.692745, -7.61087 ], [ 110.69275, -7.610861667 ], [ 110.692753333, -7.610855 ], [ 110.692758333, -7.61085 ], [ 110.692761667, -7.610846667 ], [ 110.692763333, -7.610845 ], [ 110.692761667, -7.610845 ], [ 110.692758333, -7.610846667 ], [ 110.692756667, -7.610845 ], [ 110.692758333, -7.61084 ], [ 110.692765, -7.610835 ], [ 110.69277, -7.610826667 ], [ 110.692778333, -7.61082 ], [ 110.692781667, -7.61081 ], [ 110.692783333, -7.610801667 ], [ 110.692781667, -7.610795 ], [ 110.69278, -7.610791667 ], [ 110.692781667, -7.610793333 ], [ 110.692786667, -7.610798333 ], [ 110.692791667, -7.610806667 ], [ 110.692798333, -7.610816667 ], [ 110.692808333, -7.61082 ], [ 110.692818333, -7.610826667 ], [ 110.692826667, -7.610831667 ], [ 110.692831667, -7.610836667 ], [ 110.692841667, -7.610843333 ], [ 110.692851667, -7.610846667 ], [ 110.692861667, -7.610853333 ], [ 110.692871667, -7.61086 ], [ 110.692878333, -7.610863333 ], [ 110.69289, -7.61087 ], [ 110.692895, -7.610875 ], [ 110.6929, -7.61088 ], [ 110.692906667, -7.610888333 ], [ 110.692908333, -7.610895 ], [ 110.692905, -7.610903333 ], [ 110.6929, -7.610913333 ], [ 110.692895, -7.610923333 ], [ 110.692885, -7.610931667 ], [ 110.692878333, -7.610935 ], [ 110.69287, -7.610945 ], [ 110.692866667, -7.610953333 ], [ 110.692861667, -7.610963333 ], [ 110.692856667, -7.610975 ], [ 110.692851667, -7.610983333 ], [ 110.692846667, -7.610991667 ], [ 110.69284, -7.611 ], [ 110.692833333, -7.611008333 ], [ 110.692831667, -7.611018333 ], [ 110.692828333, -7.611028333 ], [ 110.69282, -7.611036667 ], [ 110.692813333, -7.611045 ], [ 110.692808333, -7.611056667 ], [ 110.692803333, -7.611065 ], [ 110.692798333, -7.611076667 ], [ 110.69279, -7.611086667 ], [ 110.692781667, -7.611096667 ], [ 110.692778333, -7.611106667 ], [ 110.692775, -7.611115 ], [ 110.692771667, -7.611125 ], [ 110.692768333, -7.611135 ], [ 110.692763333, -7.611145 ], [ 110.692755, -7.611155 ], [ 110.692753333, -7.611168333 ], [ 110.69275, -7.611178333 ], [ 110.692748333, -7.611186667 ], [ 110.692748333, -7.611195 ], [ 110.692743333, -7.611208333 ], [ 110.692736667, -7.611218333 ], [ 110.69273, -7.611225 ], [ 110.692725, -7.611233333 ], [ 110.692718333, -7.611245 ], [ 110.692713333, -7.611256667 ], [ 110.692708333, -7.611268333 ], [ 110.692698333, -7.611276667 ], [ 110.692693333, -7.611283333 ], [ 110.692688333, -7.611296667 ], [ 110.692683333, -7.611308333 ], [ 110.692676667, -7.611318333 ], [ 110.692673333, -7.611325 ], [ 110.69267, -7.611335 ], [ 110.692666667, -7.61134 ], [ 110.692663333, -7.611348333 ], [ 110.692656667, -7.611358333 ], [ 110.692648333, -7.61137 ], [ 110.692643333, -7.61138 ], [ 110.692636667, -7.611391667 ], [ 110.692631667, -7.6114 ], [ 110.692626667, -7.61141 ], [ 110.69262, -7.61142 ], [ 110.692613333, -7.611431667 ], [ 110.692608333, -7.611441667 ], [ 110.692603333, -7.611455 ], [ 110.6926, -7.611465 ], [ 110.692593333, -7.611475 ], [ 110.692586667, -7.611483333 ], [ 110.69258, -7.611495 ], [ 110.692578333, -7.611505 ], [ 110.692573333, -7.611515 ], [ 110.692568333, -7.611523333 ], [ 110.692563333, -7.61153 ], [ 110.692561667, -7.61154 ], [ 110.692556667, -7.61155 ], [ 110.692551667, -7.611556667 ], [ 110.69255, -7.611563333 ], [ 110.692546667, -7.611573333 ], [ 110.692543333, -7.611585 ], [ 110.692538333, -7.611595 ], [ 110.692535, -7.611605 ], [ 110.692528333, -7.611613333 ], [ 110.692525, -7.611623333 ], [ 110.692521667, -7.611633333 ], [ 110.692516667, -7.611641667 ], [ 110.69251, -7.61165 ], [ 110.692508333, -7.61166 ], [ 110.692501667, -7.611671667 ], [ 110.692495, -7.611681667 ], [ 110.692493333, -7.611693333 ], [ 110.69249, -7.611701667 ], [ 110.692488333, -7.61171 ], [ 110.692483333, -7.611718333 ], [ 110.69248, -7.611726667 ], [ 110.692475, -7.611736667 ], [ 110.692465, -7.611748333 ], [ 110.692458333, -7.611756667 ], [ 110.692451667, -7.611768333 ], [ 110.692443333, -7.61178 ], [ 110.69244, -7.611788333 ], [ 110.692433333, -7.611796667 ], [ 110.692426667, -7.611805 ], [ 110.692423333, -7.611816667 ], [ 110.692418333, -7.611826667 ], [ 110.692415, -7.611835 ], [ 110.692408333, -7.611843333 ], [ 110.692405, -7.611853333 ], [ 110.6924, -7.611861667 ], [ 110.692396667, -7.611871667 ], [ 110.692391667, -7.611883333 ], [ 110.692385, -7.611891667 ], [ 110.69238, -7.6119 ], [ 110.692375, -7.61191 ], [ 110.692368333, -7.611923333 ], [ 110.692365, -7.611933333 ], [ 110.692361667, -7.611946667 ], [ 110.692355, -7.611956667 ], [ 110.692348333, -7.611961667 ], [ 110.692336667, -7.61197 ], [ 110.692328333, -7.61198 ], [ 110.692323333, -7.611986667 ], [ 110.69232, -7.611993333 ], [ 110.692313333, -7.612001667 ], [ 110.69231, -7.612013333 ], [ 110.692306667, -7.612025 ], [ 110.692303333, -7.612036667 ], [ 110.692298333, -7.61205 ], [ 110.692296667, -7.612056667 ], [ 110.692293333, -7.612053333 ], [ 110.692293333, -7.612051667 ], [ 110.69229, -7.612053333 ], [ 110.692286667, -7.612056667 ], [ 110.692286667, -7.612053333 ], [ 110.692286667, -7.61205 ], [ 110.692288333, -7.61205 ], [ 110.692291667, -7.61205 ], [ 110.692293333, -7.61205 ], [ 110.692296667, -7.612051667 ], [ 110.692298333, -7.612051667 ], [ 110.69229, -7.612066667 ] ] ] } },
{ "type": "Feature", "properties": { "varietas": "Rojolele Srinuk", "kelas_sawah": "sawah", "usia_fase": "1,5 bulan", "lokasi": "Klaten", "source_file": "13_Rojolele Srinunuk_KecDelanggu_1,5 Bulan.geojson" }, "geometry": { "type": "Polygon", "coordinates": [ [ [ 110.692475, -7.61222 ], [ 110.692488333, -7.612218333 ], [ 110.692493333, -7.612221667 ], [ 110.6925, -7.612223333 ], [ 110.692505, -7.612226667 ], [ 110.692511667, -7.612228333 ], [ 110.692515, -7.612233333 ], [ 110.692521667, -7.612233333 ], [ 110.692528333, -7.612236667 ], [ 110.692535, -7.61224 ], [ 110.692541667, -7.612243333 ], [ 110.692548333, -7.61225 ], [ 110.692556667, -7.612253333 ], [ 110.692563333, -7.61226 ], [ 110.692568333, -7.61226 ], [ 110.69257, -7.612263333 ], [ 110.692566667, -7.61227 ], [ 110.692563333, -7.612273333 ], [ 110.692558333, -7.61228 ], [ 110.692553333, -7.612285 ], [ 110.69255, -7.612291667 ], [ 110.692546667, -7.612298333 ], [ 110.692543333, -7.612305 ], [ 110.692543333, -7.612311667 ], [ 110.692538333, -7.612318333 ], [ 110.692535, -7.612325 ], [ 110.692533333, -7.612331667 ], [ 110.692531667, -7.612336667 ], [ 110.692528333, -7.612343333 ], [ 110.692523333, -7.612351667 ], [ 110.692521667, -7.61236 ], [ 110.692516667, -7.612366667 ], [ 110.692511667, -7.612376667 ], [ 110.692506667, -7.612385 ], [ 110.692501667, -7.612393333 ], [ 110.692498333, -7.612405 ], [ 110.692496667, -7.61241 ], [ 110.692493333, -7.612416667 ], [ 110.69249, -7.612425 ], [ 110.692486667, -7.612433333 ], [ 110.692481667, -7.612438333 ], [ 110.692476667, -7.61245 ], [ 110.692475, -7.612453333 ], [ 110.692471667, -7.61246 ], [ 110.69247, -7.61247 ], [ 110.692466667, -7.612478333 ], [ 110.692463333, -7.612485 ], [ 110.692461667, -7.612491667 ], [ 110.692456667, -7.612501667 ], [ 110.692455, -7.612508333 ], [ 110.69245, -7.612518333 ], [ 110.692446667, -7.61253 ], [ 110.692445, -7.612536667 ], [ 110.692441667, -7.612546667 ], [ 110.692438333, -7.612556667 ], [ 110.692436667, -7.612565 ], [ 110.692433333, -7.612573333 ], [ 110.692428333, -7.612578333 ], [ 110.692425, -7.612585 ], [ 110.69242, -7.612595 ], [ 110.692415, -7.612603333 ], [ 110.692413333, -7.612613333 ], [ 110.692408333, -7.612621667 ], [ 110.692401667, -7.61263 ], [ 110.692398333, -7.612638333 ], [ 110.692396667, -7.612648333 ], [ 110.69239, -7.61266 ], [ 110.692385, -7.612666667 ], [ 110.692378333, -7.612675 ], [ 110.692373333, -7.612686667 ], [ 110.692366667, -7.612698333 ], [ 110.692363333, -7.612708333 ], [ 110.69236, -7.612718333 ], [ 110.692358333, -7.612726667 ], [ 110.692353333, -7.612733333 ], [ 110.692348333, -7.612743333 ], [ 110.692346667, -7.612751667 ], [ 110.692341667, -7.612761667 ], [ 110.692338333, -7.612771667 ], [ 110.692333333, -7.612778333 ], [ 110.69233, -7.612786667 ], [ 110.692326667, -7.612796667 ], [ 110.692323333, -7.612808333 ], [ 110.69232, -7.612816667 ], [ 110.692316667, -7.612823333 ], [ 110.692311667, -7.612833333 ], [ 110.692308333, -7.612843333 ], [ 110.692303333, -7.612853333 ], [ 110.692303333, -7.61286 ], [ 110.692305, -7.612863333 ], [ 110.692301667, -7.612868333 ], [ 110.692298333, -7.612866667 ], [ 110.692298333, -7.612863333 ], [ 110.692295, -7.612858333 ], [ 110.692291667, -7.612853333 ], [ 110.692283333, -7.612851667 ], [ 110.692276667, -7.612851667 ], [ 110.692268333, -7.61285 ], [ 110.69226, -7.61285 ], [ 110.69225, -7.612846667 ], [ 110.692241667, -7.612845 ], [ 110.692238333, -7.612841667 ], [ 110.692233333, -7.612841667 ], [ 110.692226667, -7.61284 ], [ 110.692223333, -7.61284 ], [ 110.692218333, -7.612836667 ], [ 110.692215, -7.612833333 ], [ 110.69221, -7.61283 ], [ 110.692208333, -7.612825 ], [ 110.692205, -7.61282 ], [ 110.692206667, -7.612815 ], [ 110.692206667, -7.612813333 ], [ 110.692205, -7.612813333 ], [ 110.692201667, -7.612808333 ], [ 110.692196667, -7.612805 ], [ 110.692191667, -7.612801667 ], [ 110.692188333, -7.612801667 ], [ 110.692186667, -7.6128 ], [ 110.692185, -7.612798333 ], [ 110.692183333, -7.612798333 ], [ 110.692178333, -7.6128 ], [ 110.692173333, -7.612798333 ], [ 110.69217, -7.612798333 ], [ 110.692166667, -7.612796667 ], [ 110.692165, -7.612795 ], [ 110.692161667, -7.612795 ], [ 110.69216, -7.612793333 ], [ 110.69216, -7.612791667 ], [ 110.692158333, -7.612791667 ], [ 110.692155, -7.61279 ], [ 110.692151667, -7.612788333 ], [ 110.692128333, -7.612778333 ], [ 110.692115, -7.612773333 ], [ 110.692105, -7.612778333 ], [ 110.692091667, -7.612773333 ], [ 110.69208, -7.612771667 ], [ 110.692068333, -7.612763333 ], [ 110.692058333, -7.612761667 ], [ 110.692051667, -7.612758333 ], [ 110.692043333, -7.612753333 ], [ 110.692033333, -7.612745 ], [ 110.692036667, -7.612725 ], [ 110.692038333, -7.612711667 ], [ 110.692045, -7.612706667 ], [ 110.69205, -7.612701667 ], [ 110.692055, -7.612695 ], [ 110.692058333, -7.612688333 ], [ 110.69206, -7.61268 ], [ 110.692065, -7.612676667 ], [ 110.692068333, -7.61267 ], [ 110.69207, -7.612661667 ], [ 110.69207, -7.612655 ], [ 110.692073333, -7.612648333 ], [ 110.692078333, -7.612641667 ], [ 110.692083333, -7.612635 ], [ 110.692086667, -7.612621667 ], [ 110.692091667, -7.612613333 ], [ 110.692096667, -7.612606667 ], [ 110.6921, -7.6126 ], [ 110.692103333, -7.612591667 ], [ 110.692106667, -7.612583333 ], [ 110.692113333, -7.612573333 ], [ 110.692118333, -7.612566667 ], [ 110.692125, -7.612558333 ], [ 110.692131667, -7.612548333 ], [ 110.692133333, -7.612538333 ], [ 110.692136667, -7.61253 ], [ 110.692143333, -7.612523333 ], [ 110.692148333, -7.612516667 ], [ 110.69215, -7.612508333 ], [ 110.692153333, -7.612498333 ], [ 110.692156667, -7.61249 ], [ 110.69216, -7.612481667 ], [ 110.692163333, -7.612471667 ], [ 110.69217, -7.612463333 ], [ 110.692175, -7.612453333 ], [ 110.692176667, -7.612443333 ], [ 110.692178333, -7.612433333 ], [ 110.692181667, -7.612423333 ], [ 110.692191667, -7.612416667 ], [ 110.692198333, -7.612405 ], [ 110.6922, -7.612396667 ], [ 110.692201667, -7.612386667 ], [ 110.692205, -7.612378333 ], [ 110.69221, -7.612368333 ], [ 110.692216667, -7.612358333 ], [ 110.692223333, -7.612348333 ], [ 110.69223, -7.612338333 ], [ 110.692226667, -7.61233 ], [ 110.692228333, -7.612321667 ], [ 110.692233333, -7.612311667 ], [ 110.692241667, -7.612301667 ], [ 110.692248333, -7.612291667 ], [ 110.692255, -7.612281667 ], [ 110.69226, -7.61227 ], [ 110.692261667, -7.612261667 ], [ 110.692268333, -7.61225 ], [ 110.692275, -7.612241667 ], [ 110.692281667, -7.612235 ], [ 110.69229, -7.612223333 ], [ 110.692288333, -7.612215 ], [ 110.692288333, -7.612206667 ], [ 110.692293333, -7.612195 ], [ 110.692295, -7.612188333 ], [ 110.6923, -7.61218 ], [ 110.692306667, -7.61217 ], [ 110.692311667, -7.612161667 ], [ 110.692313333, -7.612155 ], [ 110.692318333, -7.612145 ], [ 110.692325, -7.612136667 ], [ 110.692333333, -7.612128333 ], [ 110.692341667, -7.612121667 ], [ 110.692345, -7.612116667 ], [ 110.692351667, -7.612121667 ], [ 110.692361667, -7.612126667 ], [ 110.69237, -7.612133333 ], [ 110.692376667, -7.612135 ], [ 110.692383333, -7.612138333 ], [ 110.692393333, -7.61214 ], [ 110.692403333, -7.612145 ], [ 110.69241, -7.612148333 ], [ 110.69242, -7.612151667 ], [ 110.692431667, -7.612155 ], [ 110.692441667, -7.61216 ], [ 110.692448333, -7.612163333 ], [ 110.692456667, -7.61217 ], [ 110.69246, -7.612175 ], [ 110.692468333, -7.612178333 ], [ 110.692476667, -7.612181667 ], [ 110.692481667, -7.612186667 ], [ 110.692481667, -7.61219 ], [ 110.692481667, -7.612195 ], [ 110.69248, -7.612201667 ], [ 110.692476667, -7.612203333 ], [ 110.69247, -7.612208333 ], [ 110.692465, -7.61221 ], [ 110.692463333, -7.612215 ], [ 110.692461667, -7.612218333 ], [ 110.692461667, -7.612221667 ], [ 110.692463333, -7.612221667 ], [ 110.692475, -7.61222 ] ] ] } },
{ "type": "Feature", "properties": { "varietas": "Inpari 32", "kelas_sawah": "sawah", "usia_fase": "2-3 bulan", "lokasi": "Salatiga", "source_file": "SL3_14_Inpari 32_Tingkir.geojson" }, "geometry": { "type": "Polygon", "coordinates": [ [ [ 110.527421667, -7.344635 ], [ 110.527433333, -7.34465 ], [ 110.527428333, -7.344646667 ], [ 110.527423333, -7.344645 ], [ 110.527416667, -7.344641667 ], [ 110.527411667, -7.34464 ], [ 110.527408333, -7.344638333 ], [ 110.527406667, -7.344635 ], [ 110.527401667, -7.344633333 ], [ 110.527398333, -7.344633333 ], [ 110.527396667, -7.344631667 ], [ 110.527391667, -7.34463 ], [ 110.527388333, -7.34463 ], [ 110.527386667, -7.34463 ], [ 110.527385, -7.344628333 ], [ 110.527383333, -7.34463 ], [ 110.527381667, -7.34463 ], [ 110.527376667, -7.344628333 ], [ 110.527375, -7.344625 ], [ 110.52737, -7.344623333 ], [ 110.527365, -7.344621667 ], [ 110.52736, -7.34462 ], [ 110.527355, -7.34462 ], [ 110.527351667, -7.344616667 ], [ 110.527346667, -7.344613333 ], [ 110.527343333, -7.344613333 ], [ 110.52734, -7.344611667 ], [ 110.527338333, -7.344611667 ], [ 110.527333333, -7.344606667 ], [ 110.527326667, -7.344603333 ], [ 110.52732, -7.344598333 ], [ 110.527311667, -7.344595 ], [ 110.527306667, -7.344588333 ], [ 110.527301667, -7.344583333 ], [ 110.527295, -7.34458 ], [ 110.527288333, -7.344575 ], [ 110.527281667, -7.344571667 ], [ 110.527276667, -7.344568333 ], [ 110.527271667, -7.344566667 ], [ 110.527266667, -7.344566667 ], [ 110.527261667, -7.344566667 ], [ 110.527258333, -7.344563333 ], [ 110.527255, -7.34456 ], [ 110.527251667, -7.344558333 ], [ 110.527246667, -7.344556667 ], [ 110.527241667, -7.344555 ], [ 110.527238333, -7.344555 ], [ 110.527235, -7.344551667 ], [ 110.52723, -7.34455 ], [ 110.527223333, -7.344548333 ], [ 110.527218333, -7.344546667 ], [ 110.527213333, -7.344545 ], [ 110.527208333, -7.344541667 ], [ 110.527201667, -7.344538333 ], [ 110.527195, -7.344536667 ], [ 110.52719, -7.344531667 ], [ 110.527188333, -7.34453 ], [ 110.527185, -7.344528333 ], [ 110.527181667, -7.344526667 ], [ 110.52718, -7.344526667 ], [ 110.52718, -7.344528333 ], [ 110.52718, -7.34453 ], [ 110.527178333, -7.34453 ], [ 110.527173333, -7.34453 ], [ 110.527168333, -7.344531667 ], [ 110.52716, -7.344531667 ], [ 110.527155, -7.344531667 ], [ 110.527151667, -7.34453 ], [ 110.52715, -7.344528333 ], [ 110.527125, -7.344526667 ], [ 110.52712, -7.344526667 ], [ 110.527116667, -7.344525 ], [ 110.527115, -7.344521667 ], [ 110.527113333, -7.34452 ], [ 110.527096667, -7.344513333 ], [ 110.527093333, -7.344511667 ], [ 110.52709, -7.344511667 ], [ 110.527088333, -7.344513333 ], [ 110.52709, -7.344513333 ], [ 110.527073333, -7.344511667 ], [ 110.527071667, -7.344511667 ], [ 110.527068333, -7.34451 ], [ 110.527066667, -7.34451 ], [ 110.527038333, -7.344513333 ], [ 110.527033333, -7.34451 ], [ 110.527028333, -7.34451 ], [ 110.527025, -7.344508333 ], [ 110.52702, -7.344506667 ], [ 110.527016667, -7.344508333 ], [ 110.527013333, -7.344506667 ], [ 110.526966667, -7.34448 ], [ 110.526961667, -7.344478333 ], [ 110.526958333, -7.344476667 ], [ 110.526953333, -7.344476667 ], [ 110.526945, -7.344473333 ], [ 110.526936667, -7.344471667 ], [ 110.52693, -7.34447 ], [ 110.526923333, -7.34447 ], [ 110.526913333, -7.34447 ], [ 110.526905, -7.34447 ], [ 110.5269, -7.344471667 ], [ 110.526896667, -7.34447 ], [ 110.526891667, -7.344471667 ], [ 110.52689, -7.344473333 ], [ 110.526888333, -7.344476667 ], [ 110.526885, -7.344476667 ], [ 110.526878333, -7.344478333 ], [ 110.526873333, -7.344476667 ], [ 110.526866667, -7.344473333 ], [ 110.526863333, -7.344476667 ], [ 110.526861667, -7.344476667 ], [ 110.526855, -7.344475 ], [ 110.526848333, -7.34447 ], [ 110.526841667, -7.34447 ], [ 110.526835, -7.34447 ], [ 110.52683, -7.34447 ], [ 110.526825, -7.34447 ], [ 110.526823333, -7.344468333 ], [ 110.52682, -7.34447 ], [ 110.526815, -7.344471667 ], [ 110.526811667, -7.344471667 ], [ 110.526806667, -7.344471667 ], [ 110.5268, -7.344468333 ], [ 110.526796667, -7.344468333 ], [ 110.526791667, -7.344466667 ], [ 110.526786667, -7.344465 ], [ 110.526781667, -7.344465 ], [ 110.526776667, -7.344465 ], [ 110.52677, -7.344463333 ], [ 110.526761667, -7.344463333 ], [ 110.526751667, -7.344463333 ], [ 110.526745, -7.344463333 ], [ 110.526738333, -7.344463333 ], [ 110.526731667, -7.344465 ], [ 110.526723333, -7.344463333 ], [ 110.526716667, -7.344461667 ], [ 110.526708333, -7.344463333 ], [ 110.526701667, -7.344463333 ], [ 110.526695, -7.344463333 ], [ 110.526688333, -7.344461667 ], [ 110.526685, -7.34446 ], [ 110.526681667, -7.34446 ], [ 110.526678333, -7.34446 ], [ 110.526675, -7.34446 ], [ 110.526675, -7.344461667 ], [ 110.526676667, -7.344461667 ], [ 110.526676667, -7.344463333 ], [ 110.526676667, -7.344461667 ], [ 110.526663333, -7.34448 ], [ 110.52666, -7.34448 ], [ 110.526655, -7.344478333 ], [ 110.526651667, -7.344478333 ], [ 110.526633333, -7.344481667 ], [ 110.526625, -7.344483333 ], [ 110.526618333, -7.344485 ], [ 110.526611667, -7.344486667 ], [ 110.526606667, -7.34449 ], [ 110.5266, -7.344491667 ], [ 110.526596667, -7.34449 ], [ 110.526596667, -7.344488333 ], [ 110.526598333, -7.344488333 ], [ 110.526601667, -7.344493333 ], [ 110.5266, -7.344498333 ], [ 110.526598333, -7.344503333 ], [ 110.526598333, -7.344506667 ], [ 110.526596667, -7.344513333 ], [ 110.526596667, -7.344518333 ], [ 110.526598333, -7.344525 ], [ 110.526596667, -7.344531667 ], [ 110.526598333, -7.344536667 ], [ 110.526596667, -7.34454 ], [ 110.526596667, -7.344543333 ], [ 110.526596667, -7.344546667 ], [ 110.526596667, -7.34455 ], [ 110.526598333, -7.344555 ], [ 110.5266, -7.344561667 ], [ 110.526598333, -7.34457 ], [ 110.5266, -7.344576667 ], [ 110.5266, -7.344581667 ], [ 110.526605, -7.344586667 ], [ 110.526608333, -7.344591667 ], [ 110.52661, -7.344598333 ], [ 110.526606667, -7.344605 ], [ 110.526603333, -7.344615 ], [ 110.526603333, -7.34462 ], [ 110.526603333, -7.344625 ], [ 110.526601667, -7.34463 ], [ 110.5266, -7.344633333 ], [ 110.526598333, -7.344636667 ], [ 110.526596667, -7.344635 ], [ 110.526593333, -7.344641667 ], [ 110.526595, -7.34464 ], [ 110.526596667, -7.344643333 ], [ 110.526595, -7.344645 ], [ 110.526535, -7.344675 ], [ 110.526513333, -7.344686667 ], [ 110.526511667, -7.344675 ], [ 110.526516667, -7.344676667 ], [ 110.52653, -7.344665 ], [ 110.52654, -7.344653333 ], [ 110.526548333, -7.344646667 ], [ 110.526545, -7.34465 ], [ 110.526548333, -7.344651667 ], [ 110.526551667, -7.344653333 ], [ 110.526553333, -7.344653333 ], [ 110.526556667, -7.344655 ], [ 110.526558333, -7.344655 ], [ 110.52656, -7.344656667 ], [ 110.526563333, -7.344658333 ], [ 110.526565, -7.34466 ], [ 110.526566667, -7.344661667 ], [ 110.526568333, -7.344663333 ], [ 110.526575, -7.344661667 ], [ 110.526578333, -7.344665 ], [ 110.526581667, -7.344665 ], [ 110.526588333, -7.344668333 ], [ 110.526595, -7.344666667 ], [ 110.526601667, -7.344665 ], [ 110.526608333, -7.344665 ], [ 110.526615, -7.344665 ], [ 110.526621667, -7.344658333 ], [ 110.526628333, -7.344658333 ], [ 110.526635, -7.344656667 ], [ 110.526643333, -7.344653333 ], [ 110.526648333, -7.344651667 ], [ 110.52665, -7.34465 ], [ 110.526656667, -7.344648333 ], [ 110.526663333, -7.344646667 ], [ 110.526668333, -7.344645 ], [ 110.526673333, -7.344645 ], [ 110.526676667, -7.344643333 ], [ 110.526681667, -7.344643333 ], [ 110.526685, -7.344645 ], [ 110.526693333, -7.344645 ], [ 110.526701667, -7.344645 ], [ 110.526711667, -7.344646667 ], [ 110.526716667, -7.344648333 ], [ 110.526725, -7.344648333 ], [ 110.52673, -7.344648333 ], [ 110.526733333, -7.344646667 ], [ 110.526741667, -7.344648333 ], [ 110.52675, -7.344651667 ], [ 110.526758333, -7.344651667 ], [ 110.526765, -7.344653333 ], [ 110.526771667, -7.344653333 ], [ 110.526776667, -7.344653333 ], [ 110.526783333, -7.344653333 ], [ 110.526788333, -7.344656667 ], [ 110.526796667, -7.34466 ], [ 110.526805, -7.344661667 ], [ 110.526813333, -7.344663333 ], [ 110.52682, -7.344668333 ], [ 110.526828333, -7.34467 ], [ 110.52684, -7.344671667 ], [ 110.526848333, -7.344671667 ], [ 110.526853333, -7.344671667 ], [ 110.526858333, -7.34467 ], [ 110.526858333, -7.344671667 ], [ 110.526858333, -7.344673333 ], [ 110.526858333, -7.344675 ], [ 110.526858333, -7.34468 ], [ 110.52686, -7.344683333 ], [ 110.526863333, -7.344685 ], [ 110.52688, -7.344685 ], [ 110.526885, -7.344681667 ], [ 110.52689, -7.34468 ], [ 110.526898333, -7.344681667 ], [ 110.526906667, -7.34468 ], [ 110.526911667, -7.344683333 ], [ 110.526918333, -7.344683333 ], [ 110.526925, -7.344685 ], [ 110.526926667, -7.344686667 ], [ 110.526931667, -7.344688333 ], [ 110.526938333, -7.344688333 ], [ 110.526946667, -7.34469 ], [ 110.526951667, -7.344686667 ], [ 110.526953333, -7.344685 ], [ 110.526953333, -7.344683333 ], [ 110.526951667, -7.344683333 ], [ 110.526953333, -7.344685 ], [ 110.526948333, -7.344683333 ], [ 110.526946667, -7.344681667 ], [ 110.526945, -7.344678333 ], [ 110.52695, -7.344681667 ], [ 110.526961667, -7.344685 ], [ 110.526973333, -7.34469 ], [ 110.526978333, -7.344693333 ], [ 110.526988333, -7.344703333 ], [ 110.526996667, -7.344708333 ], [ 110.527006667, -7.344708333 ], [ 110.527013333, -7.34471 ], [ 110.527016667, -7.344716667 ], [ 110.527015, -7.344715 ], [ 110.527016667, -7.344718333 ], [ 110.52702, -7.344716667 ], [ 110.527025, -7.344718333 ], [ 110.527031667, -7.344721667 ], [ 110.527038333, -7.344723333 ], [ 110.527046667, -7.34473 ], [ 110.527051667, -7.344731667 ], [ 110.527058333, -7.344731667 ], [ 110.527066667, -7.344736667 ], [ 110.527073333, -7.344741667 ], [ 110.52708, -7.344745 ], [ 110.527083333, -7.344748333 ], [ 110.52709, -7.344751667 ], [ 110.527096667, -7.344753333 ], [ 110.527103333, -7.344755 ], [ 110.527108333, -7.344755 ], [ 110.527115, -7.344756667 ], [ 110.52712, -7.344761667 ], [ 110.527126667, -7.344763333 ], [ 110.527131667, -7.344768333 ], [ 110.527138333, -7.34477 ], [ 110.527143333, -7.344771667 ], [ 110.527146667, -7.344773333 ], [ 110.527151667, -7.344775 ], [ 110.52716, -7.34478 ], [ 110.527166667, -7.344783333 ], [ 110.527171667, -7.344785 ], [ 110.527176667, -7.344786667 ], [ 110.527181667, -7.344788333 ], [ 110.527188333, -7.344788333 ], [ 110.527193333, -7.344791667 ], [ 110.527198333, -7.344796667 ], [ 110.527206667, -7.344796667 ], [ 110.527213333, -7.344801667 ], [ 110.527216667, -7.344803333 ], [ 110.527223333, -7.344806667 ], [ 110.527226667, -7.344808333 ], [ 110.527231667, -7.34481 ], [ 110.52724, -7.344816667 ], [ 110.527245, -7.344821667 ], [ 110.527251667, -7.344825 ], [ 110.527256667, -7.344828333 ], [ 110.527261667, -7.344831667 ], [ 110.527266667, -7.344833333 ], [ 110.527273333, -7.344835 ], [ 110.52728, -7.344835 ], [ 110.527283333, -7.344835 ], [ 110.527286667, -7.344838333 ], [ 110.527291667, -7.344843333 ], [ 110.527295, -7.344845 ], [ 110.527298333, -7.344843333 ], [ 110.527298333, -7.34484 ], [ 110.5273, -7.344831667 ], [ 110.527305, -7.344828333 ], [ 110.527305, -7.344823333 ], [ 110.527308333, -7.344816667 ], [ 110.527313333, -7.344811667 ], [ 110.527316667, -7.344806667 ], [ 110.527323333, -7.3448 ], [ 110.52733, -7.34479 ], [ 110.527335, -7.344781667 ], [ 110.527338333, -7.344775 ], [ 110.527345, -7.344766667 ], [ 110.527346667, -7.344761667 ], [ 110.527351667, -7.344758333 ], [ 110.527356667, -7.344753333 ], [ 110.52736, -7.34475 ], [ 110.527365, -7.344743333 ], [ 110.527366667, -7.344738333 ], [ 110.52737, -7.344733333 ], [ 110.527371667, -7.34473 ], [ 110.527375, -7.344723333 ], [ 110.527378333, -7.34472 ], [ 110.527381667, -7.344715 ], [ 110.527386667, -7.34471 ], [ 110.527391667, -7.344706667 ], [ 110.527393333, -7.344701667 ], [ 110.5274, -7.344698333 ], [ 110.527405, -7.344695 ], [ 110.52741, -7.34469 ], [ 110.527415, -7.344686667 ], [ 110.52742, -7.34468 ], [ 110.527423333, -7.344675 ], [ 110.527428333, -7.34467 ], [ 110.527431667, -7.344666667 ], [ 110.527433333, -7.344666667 ], [ 110.527435, -7.344666667 ], [ 110.527435, -7.344668333 ], [ 110.527436667, -7.344665 ], [ 110.527421667, -7.344635 ] ] ] } },
{ "type": "Feature", "properties": { "varietas": "Inpari 32", "kelas_sawah": "sawah", "usia_fase": "2-3 bulan", "lokasi": "Salatiga", "source_file": "SL3_15_Inpari 32_Tingkir_2 Bulan.geojson" }, "geometry": { "type": "Polygon", "coordinates": [ [ [ 110.527064614, -7.344325311 ], [ 110.527072996, -7.344297379 ], [ 110.527066626, -7.344264792 ], [ 110.527082048, -7.344241848 ], [ 110.527094118, -7.344217906 ], [ 110.527104177, -7.344185983 ], [ 110.527117252, -7.344152731 ], [ 110.52712597, -7.344120143 ], [ 110.52713234, -7.344076915 ], [ 110.527097471, -7.344068269 ], [ 110.527063943, -7.344059624 ], [ 110.527017675, -7.344053306 ], [ 110.526978113, -7.344048318 ], [ 110.526942573, -7.344050645 ], [ 110.526922122, -7.344071594 ], [ 110.526907705, -7.344098862 ], [ 110.526893288, -7.344157719 ], [ 110.526892617, -7.344198619 ], [ 110.526860431, -7.344217573 ], [ 110.526764542, -7.344241182 ], [ 110.526711568, -7.344257476 ], [ 110.526710227, -7.344293389 ], [ 110.526725985, -7.34434227 ], [ 110.526764542, -7.344336617 ], [ 110.526818857, -7.344335287 ], [ 110.526867136, -7.344323981 ], [ 110.526894629, -7.344326642 ], [ 110.526945926, -7.344323316 ], [ 110.526979119, -7.344322651 ], [ 110.527017675, -7.344321986 ], [ 110.527064614, -7.344325311 ] ] ] } },
{ "type": "Feature", "properties": { "varietas": "Inpari 32", "kelas_sawah": "sawah", "usia_fase": "2-3 bulan", "lokasi": "Salatiga", "source_file": "SL3_16_Inpari 32_Tingkir_2 Bulan.geojson" }, "geometry": { "type": "Polygon", "coordinates": [ [ [ 110.526580475, -7.343919298 ], [ 110.52659288, -7.343887043 ], [ 110.526607968, -7.34385512 ], [ 110.52662272, -7.34382087 ], [ 110.526635796, -7.343792273 ], [ 110.52665256, -7.343759685 ], [ 110.526672341, -7.343734413 ], [ 110.526685081, -7.343707146 ], [ 110.526699498, -7.343673894 ], [ 110.526708886, -7.343632993 ], [ 110.526716262, -7.343596082 ], [ 110.526709892, -7.34356416 ], [ 110.526715592, -7.343529577 ], [ 110.52671358, -7.343498652 ], [ 110.526718274, -7.34346274 ], [ 110.526723973, -7.343428822 ], [ 110.526723303, -7.343390914 ], [ 110.526724979, -7.343357329 ], [ 110.526725985, -7.343320418 ], [ 110.526726991, -7.343291156 ], [ 110.526726991, -7.34324826 ], [ 110.526684076, -7.343228641 ], [ 110.526652895, -7.343218665 ], [ 110.526618026, -7.343206029 ], [ 110.526587516, -7.343201706 ], [ 110.526546948, -7.343193061 ], [ 110.526518784, -7.343184748 ], [ 110.526491292, -7.343181755 ], [ 110.526479892, -7.34321667 ], [ 110.52648358, -7.343251585 ], [ 110.526496992, -7.343279185 ], [ 110.526507385, -7.343306785 ], [ 110.526514761, -7.343339705 ], [ 110.526520126, -7.343365642 ], [ 110.526524484, -7.34340089 ], [ 110.526533872, -7.343439795 ], [ 110.526535213, -7.343471718 ], [ 110.526538566, -7.343500648 ], [ 110.526542924, -7.343537558 ], [ 110.526539907, -7.343573471 ], [ 110.526532866, -7.343606723 ], [ 110.526529178, -7.343647624 ], [ 110.526514426, -7.343678881 ], [ 110.526501015, -7.343706481 ], [ 110.526484251, -7.343739069 ], [ 110.526474528, -7.343772654 ], [ 110.526466146, -7.343807902 ], [ 110.526462458, -7.343840822 ], [ 110.526456758, -7.343868754 ], [ 110.526442677, -7.343893361 ], [ 110.526502021, -7.343909654 ], [ 110.526529849, -7.343913977 ], [ 110.526580475, -7.343919298 ] ] ] } },
{ "type": "Feature", "properties": { "varietas": "Inpari 32", "kelas_sawah": "sawah", "usia_fase": "2-3 bulan", "lokasi": "Salatiga", "source_file": "SL3_17_Inpari 32_Tingkir_3 Bulan.geojson" }, "geometry": { "type": "Polygon", "coordinates": [ [ [ 110.527145416, -7.344071262 ], [ 110.527152121, -7.34404067 ], [ 110.527159832, -7.344010742 ], [ 110.527172238, -7.343981813 ], [ 110.527185984, -7.343951885 ], [ 110.527192354, -7.343925283 ], [ 110.527199395, -7.343894358 ], [ 110.527202412, -7.343865096 ], [ 110.527209453, -7.343829516 ], [ 110.5272118, -7.343794933 ], [ 110.527214818, -7.343768663 ], [ 110.527222529, -7.343734081 ], [ 110.527226888, -7.343701826 ], [ 110.527231246, -7.343668573 ], [ 110.527234599, -7.343635321 ], [ 110.527235605, -7.3436024 ], [ 110.527243651, -7.343566488 ], [ 110.527242981, -7.343529245 ], [ 110.527243651, -7.343490672 ], [ 110.52724164, -7.343450104 ], [ 110.527243316, -7.343422504 ], [ 110.527242981, -7.343391246 ], [ 110.527210459, -7.343381271 ], [ 110.527174249, -7.34337196 ], [ 110.527146421, -7.343361652 ], [ 110.527117923, -7.343350678 ], [ 110.527087077, -7.343341035 ], [ 110.52705925, -7.343331059 ], [ 110.527014993, -7.343317426 ], [ 110.526985489, -7.343307117 ], [ 110.526977442, -7.343340702 ], [ 110.526975431, -7.343381271 ], [ 110.52696839, -7.343419179 ], [ 110.526965037, -7.343462074 ], [ 110.526956655, -7.343507298 ], [ 110.526953638, -7.343538223 ], [ 110.526951961, -7.343569813 ], [ 110.52690804, -7.343570811 ], [ 110.526869483, -7.343567153 ], [ 110.526865795, -7.343618362 ], [ 110.526869819, -7.343659595 ], [ 110.526869483, -7.343705484 ], [ 110.526865795, -7.343766003 ], [ 110.526860766, -7.343826523 ], [ 110.526861772, -7.343861771 ], [ 110.526827574, -7.343862103 ], [ 110.526796058, -7.343862768 ], [ 110.526795052, -7.343902671 ], [ 110.526783317, -7.343935924 ], [ 110.526765883, -7.343961528 ], [ 110.526748449, -7.343996776 ], [ 110.526739396, -7.344021716 ], [ 110.526721627, -7.344056298 ], [ 110.526769571, -7.344046988 ], [ 110.52680511, -7.344045657 ], [ 110.526835956, -7.344048318 ], [ 110.526873171, -7.34404466 ], [ 110.526905358, -7.344045657 ], [ 110.526935197, -7.344044992 ], [ 110.526982136, -7.344046322 ], [ 110.527012311, -7.344050645 ], [ 110.527048185, -7.344053306 ], [ 110.527081043, -7.344059956 ], [ 110.527111888, -7.344071594 ], [ 110.527145416, -7.344071262 ] ] ] } },
{ "type": "Feature", "properties": { "varietas": "Inpari 32", "kelas_sawah": "sawah", "usia_fase": "2-3 bulan", "lokasi": "Salatiga", "source_file": "SL3_18_Inpari 32_Tingkir_3 Bulan 4 Hari.geojson" }, "geometry": { "type": "Polygon", "coordinates": [ [ [ 110.523575731, -7.342219423 ], [ 110.523589812, -7.342186835 ], [ 110.523601547, -7.342153915 ], [ 110.523621999, -7.342121327 ], [ 110.523637421, -7.342083752 ], [ 110.523650497, -7.342048504 ], [ 110.523650162, -7.342010596 ], [ 110.523636416, -7.341981666 ], [ 110.523611605, -7.341955729 ], [ 110.523589812, -7.341930124 ], [ 110.523624346, -7.341912833 ], [ 110.523664579, -7.341905184 ], [ 110.523699448, -7.34190984 ], [ 110.523725934, -7.341915825 ], [ 110.523748398, -7.341930124 ], [ 110.523781255, -7.341954731 ], [ 110.523781255, -7.341995632 ], [ 110.523778573, -7.342029882 ], [ 110.523779579, -7.342064133 ], [ 110.523777232, -7.342104368 ], [ 110.523777232, -7.342142941 ], [ 110.523767509, -7.342177524 ], [ 110.523769185, -7.342205457 ], [ 110.523764491, -7.342234054 ], [ 110.523742028, -7.342259326 ], [ 110.523709506, -7.342268637 ], [ 110.523675978, -7.342259658 ], [ 110.523645803, -7.342252343 ], [ 110.523608252, -7.342241037 ], [ 110.523575731, -7.342219423 ] ] ] } },
{ "type": "Feature", "properties": { "varietas": "Inpari 32", "kelas_sawah": "sawah", "usia_fase": "2-3 bulan", "lokasi": "Salatiga", "source_file": "SL3_19_Inpari 32_Tingkir_3 Bulan 4 Hari.geojson" }, "geometry": { "type": "Polygon", "coordinates": [ [ [ 110.52340474, -7.341610565 ], [ 110.523382276, -7.341626527 ], [ 110.523360483, -7.341644151 ], [ 110.52333802, -7.341672083 ], [ 110.523326956, -7.341698685 ], [ 110.523312874, -7.341721629 ], [ 110.523295775, -7.341743576 ], [ 110.523281023, -7.341769846 ], [ 110.523255542, -7.341791793 ], [ 110.52322939, -7.3418164 ], [ 110.523196198, -7.341848322 ], [ 110.52317407, -7.341876255 ], [ 110.523147248, -7.341894876 ], [ 110.523135513, -7.341923473 ], [ 110.523129813, -7.341956394 ], [ 110.52312512, -7.341993637 ], [ 110.523131825, -7.342025892 ], [ 110.523138866, -7.342061805 ], [ 110.523160324, -7.342089072 ], [ 110.523189828, -7.342116672 ], [ 110.523221679, -7.342132633 ], [ 110.523267612, -7.342139284 ], [ 110.523311868, -7.342152585 ], [ 110.523353778, -7.342164888 ], [ 110.523389988, -7.342170874 ], [ 110.523433238, -7.342186502 ], [ 110.523470789, -7.342193818 ], [ 110.52350264, -7.342204459 ], [ 110.523540862, -7.342214767 ], [ 110.523560643, -7.342186502 ], [ 110.523583442, -7.342148927 ], [ 110.523600206, -7.342109024 ], [ 110.52362401, -7.342069785 ], [ 110.523626357, -7.342040191 ], [ 110.523624346, -7.342002282 ], [ 110.523591489, -7.341970027 ], [ 110.523565002, -7.341941762 ], [ 110.523551255, -7.341912833 ], [ 110.52356299, -7.341875257 ], [ 110.52356936, -7.341846992 ], [ 110.523573719, -7.341813074 ], [ 110.523539856, -7.34179013 ], [ 110.523505323, -7.341766853 ], [ 110.523476489, -7.341743909 ], [ 110.523446667, -7.3417 ], [ 110.523415804, -7.341672083 ], [ 110.52340474, -7.341610565 ] ] ] } },
{ "type": "Feature", "properties": { "varietas": "Inpari 32", "kelas_sawah": "sawah", "usia_fase": "2-3 bulan", "lokasi": "Salatiga", "source_file": "SL3_20_Inpari 32_Tingkir_2 Bulan 15 Hari.geojson" }, "geometry": { "type": "Polygon", "coordinates": [ [ [ 110.525356047, -7.335625695 ], [ 110.525309779, -7.335624032 ], [ 110.525277592, -7.335623367 ], [ 110.525251441, -7.335641989 ], [ 110.525224283, -7.335643652 ], [ 110.525185727, -7.335649637 ], [ 110.525148846, -7.335636004 ], [ 110.525113642, -7.33562902 ], [ 110.525079109, -7.335628023 ], [ 110.525051281, -7.335630018 ], [ 110.525015406, -7.335628688 ], [ 110.524988919, -7.335608736 ], [ 110.52499529, -7.335576148 ], [ 110.524993278, -7.335539569 ], [ 110.524994954, -7.335512634 ], [ 110.524993278, -7.335482706 ], [ 110.524989925, -7.335447458 ], [ 110.524994284, -7.335419858 ], [ 110.524998643, -7.33539126 ], [ 110.524980873, -7.33536499 ], [ 110.524956062, -7.335337722 ], [ 110.524934269, -7.335299148 ], [ 110.524920188, -7.335275539 ], [ 110.524911135, -7.335245943 ], [ 110.524879619, -7.335217013 ], [ 110.524853468, -7.335190078 ], [ 110.52483134, -7.335173784 ], [ 110.524793789, -7.335166136 ], [ 110.524762943, -7.335163475 ], [ 110.524732098, -7.335174116 ], [ 110.524689518, -7.335203712 ], [ 110.524673089, -7.335227322 ], [ 110.524695553, -7.335253924 ], [ 110.524711311, -7.335285847 ], [ 110.524727404, -7.335310122 ], [ 110.524740145, -7.335347366 ], [ 110.524749197, -7.335375298 ], [ 110.524753556, -7.335410214 ], [ 110.524757914, -7.335440142 ], [ 110.524763949, -7.335469405 ], [ 110.524775013, -7.335514962 ], [ 110.524786413, -7.335556861 ], [ 110.524806865, -7.335594437 ], [ 110.524833016, -7.33562104 ], [ 110.524855815, -7.335645979 ], [ 110.524838045, -7.33567624 ], [ 110.524824299, -7.335708828 ], [ 110.524815582, -7.335733768 ], [ 110.524805523, -7.335770346 ], [ 110.524802841, -7.335800607 ], [ 110.524811223, -7.33582987 ], [ 110.524816588, -7.335865451 ], [ 110.524816923, -7.335895711 ], [ 110.5248072, -7.33593894 ], [ 110.524825305, -7.335990815 ], [ 110.524839386, -7.336047678 ], [ 110.524865538, -7.336102878 ], [ 110.524900742, -7.336121167 ], [ 110.52492287, -7.336155086 ], [ 110.524950363, -7.336208291 ], [ 110.524974503, -7.336238884 ], [ 110.525022112, -7.336284773 ], [ 110.525050946, -7.33633033 ], [ 110.525077097, -7.336373559 ], [ 110.525111295, -7.336413463 ], [ 110.525137782, -7.336435742 ], [ 110.525152199, -7.33646168 ], [ 110.525168628, -7.336492938 ], [ 110.525181703, -7.336524196 ], [ 110.525176004, -7.336559776 ], [ 110.525167957, -7.336588042 ], [ 110.525169633, -7.336626283 ], [ 110.525188744, -7.33665488 ], [ 110.525218919, -7.336669844 ], [ 110.52525714, -7.336685473 ], [ 110.525297709, -7.336698442 ], [ 110.525325872, -7.336709083 ], [ 110.525335595, -7.336664524 ], [ 110.525320508, -7.336627613 ], [ 110.525308438, -7.336590037 ], [ 110.525273234, -7.336551796 ], [ 110.525250435, -7.336517877 ], [ 110.525228307, -7.336475313 ], [ 110.525212213, -7.33643674 ], [ 110.525194108, -7.336408475 ], [ 110.525177345, -7.336368903 ], [ 110.525156222, -7.336287433 ], [ 110.525141135, -7.336265154 ], [ 110.525108278, -7.336234228 ], [ 110.525068045, -7.336203303 ], [ 110.52504994, -7.336126155 ], [ 110.52506201, -7.336081929 ], [ 110.525097549, -7.336050671 ], [ 110.525159575, -7.336020743 ], [ 110.52521389, -7.336005779 ], [ 110.525275581, -7.335988155 ], [ 110.525289997, -7.335935282 ], [ 110.52529972, -7.335865783 ], [ 110.525317155, -7.335787306 ], [ 110.525342301, -7.335692866 ], [ 110.525356047, -7.335625695 ] ] ] } },
{ "type": "Feature", "properties": { "varietas": "Rojolele Srinuk", "kelas_sawah": "sawah", "usia_fase": "terkalibrasi", "lokasi": "Delanggu", "source_file": "delanggu_geojson_tuned.geojson" }, "geometry": { "type": "MultiPolygon", "coordinates": [ [ [ [ 110.681641542449881, -7.629529713577369 ], [ 110.681153380409171, -7.630305984382929 ], [ 110.681429647937691, -7.630484101115612 ], [ 110.681603991523659, -7.630574488682928 ], [ 110.681684457794105, -7.630619682459419 ], [ 110.681778335109627, -7.630670193145147 ], [ 110.681909763351356, -7.630747288390801 ], [ 110.681949996486594, -7.630702094627799 ], [ 110.682322823539664, -7.63008533220824 ], [ 110.682218217388083, -7.629981652231411 ], [ 110.682177984252846, -7.629963043002147 ], [ 110.682030462757027, -7.629875313767535 ], [ 110.681877576843192, -7.629768975277229 ], [ 110.681781017318642, -7.629617442882861 ], [ 110.681641542449881, -7.629529713577369 ] ] ], [ [ [ 110.677262675489089, -7.627418022524627 ], [ 110.677005183423674, -7.627852683325749 ], [ 110.677092355216644, -7.627911169760687 ], [ 110.677335095132491, -7.627497776833137 ], [ 110.677262675489089, -7.627418022524627 ] ] ], [ [ [ 110.671902771672038, -7.619597916978029 ], [ 110.671845104178217, -7.620049866119503 ], [ 110.672010060032619, -7.620101707314067 ], [ 110.672074433048991, -7.619651087490028 ], [ 110.671902771672038, -7.619597916978029 ] ] ], [ [ [ 110.670839433586167, -7.616999396219559 ], [ 110.670803223764452, -7.617079152468869 ], [ 110.670748032184193, -7.617197662019744 ], [ 110.670672930331776, -7.617374015647216 ], [ 110.67061794504697, -7.617510930413015 ], [ 110.670553761933988, -7.61765411502487 ], [ 110.670491769700888, -7.617797817364707 ], [ 110.670427396684516, -7.617957329551212 ], [ 110.670489087491873, -7.617981256374057 ], [ 110.670527979522575, -7.617888207611016 ], [ 110.67058296480738, -7.617761927114564 ], [ 110.670635267883171, -7.617644951463576 ], [ 110.670679821941775, -7.61753875927039 ], [ 110.670763250234472, -7.617345737838582 ], [ 110.670846134888833, -7.617154845928519 ], [ 110.670899779069131, -7.617041857924235 ], [ 110.67091855453225, -7.616987357817392 ], [ 110.67086088703843, -7.616943491872711 ], [ 110.670839433586167, -7.616999396219559 ] ] ], [ [ [ 110.670417884814157, -7.617985565743206 ], [ 110.670278409945382, -7.618312565518297 ], [ 110.670330713021187, -7.6183391508549 ], [ 110.670472870098976, -7.618012151100098 ], [ 110.670417884814157, -7.617985565743206 ] ] ] ] } },
{ "type": "Feature", "properties": { "varietas": "Inpari 32", "kelas_sawah": "sawah", "usia_fase": "terkalibrasi", "lokasi": "Delanggu", "source_file": "delanggu_geojson_tuned.geojson" }, "geometry": { "type": "MultiPolygon", "coordinates": [ [ [ [ 110.684184793742489, -7.632080995773609 ], [ 110.684589807303738, -7.631371189510867 ], [ 110.684458379061994, -7.631291435924572 ], [ 110.684056047709774, -7.632003900768392 ], [ 110.684184793742489, -7.632080995773609 ] ] ], [ [ [ 110.684190158160519, -7.632096946462607 ], [ 110.684317563088712, -7.632176699898665 ], [ 110.684446911264203, -7.631974359427401 ], [ 110.684575657296932, -7.631736428186566 ], [ 110.684695015598095, -7.631526410556697 ], [ 110.684736589837826, -7.631455961581816 ], [ 110.684597114969051, -7.631371283714622 ], [ 110.684531400848172, -7.631497560195804 ], [ 110.68442629318713, -7.631673515048692 ], [ 110.684333756976116, -7.631844985087628 ], [ 110.684235856347058, -7.632011138160542 ], [ 110.684190158160519, -7.632096946462607 ] ] ] ] } },
{ "type": "Feature", "properties": { "varietas": "non-sawah", "kelas_sawah": "non-sawah", "usia_fase": "non-tanaman", "lokasi": "Delanggu", "source_file": "non_sawah.geojson" }, "geometry": { "type": "Polygon", "coordinates": [ [ [ 110.689528963474501, -7.612838728846112 ], [ 110.68931438675331, -7.613593761408449 ], [ 110.68906762352394, -7.613944691583304 ], [ 110.689013979343642, -7.61422118182172 ], [ 110.689131996540297, -7.614529574569538 ], [ 110.689453861622084, -7.614774161763465 ], [ 110.68979718437599, -7.615018748817803 ], [ 110.689947388080839, -7.615369677825849 ], [ 110.690290710834731, -7.615688703947428 ], [ 110.690784237293471, -7.615912022091218 ], [ 110.691234848407973, -7.616145974307504 ], [ 110.69180347671913, -7.616656415063268 ], [ 110.692362194931803, -7.616767086609467 ], [ 110.693359976685343, -7.617022306693396 ], [ 110.695806151306911, -7.617915575789846 ], [ 110.695306841820923, -7.619268741262863 ], [ 110.699126482175714, -7.62072578519795 ], [ 110.705793700405565, -7.622940714043794 ], [ 110.707360110470248, -7.621058488359141 ], [ 110.706694922634568, -7.620537418769445 ], [ 110.706094107815218, -7.621260535580479 ], [ 110.705321631618929, -7.621090390558328 ], [ 110.704818628047107, -7.620771368459579 ], [ 110.704217813227757, -7.620707564011305 ], [ 110.703960321162342, -7.620346005291542 ], [ 110.703692100260838, -7.620122689459203 ], [ 110.703649184916614, -7.61970795974732 ], [ 110.703863761637805, -7.619091181484388 ], [ 110.703964603780108, -7.618876310429127 ], [ 110.702612770436616, -7.618089384754279 ], [ 110.701752236316636, -7.61781490271782 ], [ 110.701226523349717, -7.617666024629444 ], [ 110.701290896366075, -7.617346999980118 ], [ 110.700926115940064, -7.617091780089617 ], [ 110.700550606677965, -7.616815291703323 ], [ 110.700775912235216, -7.616080214616062 ], [ 110.700885800892024, -7.615952604312522 ], [ 110.700838671940545, -7.61519150433771 ], [ 110.699626313465814, -7.615127699058367 ], [ 110.6986178028762, -7.614712964511073 ], [ 110.697312574753951, -7.614285781893002 ], [ 110.69709799803276, -7.614200708005306 ], [ 110.697334032426056, -7.613307431165032 ], [ 110.696883421311568, -7.613084111664087 ], [ 110.696035843262862, -7.61415817105513 ], [ 110.694447975526046, -7.613700898574084 ], [ 110.6942635998725, -7.61377822708396 ], [ 110.693512581348315, -7.613554907828298 ], [ 110.692815207004458, -7.613948375010182 ], [ 110.692321680545717, -7.613735690091852 ], [ 110.692150019168764, -7.614597063359237 ], [ 110.691521881947793, -7.614332814669506 ], [ 110.691167830357827, -7.614003153296806 ], [ 110.690867422948173, -7.613726662917743 ], [ 110.690363167653359, -7.613450172360315 ], [ 110.689528963474501, -7.612838728846112 ] ] ] } },
{ "type": "Feature", "properties": { "varietas": "non-sawah", "kelas_sawah": "non-sawah", "usia_fase": "non-tanaman", "lokasi": "Delanggu", "source_file": "non_sawah.geojson" }, "geometry": { "type": "Polygon", "coordinates": [ [ [ 110.691048179574864, -7.646963594947064 ], [ 110.689868007608325, -7.64867557251648 ], [ 110.690028940149205, -7.649940942826593 ], [ 110.690565381952197, -7.650674643220039 ], [ 110.690951620050342, -7.650887309764822 ], [ 110.691612500349308, -7.652412062345871 ], [ 110.692320603529225, -7.65189103098554 ], [ 110.692685383955251, -7.651178599319699 ], [ 110.693865555921818, -7.651497598720193 ], [ 110.696579951444875, -7.652582194897089 ], [ 110.696665782133351, -7.651827231183381 ], [ 110.697030562559391, -7.65189103098554 ], [ 110.697116393247867, -7.6512849324797 ], [ 110.696333188215505, -7.650412999785072 ], [ 110.695592898527408, -7.650125899605307 ], [ 110.69554998318317, -7.649658032231656 ], [ 110.695238846937428, -7.649360298181247 ], [ 110.69494916836382, -7.649158264242988 ], [ 110.695013541380177, -7.648786096211541 ], [ 110.694852608839298, -7.648573428619236 ], [ 110.69469167629839, -7.648605328764829 ], [ 110.694359082380544, -7.648530895088045 ], [ 110.694069403806949, -7.648573428619236 ], [ 110.693758267561208, -7.648477728168102 ], [ 110.693114537397634, -7.648956230209062 ], [ 110.692774410106509, -7.648380895411561 ], [ 110.692881698467104, -7.648093793864235 ], [ 110.691048179574864, -7.646963594947064 ] ] ] } },
{ "type": "Feature", "properties": { "varietas": "non-sawah", "kelas_sawah": "non-sawah", "usia_fase": "non-tanaman", "lokasi": "Delanggu", "source_file": "non_sawah.geojson" }, "geometry": { "type": "MultiPolygon", "coordinates": [ [ [ [ 110.681228106407076, -7.641609018268338 ], [ 110.681137680888497, -7.641443561345028 ], [ 110.680740713954293, -7.641390393542316 ], [ 110.681228106407076, -7.641609018268338 ] ] ], [ [ [ 110.681228106407076, -7.641609018268338 ], [ 110.681277155757272, -7.641698766705892 ], [ 110.681395172953913, -7.641868903528388 ], [ 110.681641936183297, -7.641922071271535 ], [ 110.681867241740534, -7.642049673828046 ], [ 110.682103276133844, -7.642134742177855 ], [ 110.682124733805978, -7.642326145903002 ], [ 110.681942343592951, -7.642538816608093 ], [ 110.682274937510812, -7.642772754261332 ], [ 110.682489514232003, -7.642921623610307 ], [ 110.682414412379572, -7.643315063782727 ], [ 110.682618260264704, -7.643580901531815 ], [ 110.682940125346491, -7.64387863961429 ], [ 110.683616042018258, -7.644123210026693 ], [ 110.683980822444283, -7.644133843519706 ], [ 110.684149801612207, -7.644189669353681 ], [ 110.684554815173456, -7.64433056309267 ], [ 110.684911548972437, -7.644508673979189 ], [ 110.685351431250893, -7.644716026857932 ], [ 110.685391664386117, -7.644918062899327 ], [ 110.685633063197457, -7.645234408614148 ], [ 110.685914695144021, -7.64530352613407 ], [ 110.686239242434809, -7.645250358812041 ], [ 110.686523556590387, -7.645292892670193 ], [ 110.686805188536951, -7.645314159597679 ], [ 110.687073409438455, -7.645364668546216 ], [ 110.687371134639108, -7.64535137671824 ], [ 110.687711775183999, -7.645473661520066 ], [ 110.688203359147238, -7.644737752766861 ], [ 110.681228106407076, -7.641609018268338 ] ] ] ] } },
{ "type": "Feature", "properties": { "varietas": "non-sawah", "kelas_sawah": "non-sawah", "usia_fase": "non-tanaman", "lokasi": "Delanggu", "source_file": "non_sawah.geojson" }, "geometry": { "type": "Polygon", "coordinates": [ [ [ 110.688205293930508, -7.644721464940353 ], [ 110.688687607003672, -7.643847580824683 ], [ 110.688977285577266, -7.64325476278748 ], [ 110.689221366597636, -7.642688527750201 ], [ 110.689586014099817, -7.641894000085001 ], [ 110.68990261416333, -7.641096305859675 ], [ 110.690140782044267, -7.640603476185752 ], [ 110.690258799240922, -7.640327002995565 ], [ 110.689674077675676, -7.640082430408907 ], [ 110.689483640835633, -7.640345611773599 ], [ 110.689556060479021, -7.640422705273951 ], [ 110.689497051880693, -7.640529041113682 ], [ 110.689282475159516, -7.640933117063225 ], [ 110.689202008889069, -7.640962359386848 ], [ 110.688904283688416, -7.640826781324101 ], [ 110.688491223500108, -7.640473214801135 ], [ 110.688324735467532, -7.639483341080649 ], [ 110.688053832357028, -7.639188258337797 ], [ 110.687251851861561, -7.638547582491696 ], [ 110.686657649725788, -7.638017199095999 ], [ 110.686443073004583, -7.638219238306572 ], [ 110.686233860701421, -7.638086317784049 ], [ 110.686021966189244, -7.637823135027449 ], [ 110.686148385494036, -7.637602839060303 ], [ 110.685835098460814, -7.637395871990185 ], [ 110.685507868960997, -7.637773366776125 ], [ 110.684563731387755, -7.638916482755694 ], [ 110.684931916537707, -7.639200215968212 ], [ 110.685178679767091, -7.639689362011752 ], [ 110.685554189029162, -7.640146606719838 ], [ 110.685591739955385, -7.640380545683527 ], [ 110.685318154635851, -7.640896274309968 ], [ 110.685575646701281, -7.641257815656167 ], [ 110.685543460193102, -7.641619356696277 ], [ 110.684784781522822, -7.642490541261472 ], [ 110.685466062612605, -7.641666441596105 ], [ 110.684816968031015, -7.641772777126164 ], [ 110.683878194875803, -7.641389969094026 ], [ 110.683298837728572, -7.641847211981447 ], [ 110.682317149229135, -7.641331484503351 ], [ 110.681662690229501, -7.641379335532683 ], [ 110.680782925672602, -7.641395285874606 ], [ 110.688205293930508, -7.644721464940353 ] ] ] } }
]
}
