{
"type": "FeatureCollection",
"name": "delanggu_snic_clusters_labeled",
"crs": { "type": "name", "properties": { "name": "urn:ogc:def:crs:OGC:1.3:CRS84" } },
"features": [
{ "type": "Feature", "properties": { "cluster_id": 1519024461, "count": 42, "area_m2": 4200.0000059558079, "area_ha": 0.42000000059558079, "kelas_sawah": "unlabeled", "varietas": "unlabeled", "usia_fase": null, "overlap_ratio": 0.0, "is_ground_truth": false }, "geometry": { "type": "Polygon", "coordinates": [ [ [ 110.66572067611709, -7.629562018049761 ], [ 110.666083329159363, -7.629562298171416 ], [ 110.666083609766105, -7.629200475864172 ], [ 110.666174272954805, -7.629200545842933 ], [ 110.666174623594216, -7.628748267938667 ], [ 110.665811971225679, -7.628747987924809 ], [ 110.665812041429021, -7.628657532345753 ], [ 110.665721378357105, -7.628657462295127 ], [ 110.66572067611709, -7.629562018049761 ] ] ] } },
{ "type": "Feature", "properties": { "cluster_id": -39722608, "count": 33, "area_m2": 3299.999964198214, "area_ha": 0.32999999641982142, "kelas_sawah": "unlabeled", "varietas": "unlabeled", "usia_fase": null, "overlap_ratio": 0.0, "is_ground_truth": false }, "geometry": { "type": "Polygon", "coordinates": [ [ [ 110.665721940091615, -7.627933817662673 ], [ 110.666084591768438, -7.627934097721447 ], [ 110.666085152838207, -7.627210453044077 ], [ 110.665813164538719, -7.627210243044913 ], [ 110.665813234724098, -7.627119787456873 ], [ 110.665722571984546, -7.627119717424214 ], [ 110.665721940091615, -7.627933817662673 ] ] ] } },
{ "type": "Feature", "properties": { "cluster_id": -968146461, "count": 43, "area_m2": 4300.0000138304313, "area_ha": 0.43000000138304312, "kelas_sawah": "unlabeled", "varietas": "unlabeled", "usia_fase": null, "overlap_ratio": 0.0, "is_ground_truth": false }, "geometry": { "type": "Polygon", "coordinates": [ [ [ 110.665726291683569, -7.622325570952675 ], [ 110.666088938635255, -7.622325850804836 ], [ 110.666089008721812, -7.622235395189847 ], [ 110.666179670446255, -7.622235465105725 ], [ 110.666180090812901, -7.621692731451723 ], [ 110.666089429205229, -7.621692661544826 ], [ 110.666089569360381, -7.621511750323831 ], [ 110.665817584654164, -7.621511540486364 ], [ 110.665817654794623, -7.621421084871375 ], [ 110.665726993240852, -7.621421014892614 ], [ 110.665726291683569, -7.622325570952675 ] ] ] } },
{ "type": "Feature", "properties": { "cluster_id": -366556246, "count": 42, "area_m2": 4199.9999962834409, "area_ha": 0.41999999962834411, "kelas_sawah": "unlabeled", "varietas": "unlabeled", "usia_fase": null, "overlap_ratio": 0.0, "is_ground_truth": false }, "geometry": { "type": "Polygon", "coordinates": [ [ [ 110.665727624576832, -7.62060691441161 ], [ 110.666090270082236, -7.620607194191905 ], [ 110.666090620416213, -7.620154916116959 ], [ 110.666181281700489, -7.620154986014871 ], [ 110.666181561867063, -7.61979316354593 ], [ 110.665909578247792, -7.619792953807278 ], [ 110.665909648343344, -7.619702498192289 ], [ 110.665728325972424, -7.619702358279683 ], [ 110.665727624576832, -7.62060691441161 ] ] ] } },
{ "type": "Feature", "properties": { "cluster_id": 1184578373, "count": 40, "area_m2": 3999.9999804716208, "area_ha": 0.39999999804716208, "kelas_sawah": "unlabeled", "varietas": "unlabeled", "usia_fase": null, "overlap_ratio": 0.0, "is_ground_truth": false }, "geometry": { "type": "Polygon", "coordinates": [ [ [ 110.665719411855108, -7.631190218311084 ], [ 110.666082066271798, -7.631190498495622 ], [ 110.666082206606617, -7.631009587355474 ], [ 110.666172870172616, -7.631009657352202 ], [ 110.66617322090184, -7.630557379483867 ], [ 110.666082557425682, -7.630557309496123 ], [ 110.666082627593084, -7.63046685392605 ], [ 110.665991964134889, -7.630466783911356 ], [ 110.665992034320269, -7.630376328341283 ], [ 110.665720044017547, -7.630376118198389 ], [ 110.665719411855108, -7.631190218311084 ] ] ] } },
{ "type": "Feature", "properties": { "cluster_id": -1281572279, "count": 35, "area_m2": 3500.0000028862269, "area_ha": 0.35000000028862266, "kelas_sawah": "unlabeled", "varietas": "unlabeled", "usia_fase": null, "overlap_ratio": 0.0, "is_ground_truth": false }, "geometry": { "type": "Polygon", "coordinates": [ [ [ 110.665724467223185, -7.624677416520189 ], [ 110.666087116160156, -7.624677696462181 ], [ 110.666087676987374, -7.623954051668031 ], [ 110.665997014903596, -7.623953981725203 ], [ 110.665997085017096, -7.623863526119196 ], [ 110.66572509883764, -7.623863316164949 ], [ 110.665724467223185, -7.624677416520189 ] ] ] } },
{ "type": "Feature", "properties": { "cluster_id": 198548993, "count": 45, "area_m2": 4500.0000094046118, "area_ha": 0.45000000094046116, "kelas_sawah": "unlabeled", "varietas": "unlabeled", "usia_fase": null, "overlap_ratio": 0.0, "is_ground_truth": false }, "geometry": { "type": "Polygon", "coordinates": [ [ [ 110.665726993240852, -7.621421014892614 ], [ 110.665817654794623, -7.621421084871375 ], [ 110.665817584654164, -7.621511540486364 ], [ 110.666180230932113, -7.621511820230727 ], [ 110.666180371042344, -7.621330909000748 ], [ 110.666089709515532, -7.621330839102836 ], [ 110.666089849661702, -7.621149927872858 ], [ 110.666180511152589, -7.621149997779753 ], [ 110.666180861414702, -7.62069771971379 ], [ 110.665999538621577, -7.620697579891016 ], [ 110.665999608708134, -7.620607124276026 ], [ 110.665727624576832, -7.62060691441161 ], [ 110.665726993240852, -7.621421014892614 ] ] ] } },
{ "type": "Feature", "properties": { "cluster_id": -561718266, "count": 33, "area_m2": 3300.000044532062, "area_ha": 0.33000000445320621, "kelas_sawah": "unlabeled", "varietas": "unlabeled", "usia_fase": null, "overlap_ratio": 0.0, "is_ground_truth": false }, "geometry": { "type": "Polygon", "coordinates": [ [ [ 110.665730780187744, -7.616536411530479 ], [ 110.666093422279545, -7.616536691167044 ], [ 110.666093492303233, -7.616446235534088 ], [ 110.666002831800483, -7.616446165654143 ], [ 110.666002901851115, -7.616355710021187 ], [ 110.666093562335888, -7.616355779901133 ], [ 110.666093982486927, -7.615813046103399 ], [ 110.666003322109958, -7.615812976223453 ], [ 110.666003392151595, -7.615722520590498 ], [ 110.665822071451544, -7.615722380794673 ], [ 110.665822001373968, -7.615812836418645 ], [ 110.66573134100598, -7.615812766493784 ], [ 110.665730780187744, -7.616536411530479 ] ] ] } },
{ "type": "Feature", "properties": { "cluster_id": 519689057, "count": 32, "area_m2": 3199.9999948879122, "area_ha": 0.31999999948879121, "kelas_sawah": "unlabeled", "varietas": "unlabeled", "usia_fase": null, "overlap_ratio": 0.0, "is_ground_truth": false }, "geometry": { "type": "Polygon", "coordinates": [ [ [ 110.665715125355092, -7.636708007187254 ], [ 110.666168449194785, -7.636708357620046 ], [ 110.666168659786834, -7.636436990981691 ], [ 110.666077995079988, -7.636436920931065 ], [ 110.666078065292311, -7.636346465378958 ], [ 110.666168729990176, -7.636346535429584 ], [ 110.666168870378897, -7.636165624325369 ], [ 110.666078205725938, -7.636165554283727 ], [ 110.666078275947243, -7.636075098731619 ], [ 110.665806282042269, -7.636074888489911 ], [ 110.665806211767062, -7.636165344042017 ], [ 110.665715547114118, -7.636165273919526 ], [ 110.665715125355092, -7.636708007187254 ] ] ] } },
{ "type": "Feature", "properties": { "cluster_id": 1836856340, "count": 45, "area_m2": 4499.9999635008862, "area_ha": 0.44999999635008864, "kelas_sawah": "unlabeled", "varietas": "unlabeled", "usia_fase": null, "overlap_ratio": 0.0, "is_ground_truth": false }, "geometry": { "type": "Polygon", "coordinates": [ [ [ 110.665715547114118, -7.636165273919526 ], [ 110.665806211767062, -7.636165344042017 ], [ 110.665806282042269, -7.636074888489911 ], [ 110.666078275947243, -7.636075098731619 ], [ 110.666078205725938, -7.636165554283727 ], [ 110.666168870378897, -7.636165624325369 ], [ 110.666169502110137, -7.635351524365388 ], [ 110.66607883762785, -7.635351454323745 ], [ 110.666078907840173, -7.635260998771638 ], [ 110.665806914447245, -7.635260788547895 ], [ 110.665806844190016, -7.635351244100002 ], [ 110.665716179707729, -7.635351173986495 ], [ 110.665715547114118, -7.636165273919526 ] ] ] } },
{ "type": "Feature", "properties": { "cluster_id": 1345379900, "count": 43, "area_m2": 4299.9999676275183, "area_ha": 0.42999999676275186, "kelas_sawah": "unlabeled", "varietas": "unlabeled", "usia_fase": null, "overlap_ratio": 0.0, "is_ground_truth": false }, "geometry": { "type": "Polygon", "coordinates": [ [ [ 110.665716179707729, -7.635351173986495 ], [ 110.665806844190016, -7.635351244100002 ], [ 110.665806914447245, -7.635260788547895 ], [ 110.666169572304483, -7.635261068804297 ], [ 110.666170063593114, -7.63462787992158 ], [ 110.666079399263552, -7.63462780988892 ], [ 110.666079539661254, -7.634446898775723 ], [ 110.665807546789338, -7.634446688578929 ], [ 110.665807476532109, -7.634537144131037 ], [ 110.665716812229491, -7.634537074026512 ], [ 110.665716179707729, -7.635351173986495 ] ] ] } },
{ "type": "Feature", "properties": { "cluster_id": 1237817111, "count": 44, "area_m2": 4399.9999373129685, "area_ha": 0.43999999373129683, "kelas_sawah": "unlabeled", "varietas": "unlabeled", "usia_fase": null, "overlap_ratio": 0.0, "is_ground_truth": false }, "geometry": { "type": "Polygon", "coordinates": [ [ [ 110.665716812229491, -7.634537074026512 ], [ 110.665807476532109, -7.634537144131037 ], [ 110.665807546789338, -7.634446688578929 ], [ 110.666079539661254, -7.634446898775723 ], [ 110.666079609864596, -7.634356443223616 ], [ 110.666170274131275, -7.634356513247292 ], [ 110.666170765366005, -7.633723324337626 ], [ 110.666080101225077, -7.633723254313949 ], [ 110.666080171419438, -7.633632798752859 ], [ 110.665717514945612, -7.633632518478491 ], [ 110.665716812229491, -7.634537074026512 ] ] ] } },
{ "type": "Feature", "properties": { "cluster_id": -2030996645, "count": 41, "area_m2": 4100.0000018882565, "area_ha": 0.41000000018882565, "kelas_sawah": "unlabeled", "varietas": "unlabeled", "usia_fase": null, "overlap_ratio": 0.0, "is_ground_truth": false }, "geometry": { "type": "Polygon", "coordinates": [ [ [ 110.665717514945612, -7.633632518478491 ], [ 110.666080171419438, -7.633632798752859 ], [ 110.666080381993524, -7.633361432069588 ], [ 110.666171046053591, -7.633361502093265 ], [ 110.666171396890633, -7.63290922427883 ], [ 110.666080732920392, -7.632909154264136 ], [ 110.666080803105771, -7.632818698694063 ], [ 110.665718147314649, -7.632818418455627 ], [ 110.665717514945612, -7.633632518478491 ] ] ] } },
{ "type": "Feature", "properties": { "cluster_id": -1011359788, "count": 31, "area_m2": 3100.0000090713729, "area_ha": 0.31000000090713731, "kelas_sawah": "unlabeled", "varietas": "unlabeled", "usia_fase": null, "overlap_ratio": 0.0, "is_ground_truth": false }, "geometry": { "type": "Polygon", "coordinates": [ [ [ 110.665718147314649, -7.632818418455627 ], [ 110.665990139153493, -7.632818628670386 ], [ 110.665990209356835, -7.632728173100313 ], [ 110.666080873291136, -7.632728243132973 ], [ 110.666081364543828, -7.63209505417839 ], [ 110.665718709363574, -7.632094773966904 ], [ 110.665718147314649, -7.632818418455627 ] ] ] } },
{ "type": "Feature", "properties": { "cluster_id": -1222566535, "count": 42, "area_m2": 4199.9999849352753, "area_ha": 0.41999999849352754, "kelas_sawah": "unlabeled", "varietas": "unlabeled", "usia_fase": null, "overlap_ratio": 0.0, "is_ground_truth": false }, "geometry": { "type": "Polygon", "coordinates": [ [ [ 110.665720044017547, -7.630376118198389 ], [ 110.665992034320269, -7.630376328341283 ], [ 110.665991964134889, -7.630466783911356 ], [ 110.666082627593084, -7.63046685392605 ], [ 110.666082838068363, -7.630195487197863 ], [ 110.666173501463675, -7.630195557185607 ], [ 110.666173852156973, -7.62974327930829 ], [ 110.666083188851502, -7.629743209320546 ], [ 110.666083329159363, -7.629562298171416 ], [ 110.66572067611709, -7.629562018049761 ], [ 110.665720044017547, -7.630376118198389 ] ] ] } },
{ "type": "Feature", "properties": { "cluster_id": -233675297, "count": 44, "area_m2": 4399.9999901212877, "area_ha": 0.43999999901212877, "kelas_sawah": "unlabeled", "varietas": "unlabeled", "usia_fase": null, "overlap_ratio": 0.0, "is_ground_truth": false }, "geometry": { "type": "Polygon", "coordinates": [ [ [ 110.665722571984546, -7.627119717424214 ], [ 110.665813234724098, -7.627119787456873 ], [ 110.665813164538719, -7.627210243044913 ], [ 110.666085152838207, -7.627210453044077 ], [ 110.66608522296967, -7.627119997456037 ], [ 110.666175885718204, -7.627120067416832 ], [ 110.666175955831719, -7.627029611828791 ], [ 110.666085293101148, -7.627029541867998 ], [ 110.666085503486585, -7.626758175103878 ], [ 110.666176166154273, -7.626758245055689 ], [ 110.666176446581346, -7.626396422694547 ], [ 110.666085783976555, -7.626396352742735 ], [ 110.666085854099052, -7.626305897154696 ], [ 110.665723203796645, -7.626305617158804 ], [ 110.665722571984546, -7.627119717424214 ] ] ] } },
{ "type": "Feature", "properties": { "cluster_id": 1336525796, "count": 42, "area_m2": 4200.0000017360435, "area_ha": 0.42000000017360434, "kelas_sawah": "unlabeled", "varietas": "unlabeled", "usia_fase": null, "overlap_ratio": 0.0, "is_ground_truth": false }, "geometry": { "type": "Polygon", "coordinates": [ [ [ 110.665723203796645, -7.626305617158804 ], [ 110.666085854099052, -7.626305897154696 ], [ 110.66608599434403, -7.626124985969633 ], [ 110.666176656885938, -7.626125055921444 ], [ 110.666177077477158, -7.625582322366256 ], [ 110.666086415052021, -7.625582252414445 ], [ 110.666086485165536, -7.625491796826404 ], [ 110.665723835545847, -7.625491516857463 ], [ 110.665723203796645, -7.626305617158804 ] ] ] } },
{ "type": "Feature", "properties": { "cluster_id": 433171397, "count": 43, "area_m2": 4300.0000124142389, "area_ha": 0.4300000012414239, "kelas_sawah": "unlabeled", "varietas": "unlabeled", "usia_fase": null, "overlap_ratio": 0.0, "is_ground_truth": false }, "geometry": { "type": "Polygon", "coordinates": [ [ [ 110.665723835545847, -7.625491516857463 ], [ 110.666177147572697, -7.625491866769233 ], [ 110.666177638214549, -7.624858677599055 ], [ 110.666086975942122, -7.624858607656227 ], [ 110.666087116160156, -7.624677696462181 ], [ 110.665724467223185, -7.624677416520189 ], [ 110.665723835545847, -7.625491516857463 ] ] ] } },
{ "type": "Feature", "properties": { "cluster_id": -183681308, "count": 36, "area_m2": 3600.0000031702803, "area_ha": 0.360000000317028, "kelas_sawah": "unlabeled", "varietas": "unlabeled", "usia_fase": null, "overlap_ratio": 0.0, "is_ground_truth": false }, "geometry": { "type": "Polygon", "coordinates": [ [ [ 110.66572509883764, -7.623863316164949 ], [ 110.666087747082912, -7.623863596071008 ], [ 110.666088377933804, -7.623049495643902 ], [ 110.66572573037125, -7.623049215764792 ], [ 110.66572509883764, -7.623863316164949 ] ] ] } },
{ "type": "Feature", "properties": { "cluster_id": 1519979503, "count": 32, "area_m2": 3199.9999508610927, "area_ha": 0.31999999508610927, "kelas_sawah": "unlabeled", "varietas": "unlabeled", "usia_fase": null, "overlap_ratio": 0.0, "is_ground_truth": false }, "geometry": { "type": "Polygon", "coordinates": [ [ [ 110.66572573037125, -7.623049215764792 ], [ 110.666088377933804, -7.623049495643902 ], [ 110.666088938635255, -7.622325850804836 ], [ 110.665726291683569, -7.622325570952675 ], [ 110.66572573037125, -7.623049215764792 ] ] ] } },
{ "type": "Feature", "properties": { "cluster_id": 245792540, "count": 44, "area_m2": 4399.9999790033326, "area_ha": 0.43999999790033323, "kelas_sawah": "unlabeled", "varietas": "unlabeled", "usia_fase": null, "overlap_ratio": 0.0, "is_ground_truth": false }, "geometry": { "type": "Polygon", "coordinates": [ [ [ 110.665728816901719, -7.619069168965775 ], [ 110.666182122173254, -7.6190695185811 ], [ 110.666182682416562, -7.618345873598304 ], [ 110.666092021518566, -7.618345803718358 ], [ 110.666092091560202, -7.618255348094386 ], [ 110.665729448031101, -7.618255068394939 ], [ 110.665728816901719, -7.619069168965775 ] ] ] } },
{ "type": "Feature", "properties": { "cluster_id": 2019559581, "count": 38, "area_m2": 3800.0000098560122, "area_ha": 0.38000000098560122, "kelas_sawah": "unlabeled", "varietas": "unlabeled", "usia_fase": null, "overlap_ratio": 0.0, "is_ground_truth": false }, "geometry": { "type": "Polygon", "coordinates": [ [ [ 110.665730149202105, -7.617350512164197 ], [ 110.666092791976638, -7.617350791827712 ], [ 110.666093002083599, -7.617079424946811 ], [ 110.666183662721082, -7.617079494808791 ], [ 110.666183802750467, -7.616898583551863 ], [ 110.66609314214891, -7.616898513689883 ], [ 110.666093422279545, -7.616536691167044 ], [ 110.665730780187744, -7.616536411530479 ], [ 110.665730149202105, -7.617350512164197 ] ] ] } },
{ "type": "Feature", "properties": { "cluster_id": -196495518, "count": 34, "area_m2": 3400.0000379272387, "area_ha": 0.34000000379272388, "kelas_sawah": "unlabeled", "varietas": "unlabeled", "usia_fase": null, "overlap_ratio": 0.0, "is_ground_truth": false }, "geometry": { "type": "Polygon", "coordinates": [ [ [ 110.66573134100598, -7.615812766493784 ], [ 110.665822001373968, -7.615812836418645 ], [ 110.665822071451544, -7.615722380794673 ], [ 110.666003392151595, -7.615722520590498 ], [ 110.666003322109958, -7.615812976223453 ], [ 110.666093982486927, -7.615813046103399 ], [ 110.666094612655101, -7.614998945379849 ], [ 110.665731971856871, -7.614998665797184 ], [ 110.66573134100598, -7.615812766493784 ] ] ] } },
{ "type": "Feature", "properties": { "cluster_id": 36080836, "count": 47, "area_m2": 4700.0000012177043, "area_ha": 0.4700000001217704, "kelas_sawah": "unlabeled", "varietas": "unlabeled", "usia_fase": null, "overlap_ratio": 0.0, "is_ground_truth": false }, "geometry": { "type": "Polygon", "coordinates": [ [ [ 110.66573260264488, -7.614184565073634 ], [ 110.66609524275141, -7.614184844620367 ], [ 110.666095382762819, -7.614003933336489 ], [ 110.666186042753523, -7.614004003171519 ], [ 110.666186532640779, -7.613370813668965 ], [ 110.666095872784837, -7.613370743833935 ], [ 110.666095942781553, -7.613280288191996 ], [ 110.665733303429619, -7.613280008672213 ], [ 110.66573260264488, -7.614184565073634 ] ] ] } },
{ "type": "Feature", "properties": { "cluster_id": -1738859216, "count": 36, "area_m2": 3600.0000405800529, "area_ha": 0.36000000405800531, "kelas_sawah": "unlabeled", "varietas": "unlabeled", "usia_fase": null, "overlap_ratio": 0.0, "is_ground_truth": false }, "geometry": { "type": "Polygon", "coordinates": [ [ [ 110.665733303429619, -7.613280008672213 ], [ 110.666095942781553, -7.613280288191996 ], [ 110.666096572734133, -7.612466187369632 ], [ 110.665733934064903, -7.61246590788578 ], [ 110.665733303429619, -7.613280008672213 ] ] ] } },
{ "type": "Feature", "properties": { "cluster_id": 1152515024, "count": 49, "area_m2": 4900.0000413897214, "area_ha": 0.49000000413897216, "kelas_sawah": "unlabeled", "varietas": "unlabeled", "usia_fase": null, "overlap_ratio": 0.0, "is_ground_truth": false }, "geometry": { "type": "Polygon", "coordinates": [ [ [ 110.665718709363574, -7.632094773966904 ], [ 110.666081364543828, -7.63209505417839 ], [ 110.666081434720226, -7.632004598608317 ], [ 110.666172098501818, -7.632004668614027 ], [ 110.666172729882717, -7.631190568492348 ], [ 110.665719411855108, -7.631190218311084 ], [ 110.665718709363574, -7.632094773966904 ] ] ] } },
{ "type": "Feature", "properties": { "cluster_id": 1033282866, "count": 41, "area_m2": 4099.9999990203651, "area_ha": 0.4099999999020365, "kelas_sawah": "unlabeled", "varietas": "unlabeled", "usia_fase": null, "overlap_ratio": 0.0, "is_ground_truth": false }, "geometry": { "type": "Polygon", "coordinates": [ [ [ 110.665721378357105, -7.628657462295127 ], [ 110.665812041429021, -7.628657532345753 ], [ 110.665811971225679, -7.628747987924809 ], [ 110.666083960495342, -7.628748197959906 ], [ 110.666084170934681, -7.628476831222736 ], [ 110.666174833961691, -7.628476901192514 ], [ 110.666175254687644, -7.627934167691224 ], [ 110.665721940091615, -7.627933817662673 ], [ 110.665721378357105, -7.628657462295127 ] ] ] } },
{ "type": "Feature", "properties": { "cluster_id": -947693032, "count": 36, "area_m2": 3600.0000069686212, "area_ha": 0.36000000069686211, "kelas_sawah": "unlabeled", "varietas": "unlabeled", "usia_fase": null, "overlap_ratio": 0.0, "is_ground_truth": false }, "geometry": { "type": "Polygon", "coordinates": [ [ [ 110.665728325972424, -7.619702358279683 ], [ 110.665909648343344, -7.619702498192289 ], [ 110.665909578247792, -7.619792953807278 ], [ 110.666090900663633, -7.619793093648018 ], [ 110.666091040782845, -7.61961218241804 ], [ 110.666181701950336, -7.619612252306968 ], [ 110.666182122173254, -7.6190695185811 ], [ 110.665728816901719, -7.619069168965775 ], [ 110.665728325972424, -7.619702358279683 ] ] ] } },
{ "type": "Feature", "properties": { "cluster_id": -1705881202, "count": 45, "area_m2": 4500.00001244538, "area_ha": 0.45000000124453798, "kelas_sawah": "unlabeled", "varietas": "unlabeled", "usia_fase": null, "overlap_ratio": 0.0, "is_ground_truth": false }, "geometry": { "type": "Polygon", "coordinates": [ [ [ 110.665729448031101, -7.618255068394939 ], [ 110.666092091560202, -7.618255348094386 ], [ 110.666092441777394, -7.61780306996554 ], [ 110.666183102567601, -7.617803139836503 ], [ 110.666183452668022, -7.617350861698674 ], [ 110.665730149202105, -7.617350512164197 ], [ 110.665729448031101, -7.618255068394939 ] ] ] } },
{ "type": "Feature", "properties": { "cluster_id": 1359767770, "count": 44, "area_m2": 4399.9999896393274, "area_ha": 0.43999999896393271, "kelas_sawah": "unlabeled", "varietas": "unlabeled", "usia_fase": null, "overlap_ratio": 0.0, "is_ground_truth": false }, "geometry": { "type": "Polygon", "coordinates": [ [ [ 110.665731971856871, -7.614998665797184 ], [ 110.666094612655101, -7.614998945379849 ], [ 110.666094682669794, -7.61490848973791 ], [ 110.666185342849133, -7.614908559581924 ], [ 110.666185902778039, -7.614184914464381 ], [ 110.66573260264488, -7.614184565073634 ], [ 110.665731971856871, -7.614998665797184 ] ] ] } },
{ "type": "Feature", "properties": { "cluster_id": 192469661, "count": 4, "area_m2": 400.00000279134844, "area_ha": 0.040000000279134841, "kelas_sawah": "unlabeled", "varietas": "unlabeled", "usia_fase": null, "overlap_ratio": 0.0, "is_ground_truth": false }, "geometry": { "type": "Polygon", "coordinates": [ [ [ 110.666096502746385, -7.612556643020554 ], [ 110.66645914149646, -7.612556922198977 ], [ 110.666459211412345, -7.612466466548056 ], [ 110.666096572734133, -7.612466187369632 ], [ 110.666096502746385, -7.612556643020554 ] ] ] } },
{ "type": "Feature", "properties": { "cluster_id": -657112044, "count": 78, "area_m2": 7800.0000164215453, "area_ha": 0.78000000164215455, "kelas_sawah": "unlabeled", "varietas": "unlabeled", "usia_fase": null, "overlap_ratio": 0.0, "is_ground_truth": false }, "geometry": { "type": "Polygon", "coordinates": [ [ [ 110.665999538621577, -7.620697579891016 ], [ 110.666543507018915, -7.620697999125776 ], [ 110.666543576988687, -7.620607543501803 ], [ 110.666906222530031, -7.620607822608362 ], [ 110.666906781677397, -7.619884177616583 ], [ 110.666544136746907, -7.619883898545956 ], [ 110.666544206707712, -7.619793442921984 ], [ 110.66627222307946, -7.619793233416893 ], [ 110.666272153055786, -7.619883689031882 ], [ 110.666181491825412, -7.61988361916092 ], [ 110.666181281700489, -7.620154986014871 ], [ 110.666090620416213, -7.620154916116959 ], [ 110.666090270082236, -7.620607194191905 ], [ 110.665999608708134, -7.620607124276026 ], [ 110.665999538621577, -7.620697579891016 ] ] ] } },
{ "type": "Feature", "properties": { "cluster_id": 552935546, "count": 81, "area_m2": 8100.0000330715557, "area_ha": 0.8100000033071556, "kelas_sawah": "unlabeled", "varietas": "unlabeled", "usia_fase": null, "overlap_ratio": 0.0, "is_ground_truth": false }, "geometry": { "type": "Polygon", "coordinates": [ [ [ 110.666092791976638, -7.617350791827712 ], [ 110.666908738261981, -7.617351419974674 ], [ 110.666909367019798, -7.616537319233158 ], [ 110.666546724901039, -7.616537040279312 ], [ 110.666546794834886, -7.616446584646357 ], [ 110.666365473820434, -7.616446445057145 ], [ 110.666365403850648, -7.616536900690101 ], [ 110.666093422279545, -7.616536691167044 ], [ 110.66609314214891, -7.616898513689883 ], [ 110.666183802750467, -7.616898583551863 ], [ 110.666183662721082, -7.617079494808791 ], [ 110.666093002083599, -7.617079424946811 ], [ 110.666092791976638, -7.617350791827712 ] ] ] } },
{ "type": "Feature", "properties": { "cluster_id": -2141123205, "count": 83, "area_m2": 8300.0000299137901, "area_ha": 0.83000000299137899, "kelas_sawah": "unlabeled", "varietas": "unlabeled", "usia_fase": null, "overlap_ratio": 0.0, "is_ground_truth": false }, "geometry": { "type": "Polygon", "coordinates": [ [ [ 110.665990139153493, -7.632818628670386 ], [ 110.666080803105771, -7.632818698694063 ], [ 110.666080732920392, -7.632909154264136 ], [ 110.666443388801341, -7.632909434206129 ], [ 110.66644345890586, -7.632818978636055 ], [ 110.666896778685171, -7.632819328125616 ], [ 110.666897338748825, -7.632095683547061 ], [ 110.666625347341167, -7.632095473934173 ], [ 110.666625417409762, -7.632005018355117 ], [ 110.666081434720226, -7.632004598608317 ], [ 110.666080873291136, -7.632728243132973 ], [ 110.665990209356835, -7.632728173100313 ], [ 110.665990139153493, -7.632818628670386 ] ] ] } },
{ "type": "Feature", "properties": { "cluster_id": -507662482, "count": 82, "area_m2": 8200.0000458757859, "area_ha": 0.8200000045875786, "kelas_sawah": "unlabeled", "varietas": "unlabeled", "usia_fase": null, "overlap_ratio": 0.0, "is_ground_truth": false }, "geometry": { "type": "Polygon", "coordinates": [ [ [ 110.666084591768438, -7.627934097721447 ], [ 110.666175254687644, -7.627934167691224 ], [ 110.666175184574143, -7.628024623279264 ], [ 110.666537836340808, -7.628024902960744 ], [ 110.666537906382445, -7.627934447372704 ], [ 110.666900558086226, -7.627934726748758 ], [ 110.666900837947367, -7.627572904378632 ], [ 110.66699150080369, -7.627572974168746 ], [ 110.666991780566022, -7.627211151789638 ], [ 110.66671979223959, -7.627210942365395 ], [ 110.66671986223632, -7.627120486777356 ], [ 110.666538536730286, -7.627120347062379 ], [ 110.666538466697617, -7.62721080265042 ], [ 110.666085152838207, -7.627210453044077 ], [ 110.666084591768438, -7.627934097721447 ] ] ] } },
{ "type": "Feature", "properties": { "cluster_id": -756962893, "count": 84, "area_m2": 8399.9999527371256, "area_ha": 0.83999999527371261, "kelas_sawah": "unlabeled", "varietas": "unlabeled", "usia_fase": null, "overlap_ratio": 0.0, "is_ground_truth": false }, "geometry": { "type": "Polygon", "coordinates": [ [ [ 110.666095872784837, -7.613370743833935 ], [ 110.666911811533311, -7.613371371639538 ], [ 110.66691243995875, -7.612557270754291 ], [ 110.666731120570248, -7.612557131389658 ], [ 110.66673119043223, -7.612466675738736 ], [ 110.666459211412345, -7.612466466548056 ], [ 110.66645914149646, -7.612556922198977 ], [ 110.666096502746385, -7.612556643020554 ], [ 110.666095872784837, -7.613370743833935 ] ] ] } },
{ "type": "Feature", "properties": { "cluster_id": -1103680289, "count": 83, "area_m2": 8299.9999787684646, "area_ha": 0.82999999787684642, "kelas_sawah": "unlabeled", "varietas": "unlabeled", "usia_fase": null, "overlap_ratio": 0.0, "is_ground_truth": false }, "geometry": { "type": "Polygon", "coordinates": [ [ [ 110.666090900663633, -7.619793093648018 ], [ 110.666181561867063, -7.61979316354593 ], [ 110.666181491825412, -7.61988361916092 ], [ 110.666272153055786, -7.619883689031882 ], [ 110.66627222307946, -7.619793233416893 ], [ 110.666544206707712, -7.619793442921984 ], [ 110.666544136746907, -7.619883898545956 ], [ 110.666997442907771, -7.619884247343815 ], [ 110.666998071710509, -7.61907014669213 ], [ 110.666816749591106, -7.619070007246648 ], [ 110.666816819489028, -7.618979551622676 ], [ 110.66654483636384, -7.618979342306232 ], [ 110.666544766403049, -7.619069797930204 ], [ 110.666182122173254, -7.6190695185811 ], [ 110.666181701950336, -7.619612252306968 ], [ 110.666091040782845, -7.61961218241804 ], [ 110.666090900663633, -7.619793093648018 ] ] ] } },
{ "type": "Feature", "properties": { "cluster_id": -1866199360, "count": 79, "area_m2": 7900.0000105876825, "area_ha": 0.79000000105876822, "kelas_sawah": "unlabeled", "varietas": "unlabeled", "usia_fase": null, "overlap_ratio": 0.0, "is_ground_truth": false }, "geometry": { "type": "Polygon", "coordinates": [ [ [ 110.666002831800483, -7.616446165654143 ], [ 110.666093492303233, -7.616446235534088 ], [ 110.666093422279545, -7.616536691167044 ], [ 110.666365403850648, -7.616536900690101 ], [ 110.666365473820434, -7.616446445057145 ], [ 110.666546794834886, -7.616446584646357 ], [ 110.666546724901039, -7.616537040279312 ], [ 110.666909367019798, -7.616537319233158 ], [ 110.666909925861731, -7.615813674115614 ], [ 110.66681926547578, -7.615813604406348 ], [ 110.666819335346744, -7.61572314876441 ], [ 110.66609405250162, -7.615722590470443 ], [ 110.666093562335888, -7.616355779901133 ], [ 110.666002901851115, -7.616355710021187 ], [ 110.666002831800483, -7.616446165654143 ] ] ] } },
{ "type": "Feature", "properties": { "cluster_id": -1643707606, "count": 80, "area_m2": 7999.9999887985177, "area_ha": 0.79999999887985174, "kelas_sawah": "unlabeled", "varietas": "unlabeled", "usia_fase": null, "overlap_ratio": 0.0, "is_ground_truth": false }, "geometry": { "type": "Polygon", "coordinates": [ [ [ 110.666094612655101, -7.614998945379849 ], [ 110.666457253462312, -7.614999224648105 ], [ 110.666457323396159, -7.614908769015149 ], [ 110.666547983584493, -7.614908838778314 ], [ 110.666547913659628, -7.614999294420253 ], [ 110.666729234072221, -7.614999433910651 ], [ 110.666729303952167, -7.614908978268711 ], [ 110.666910624328821, -7.614909117678261 ], [ 110.666910554484801, -7.614999573320199 ], [ 110.667001214691098, -7.614999642993532 ], [ 110.667001843080612, -7.614185542162185 ], [ 110.666820523009378, -7.614185402806535 ], [ 110.666820592862379, -7.614094947164596 ], [ 110.666729932844731, -7.61409487745533 ], [ 110.666729862973767, -7.614185333097269 ], [ 110.666185902778039, -7.614184914464381 ], [ 110.666185342849133, -7.614908559581924 ], [ 110.666094682669794, -7.61490848973791 ], [ 110.666094612655101, -7.614998945379849 ] ] ] } },
{ "type": "Feature", "properties": { "cluster_id": -1539735287, "count": 57, "area_m2": 5700.0000284190173, "area_ha": 0.57000000284190178, "kelas_sawah": "unlabeled", "varietas": "unlabeled", "usia_fase": null, "overlap_ratio": 0.0, "is_ground_truth": false }, "geometry": { "type": "Polygon", "coordinates": [ [ [ 110.666077995079988, -7.636436920931065 ], [ 110.666168659786834, -7.636436990981691 ], [ 110.666168449194785, -7.636708357620046 ], [ 110.666893767379634, -7.63670891733335 ], [ 110.666894257698075, -7.636075728432667 ], [ 110.666168940582224, -7.636075168782245 ], [ 110.666168729990176, -7.636346535429584 ], [ 110.666078065292311, -7.636346465378958 ], [ 110.666077995079988, -7.636436920931065 ] ] ] } },
{ "type": "Feature", "properties": { "cluster_id": 688562030, "count": 81, "area_m2": 8100.0000495809945, "area_ha": 0.81000000495809943, "kelas_sawah": "unlabeled", "varietas": "unlabeled", "usia_fase": null, "overlap_ratio": 0.0, "is_ground_truth": false }, "geometry": { "type": "Polygon", "coordinates": [ [ [ 110.66607883762785, -7.635351454323745 ], [ 110.666169502110137, -7.635351524365388 ], [ 110.666168940582224, -7.636075168782245 ], [ 110.666984922342053, -7.636075798312613 ], [ 110.666985482504515, -7.635352153832874 ], [ 110.666894818013262, -7.63535208396191 ], [ 110.666894888045917, -7.635261628409803 ], [ 110.666078907840173, -7.635260998771638 ], [ 110.66607883762785, -7.635351454323745 ] ] ] } },
{ "type": "Feature", "properties": { "cluster_id": -757861503, "count": 76, "area_m2": 7600.0000068717054, "area_ha": 0.76000000068717055, "kelas_sawah": "unlabeled", "varietas": "unlabeled", "usia_fase": null, "overlap_ratio": 0.0, "is_ground_truth": false }, "geometry": { "type": "Polygon", "coordinates": [ [ [ 110.666169572304483, -7.635261068804297 ], [ 110.666894888045917, -7.635261628409803 ], [ 110.666894818013262, -7.63535208396191 ], [ 110.666985482504515, -7.635352153832874 ], [ 110.666986112618787, -7.634538053765094 ], [ 110.666895448298206, -7.634537983912097 ], [ 110.666895518330861, -7.634447528342024 ], [ 110.666623525432016, -7.63444731865727 ], [ 110.666623455345459, -7.63453777421836 ], [ 110.666170133778493, -7.63453742436049 ], [ 110.666169572304483, -7.635261068804297 ] ] ] } },
{ "type": "Feature", "properties": { "cluster_id": 28578075, "count": 82, "area_m2": 8200.0000276195351, "area_ha": 0.82000000276195351, "kelas_sawah": "unlabeled", "varietas": "unlabeled", "usia_fase": null, "overlap_ratio": 0.0, "is_ground_truth": false }, "geometry": { "type": "Polygon", "coordinates": [ [ [ 110.666079399263552, -7.63462780988892 ], [ 110.666170063593114, -7.63462787992158 ], [ 110.666170133778493, -7.63453742436049 ], [ 110.666623455345459, -7.63453777421836 ], [ 110.666623525432016, -7.63444731865727 ], [ 110.666895518330861, -7.634447528342024 ], [ 110.666895588354549, -7.634357072780934 ], [ 110.666986252639191, -7.63435714263393 ], [ 110.666986742670176, -7.633723953670365 ], [ 110.666896078520281, -7.633723883817368 ], [ 110.666896148543955, -7.633633428247295 ], [ 110.666624156157141, -7.63363321858949 ], [ 110.666624086079565, -7.633723674150581 ], [ 110.666170765366005, -7.633723324337626 ], [ 110.666170274131275, -7.634356513247292 ], [ 110.666079609864596, -7.634356443223616 ], [ 110.666079399263552, -7.63462780988892 ] ] ] } },
{ "type": "Feature", "properties": { "cluster_id": -1016340768, "count": 84, "area_m2": 8399.9999842283432, "area_ha": 0.83999999842283435, "kelas_sawah": "unlabeled", "varietas": "unlabeled", "usia_fase": null, "overlap_ratio": 0.0, "is_ground_truth": false }, "geometry": { "type": "Polygon", "coordinates": [ [ [ 110.666080101225077, -7.633723254313949 ], [ 110.666624086079565, -7.633723674150581 ], [ 110.666624156157141, -7.63363321858949 ], [ 110.666896148543955, -7.633633428247295 ], [ 110.666896288582322, -7.63345251711613 ], [ 110.666986952669347, -7.633452586960144 ], [ 110.6669873726497, -7.632909853539703 ], [ 110.666896708670478, -7.632909783695689 ], [ 110.666896778685171, -7.632819328125616 ], [ 110.66644345890586, -7.632818978636055 ], [ 110.666443388801341, -7.632909434206129 ], [ 110.666171396890633, -7.63290922427883 ], [ 110.666171046053591, -7.633361502093265 ], [ 110.666080381993524, -7.633361432069588 ], [ 110.666080101225077, -7.633723254313949 ] ] ] } },
{ "type": "Feature", "properties": { "cluster_id": -447922615, "count": 79, "area_m2": 7899.9999827385182, "area_ha": 0.78999999827385181, "kelas_sawah": "unlabeled", "varietas": "unlabeled", "usia_fase": null, "overlap_ratio": 0.0, "is_ground_truth": false }, "geometry": { "type": "Polygon", "coordinates": [ [ [ 110.666172098501818, -7.632004668614027 ], [ 110.666625417409762, -7.632005018355117 ], [ 110.666625347341167, -7.632095473934173 ], [ 110.66698800255736, -7.632095753382091 ], [ 110.666988632402138, -7.631281653197531 ], [ 110.666897968764289, -7.631281583371484 ], [ 110.666898038761005, -7.631191127792428 ], [ 110.666626047928276, -7.631190918197506 ], [ 110.666625977868677, -7.631281373767579 ], [ 110.666172659733277, -7.631281024062422 ], [ 110.666172098501818, -7.632004668614027 ] ] ] } },
{ "type": "Feature", "properties": { "cluster_id": -933017258, "count": 79, "area_m2": 7899.9999513788498, "area_ha": 0.78999999513788499, "kelas_sawah": "unlabeled", "varietas": "unlabeled", "usia_fase": null, "overlap_ratio": 0.0, "is_ground_truth": false }, "geometry": { "type": "Polygon", "coordinates": [ [ [ 110.666082066271798, -7.631190498495622 ], [ 110.666172729882717, -7.631190568492348 ], [ 110.666172659733277, -7.631281024062422 ], [ 110.666625977868677, -7.631281373767579 ], [ 110.666626047928276, -7.631190918197506 ], [ 110.666898038761005, -7.631191127792428 ], [ 110.666897968764289, -7.631281583371484 ], [ 110.666988632402138, -7.631281653197531 ], [ 110.666988842329445, -7.631010286460361 ], [ 110.666898178754465, -7.631010216634314 ], [ 110.666898248751195, -7.630919761055257 ], [ 110.666988912308199, -7.630919830881305 ], [ 110.666989192196297, -7.630558008556094 ], [ 110.666898528720125, -7.630557938739031 ], [ 110.666898598707874, -7.630467483159974 ], [ 110.666082627593084, -7.63046685392605 ], [ 110.666082557425682, -7.630557309496123 ], [ 110.66617322090184, -7.630557379483867 ], [ 110.666172870172616, -7.631009657352202 ], [ 110.666082206606617, -7.631009587355474 ], [ 110.666082066271798, -7.631190498495622 ] ] ] } },
{ "type": "Feature", "properties": { "cluster_id": -1027383281, "count": 86, "area_m2": 8600.0000299420208, "area_ha": 0.8600000029942021, "kelas_sawah": "unlabeled", "varietas": "unlabeled", "usia_fase": null, "overlap_ratio": 0.0, "is_ground_truth": false }, "geometry": { "type": "Polygon", "coordinates": [ [ [ 110.666082627593084, -7.63046685392605 ], [ 110.666898598707874, -7.630467483159974 ], [ 110.666898738683358, -7.630286571992878 ], [ 110.666989402114609, -7.630286641809941 ], [ 110.666989891876099, -7.629653452729595 ], [ 110.666899228579609, -7.629653382912531 ], [ 110.666899298567344, -7.629562927333475 ], [ 110.666627308758692, -7.629562717783468 ], [ 110.666627238717055, -7.629653173362525 ], [ 110.666083259009923, -7.629652753750473 ], [ 110.666083188851502, -7.629743209320546 ], [ 110.666173852156973, -7.62974327930829 ], [ 110.666173501463675, -7.630195557185607 ], [ 110.666082838068363, -7.630195487197863 ], [ 110.666082627593084, -7.63046685392605 ] ] ] } },
{ "type": "Feature", "properties": { "cluster_id": -354946778, "count": 83, "area_m2": 8299.9999542615842, "area_ha": 0.82999999542615843, "kelas_sawah": "unlabeled", "varietas": "unlabeled", "usia_fase": null, "overlap_ratio": 0.0, "is_ground_truth": false }, "geometry": { "type": "Polygon", "coordinates": [ [ [ 110.666083960495342, -7.628748197959906 ], [ 110.666174623594216, -7.628748267938667 ], [ 110.666174553462739, -7.628838723517723 ], [ 110.666899858388447, -7.628839282638139 ], [ 110.666900208246318, -7.62838700469794 ], [ 110.666990871273327, -7.628387074497038 ], [ 110.666991151071585, -7.628025252135895 ], [ 110.666900488125435, -7.628025182336797 ], [ 110.666900558086226, -7.627934726748758 ], [ 110.666537906382445, -7.627934447372704 ], [ 110.666537836340808, -7.628024902960744 ], [ 110.666175184574143, -7.628024623279264 ], [ 110.666174833961691, -7.628476901192514 ], [ 110.666084170934681, -7.628476831222736 ], [ 110.666083960495342, -7.628748197959906 ] ] ] } },
{ "type": "Feature", "properties": { "cluster_id": 1628336312, "count": 74, "area_m2": 7400.0000015227124, "area_ha": 0.74000000015227119, "kelas_sawah": "unlabeled", "varietas": "unlabeled", "usia_fase": null, "overlap_ratio": 0.0, "is_ground_truth": false }, "geometry": { "type": "Polygon", "coordinates": [ [ [ 110.666085152838207, -7.627210453044077 ], [ 110.666538466697617, -7.62721080265042 ], [ 110.666538536730286, -7.627120347062379 ], [ 110.66671986223632, -7.627120486777356 ], [ 110.66671979223959, -7.627210942365395 ], [ 110.666901117790545, -7.627211081999524 ], [ 110.66690174738379, -7.6263969816353 ], [ 110.666176446581346, -7.626396422694547 ], [ 110.666176166154273, -7.626758245055689 ], [ 110.666085503486585, -7.626758175103878 ], [ 110.666085293101148, -7.627029541867998 ], [ 110.666175955831719, -7.627029611828791 ], [ 110.666175885718204, -7.627120067416832 ], [ 110.66608522296967, -7.627119997456037 ], [ 110.666085152838207, -7.627210453044077 ] ] ] } },
{ "type": "Feature", "properties": { "cluster_id": -1616679396, "count": 82, "area_m2": 8199.9999890031177, "area_ha": 0.81999999890031172, "kelas_sawah": "unlabeled", "varietas": "unlabeled", "usia_fase": null, "overlap_ratio": 0.0, "is_ground_truth": false }, "geometry": { "type": "Polygon", "coordinates": [ [ [ 110.666086415052021, -7.625582252414445 ], [ 110.666449064761551, -7.625582532086942 ], [ 110.666449134794206, -7.625492076489919 ], [ 110.666902446856994, -7.625492425638121 ], [ 110.666902726619327, -7.625130603232062 ], [ 110.666993388963604, -7.62513067300421 ], [ 110.66699366863611, -7.624768850589168 ], [ 110.666903006372664, -7.62476878081702 ], [ 110.666903076306511, -7.624678325211015 ], [ 110.666087116160156, -7.624677696462181 ], [ 110.666086975942122, -7.624858607656227 ], [ 110.666177638214549, -7.624858677599055 ], [ 110.666177147572697, -7.625491866769233 ], [ 110.666086485165536, -7.625491796826404 ], [ 110.666086415052021, -7.625582252414445 ] ] ] } },
{ "type": "Feature", "properties": { "cluster_id": -360178745, "count": 77, "area_m2": 7700.000037807913, "area_ha": 0.77000000378079125, "kelas_sawah": "unlabeled", "varietas": "unlabeled", "usia_fase": null, "overlap_ratio": 0.0, "is_ground_truth": false }, "geometry": { "type": "Polygon", "coordinates": [ [ [ 110.666087747082912, -7.623863596071008 ], [ 110.666903705693144, -7.623864224756959 ], [ 110.666903845542876, -7.623683313535964 ], [ 110.666994507581734, -7.623683383290146 ], [ 110.666994857107227, -7.623231105242149 ], [ 110.666904195167177, -7.623231035487967 ], [ 110.666904265083062, -7.623140579872977 ], [ 110.666088307847247, -7.623139951249908 ], [ 110.666087747082912, -7.623863596071008 ] ] ] } },
{ "type": "Feature", "properties": { "cluster_id": -95745729, "count": 88, "area_m2": 8799.9999989685602, "area_ha": 0.87999999989685607, "kelas_sawah": "unlabeled", "varietas": "unlabeled", "usia_fase": null, "overlap_ratio": 0.0, "is_ground_truth": false }, "geometry": { "type": "Polygon", "coordinates": [ [ [ 110.666088307847247, -7.623139951249908 ], [ 110.666904265083062, -7.623140579872977 ], [ 110.666904754512174, -7.622507390586019 ], [ 110.6669954162995, -7.622507460331217 ], [ 110.666995556086349, -7.622326549101239 ], [ 110.666904894334948, -7.62232647935604 ], [ 110.666904964250833, -7.622236023741051 ], [ 110.666451655610615, -7.62223567473658 ], [ 110.666451585604918, -7.62232613035157 ], [ 110.666088938635255, -7.622325850804836 ], [ 110.666088307847247, -7.623139951249908 ] ] ] } },
{ "type": "Feature", "properties": { "cluster_id": 2007775133, "count": 81, "area_m2": 8099.9999904606375, "area_ha": 0.80999999904606379, "kelas_sawah": "unlabeled", "varietas": "unlabeled", "usia_fase": null, "overlap_ratio": 0.0, "is_ground_truth": false }, "geometry": { "type": "Polygon", "coordinates": [ [ [ 110.666088938635255, -7.622325850804836 ], [ 110.666451585604918, -7.62232613035157 ], [ 110.666451655610615, -7.62223567473658 ], [ 110.666904964250833, -7.622236023741051 ], [ 110.666905243887399, -7.621874201281094 ], [ 110.666995905539977, -7.621874271017309 ], [ 110.666996185095698, -7.621512448548369 ], [ 110.66690552351497, -7.621512378812153 ], [ 110.666905593421873, -7.621421923188181 ], [ 110.666542947197811, -7.621421644054673 ], [ 110.666542877219058, -7.621512099669662 ], [ 110.666452215647325, -7.621512029834632 ], [ 110.666452285644041, -7.621421574228626 ], [ 110.666180300991726, -7.621421364615737 ], [ 110.666180230932113, -7.621511820230727 ], [ 110.666089569360381, -7.621511750323831 ], [ 110.666089429205229, -7.621692661544826 ], [ 110.666180090812901, -7.621692731451723 ], [ 110.666179670446255, -7.622235465105725 ], [ 110.666089008721812, -7.622235395189847 ], [ 110.666088938635255, -7.622325850804836 ] ] ] } },
{ "type": "Feature", "properties": { "cluster_id": 1757602581, "count": 71, "area_m2": 7099.9999748525443, "area_ha": 0.70999999748525444, "kelas_sawah": "unlabeled", "varietas": "unlabeled", "usia_fase": null, "overlap_ratio": 0.0, "is_ground_truth": false }, "geometry": { "type": "Polygon", "coordinates": [ [ [ 110.666089709515532, -7.621330839102836 ], [ 110.666180371042344, -7.621330909000748 ], [ 110.666180300991726, -7.621421364615737 ], [ 110.666452285644041, -7.621421574228626 ], [ 110.666452215647325, -7.621512029834632 ], [ 110.666542877219058, -7.621512099669662 ], [ 110.666542947197811, -7.621421644054673 ], [ 110.666905593421873, -7.621421923188181 ], [ 110.666906222530031, -7.620607822608362 ], [ 110.666543576988687, -7.620607543501803 ], [ 110.666543507018915, -7.620697999125776 ], [ 110.666180861414702, -7.62069771971379 ], [ 110.666180511152589, -7.621149997779753 ], [ 110.666089849661702, -7.621149927872858 ], [ 110.666089709515532, -7.621330839102836 ] ] ] } },
{ "type": "Feature", "properties": { "cluster_id": 1123283312, "count": 81, "area_m2": 8100.0000253866892, "area_ha": 0.81000000253866888, "kelas_sawah": "unlabeled", "varietas": "unlabeled", "usia_fase": null, "overlap_ratio": 0.0, "is_ground_truth": false }, "geometry": { "type": "Polygon", "coordinates": [ [ [ 110.666092021518566, -7.618345803718358 ], [ 110.666182682416562, -7.618345873598304 ], [ 110.666182122173254, -7.6190695185811 ], [ 110.666544766403049, -7.619069797930204 ], [ 110.66654483636384, -7.618979342306232 ], [ 110.666816819489028, -7.618979551622676 ], [ 110.666816749591106, -7.619070007246648 ], [ 110.666907410650808, -7.619070076982864 ], [ 110.66690782993048, -7.618527343203096 ], [ 110.666998490882378, -7.618527412912362 ], [ 110.66699870045035, -7.618256046013496 ], [ 110.666908039552354, -7.618255976313213 ], [ 110.666908109432299, -7.618165520680257 ], [ 110.666182822472891, -7.618164962341376 ], [ 110.666182752449217, -7.618255417974331 ], [ 110.666092091560202, -7.618255348094386 ], [ 110.666092021518566, -7.618345803718358 ] ] ] } },
{ "type": "Feature", "properties": { "cluster_id": -1409450401, "count": 81, "area_m2": 8100.000020643929, "area_ha": 0.81000000206439293, "kelas_sawah": "unlabeled", "varietas": "unlabeled", "usia_fase": null, "overlap_ratio": 0.0, "is_ground_truth": false }, "geometry": { "type": "Polygon", "coordinates": [ [ [ 110.666092091560202, -7.618255348094386 ], [ 110.666182752449217, -7.618255417974331 ], [ 110.666182822472891, -7.618164962341376 ], [ 110.666908109432299, -7.618165520680257 ], [ 110.666908388916156, -7.617803698148435 ], [ 110.666999049715329, -7.617803767848718 ], [ 110.666999329109359, -7.617441945307912 ], [ 110.666908668391017, -7.617441875607629 ], [ 110.666908738261981, -7.617351419974674 ], [ 110.666183452668022, -7.617350861698674 ], [ 110.666183102567601, -7.617803139836503 ], [ 110.666092441777394, -7.61780306996554 ], [ 110.666092091560202, -7.618255348094386 ] ] ] } },
{ "type": "Feature", "properties": { "cluster_id": 471378366, "count": 82, "area_m2": 8200.0000028364593, "area_ha": 0.82000000028364595, "kelas_sawah": "unlabeled", "varietas": "unlabeled", "usia_fase": null, "overlap_ratio": 0.0, "is_ground_truth": false }, "geometry": { "type": "Polygon", "coordinates": [ [ [ 110.66609405250162, -7.615722590470443 ], [ 110.666819335346744, -7.61572314876441 ], [ 110.66681926547578, -7.615813604406348 ], [ 110.666909925861731, -7.615813674115614 ], [ 110.666910065558753, -7.615632762831737 ], [ 110.667000725899797, -7.615632832514053 ], [ 110.667000795725841, -7.615542376863131 ], [ 110.66691013541174, -7.615542307189798 ], [ 110.666910205255761, -7.615451851538876 ], [ 110.667000865560865, -7.615451921221193 ], [ 110.667001214691098, -7.614999642993532 ], [ 110.666910554484801, -7.614999573320199 ], [ 110.666910624328821, -7.614909117678261 ], [ 110.666729303952167, -7.614908978268711 ], [ 110.666729234072221, -7.614999433910651 ], [ 110.666547913659628, -7.614999294420253 ], [ 110.666547983584493, -7.614908838778314 ], [ 110.666457323396159, -7.614908769015149 ], [ 110.666457253462312, -7.614999224648105 ], [ 110.666094612655101, -7.614998945379849 ], [ 110.66609405250162, -7.615722590470443 ] ] ] } },
{ "type": "Feature", "properties": { "cluster_id": 192469661, "count": 2, "area_m2": 199.99998884683018, "area_ha": 0.019999998884683019, "kelas_sawah": "unlabeled", "varietas": "unlabeled", "usia_fase": null, "overlap_ratio": 0.0, "is_ground_truth": false }, "geometry": { "type": "Polygon", "coordinates": [ [ [ 110.666731120570248, -7.612557131389658 ], [ 110.66691243995875, -7.612557270754291 ], [ 110.666912509775827, -7.612466815103369 ], [ 110.66673119043223, -7.612466675738736 ], [ 110.666731120570248, -7.612557131389658 ] ] ] } },
{ "type": "Feature", "properties": { "cluster_id": -1179996536, "count": 81, "area_m2": 8099.9999918419053, "area_ha": 0.80999999918419052, "kelas_sawah": "unlabeled", "varietas": "unlabeled", "usia_fase": null, "overlap_ratio": 0.0, "is_ground_truth": false }, "geometry": { "type": "Polygon", "coordinates": [ [ [ 110.666083259009923, -7.629652753750473 ], [ 110.666627238717055, -7.629653173362525 ], [ 110.666627308758692, -7.629562717783468 ], [ 110.666899298567344, -7.629562927333475 ], [ 110.666899368546112, -7.629472471745435 ], [ 110.666990031797695, -7.629472541553516 ], [ 110.666990521505284, -7.62883935244622 ], [ 110.666174553462739, -7.628838723517723 ], [ 110.666174272954805, -7.629200545842933 ], [ 110.666083609766105, -7.629200475864172 ], [ 110.666083259009923, -7.629652753750473 ] ] ] } },
{ "type": "Feature", "properties": { "cluster_id": 110089032, "count": 89, "area_m2": 8900.000011762022, "area_ha": 0.89000000117620215, "kelas_sawah": "unlabeled", "varietas": "unlabeled", "usia_fase": null, "overlap_ratio": 0.0, "is_ground_truth": false }, "geometry": { "type": "Polygon", "coordinates": [ [ [ 110.666085783976555, -7.626396352742735 ], [ 110.666992409988595, -7.626397051425414 ], [ 110.666992549856289, -7.626216140222385 ], [ 110.666901887287423, -7.626216070441254 ], [ 110.666901957239233, -7.626125614844231 ], [ 110.666992619790122, -7.626125684625362 ], [ 110.666993109273136, -7.625492495419252 ], [ 110.666449134794206, -7.625492076489919 ], [ 110.666449064761551, -7.625582532086942 ], [ 110.666177077477158, -7.625582322366256 ], [ 110.666176656885938, -7.626125055921444 ], [ 110.66608599434403, -7.626124985969633 ], [ 110.666085783976555, -7.626396352742735 ] ] ] } },
{ "type": "Feature", "properties": { "cluster_id": -1725807564, "count": 87, "area_m2": 8699.9999870342435, "area_ha": 0.86999999870342437, "kelas_sawah": "unlabeled", "varietas": "unlabeled", "usia_fase": null, "overlap_ratio": 0.0, "is_ground_truth": false }, "geometry": { "type": "Polygon", "coordinates": [ [ [ 110.665997014903596, -7.623953981725203 ], [ 110.666087676987374, -7.623954051668031 ], [ 110.666087116160156, -7.624677696462181 ], [ 110.666903076306511, -7.624678325211015 ], [ 110.666903356041885, -7.62431650278699 ], [ 110.66699401821549, -7.624316572550155 ], [ 110.666994367767941, -7.623864294511141 ], [ 110.665997085017096, -7.623863526119196 ], [ 110.665997014903596, -7.623953981725203 ] ] ] } },
{ "type": "Feature", "properties": { "cluster_id": 479682794, "count": 80, "area_m2": 7999.9999645093339, "area_ha": 0.79999999645093345, "kelas_sawah": "unlabeled", "varietas": "unlabeled", "usia_fase": null, "overlap_ratio": 0.0, "is_ground_truth": false }, "geometry": { "type": "Polygon", "coordinates": [ [ [ 110.66609524275141, -7.614184844620367 ], [ 110.666729862973767, -7.614185333097269 ], [ 110.666729932844731, -7.61409487745533 ], [ 110.666820592862379, -7.614094947164596 ], [ 110.666820523009378, -7.614185402806535 ], [ 110.666911183044988, -7.614185472497835 ], [ 110.666911322715052, -7.614004561195991 ], [ 110.667001982714737, -7.614004630869324 ], [ 110.667002471398249, -7.613371441303888 ], [ 110.666186532640779, -7.613370813668965 ], [ 110.666186042753523, -7.614004003171519 ], [ 110.666095382762819, -7.614003933336489 ], [ 110.66609524275141, -7.614184844620367 ] ] ] } },
{ "type": "Feature", "properties": { "cluster_id": -3506071, "count": 77, "area_m2": 7700.0000349874608, "area_ha": 0.77000000349874609, "kelas_sawah": "unlabeled", "varietas": "unlabeled", "usia_fase": null, "overlap_ratio": 0.0, "is_ground_truth": false }, "geometry": { "type": "Polygon", "coordinates": [ [ [ 110.666908039552354, -7.618255976313213 ], [ 110.66699870045035, -7.618256046013496 ], [ 110.666998770303351, -7.61816559038054 ], [ 110.667270752925475, -7.618165799391558 ], [ 110.667270683135357, -7.618256255024513 ], [ 110.667361344024371, -7.618256324652931 ], [ 110.667361413805509, -7.618165869019975 ], [ 110.667724057325643, -7.618166147345 ], [ 110.66772426642649, -7.617894780428166 ], [ 110.667814927252621, -7.61789484995777 ], [ 110.667815275646234, -7.617442571748076 ], [ 110.667543293455296, -7.617442363105368 ], [ 110.667543363191513, -7.617351907463429 ], [ 110.667362041781786, -7.617351768278459 ], [ 110.667361972009644, -7.617442223911414 ], [ 110.666999329109359, -7.617441945307912 ], [ 110.666999049715329, -7.617803767848718 ], [ 110.666908388916156, -7.617803698148435 ], [ 110.666908039552354, -7.618255976313213 ] ] ] } },
{ "type": "Feature", "properties": { "cluster_id": -1332456813, "count": 75, "area_m2": 7499.9999539001146, "area_ha": 0.7499999953900115, "kelas_sawah": "unlabeled", "varietas": "unlabeled", "usia_fase": null, "overlap_ratio": 0.0, "is_ground_truth": false }, "geometry": { "type": "Polygon", "coordinates": [ [ [ 110.666909297157815, -7.616627774875097 ], [ 110.666999957705471, -7.616627844566397 ], [ 110.667000027549491, -7.616537388924458 ], [ 110.667725311831916, -7.616537945772136 ], [ 110.667725869299431, -7.61581430059171 ], [ 110.667544548527516, -7.615814161505555 ], [ 110.667544618245756, -7.615723705854633 ], [ 110.667363297518762, -7.615723566696612 ], [ 110.667363227764582, -7.615814022347534 ], [ 110.666909925861731, -7.615813674115614 ], [ 110.666909297157815, -7.616627774875097 ] ] ] } },
{ "type": "Feature", "properties": { "cluster_id": 1276749525, "count": 64, "area_m2": 6400.0000181273208, "area_ha": 0.64000000181273209, "kelas_sawah": "unlabeled", "varietas": "unlabeled", "usia_fase": null, "overlap_ratio": 0.0, "is_ground_truth": false }, "geometry": { "type": "Polygon", "coordinates": [ [ [ 110.666893767379634, -7.63670891733335 ], [ 110.667709750397094, -7.636709545543195 ], [ 110.667709890148004, -7.636528634421015 ], [ 110.66780055489977, -7.636528704121297 ], [ 110.667800834320744, -7.636166881867952 ], [ 110.667619504978902, -7.636166742440437 ], [ 110.667619574867828, -7.636076286879347 ], [ 110.667347580917948, -7.636076077607818 ], [ 110.667347510975119, -7.636166533168908 ], [ 110.667166181642258, -7.636166393552747 ], [ 110.667166251629993, -7.636075937991657 ], [ 110.666894257698075, -7.636075728432667 ], [ 110.666893767379634, -7.63670891733335 ] ] ] } },
{ "type": "Feature", "properties": { "cluster_id": -1566391222, "count": 72, "area_m2": 7199.9999817388016, "area_ha": 0.71999999817388016, "kelas_sawah": "unlabeled", "varietas": "unlabeled", "usia_fase": null, "overlap_ratio": 0.0, "is_ground_truth": false }, "geometry": { "type": "Polygon", "coordinates": [ [ [ 110.666895448298206, -7.634537983912097 ], [ 110.666986112618787, -7.634538053765094 ], [ 110.666986182624498, -7.634447598204003 ], [ 110.667167511229721, -7.634447737856098 ], [ 110.667167441259949, -7.634538193426171 ], [ 110.667348769910092, -7.6345383330064 ], [ 110.667348839834943, -7.634447877436326 ], [ 110.667711497063365, -7.634448156372205 ], [ 110.667712055878354, -7.633724511784668 ], [ 110.66762139172846, -7.633724442084385 ], [ 110.667621461599424, -7.633633986514311 ], [ 110.667258805062701, -7.633633707533517 ], [ 110.667258735119873, -7.63372416310359 ], [ 110.666986742670176, -7.633723953670365 ], [ 110.666986252639191, -7.63435714263393 ], [ 110.666895588354549, -7.634357072780934 ], [ 110.666895448298206, -7.634537983912097 ] ] ] } },
{ "type": "Feature", "properties": { "cluster_id": 1180849772, "count": 84, "area_m2": 8399.9999738356564, "area_ha": 0.83999999738356568, "kelas_sawah": "unlabeled", "varietas": "unlabeled", "usia_fase": null, "overlap_ratio": 0.0, "is_ground_truth": false }, "geometry": { "type": "Polygon", "coordinates": [ [ [ 110.66698800255736, -7.632095753382091 ], [ 110.667713313025686, -7.632096311379613 ], [ 110.667713382860711, -7.632005855800557 ], [ 110.667804046651284, -7.632005925455924 ], [ 110.667804605142877, -7.631282280787538 ], [ 110.667623277858183, -7.631282141458837 ], [ 110.66762334770219, -7.631191685870798 ], [ 110.667260693222616, -7.631191406979835 ], [ 110.667260623306746, -7.631281862567874 ], [ 110.666988632402138, -7.631281653197531 ], [ 110.66698800255736, -7.632095753382091 ] ] ] } },
{ "type": "Feature", "properties": { "cluster_id": -843504912, "count": 79, "area_m2": 7899.9999745859532, "area_ha": 0.78999999745859528, "kelas_sawah": "unlabeled", "varietas": "unlabeled", "usia_fase": null, "overlap_ratio": 0.0, "is_ground_truth": false }, "geometry": { "type": "Polygon", "coordinates": [ [ [ 110.666901887287423, -7.626216070441254 ], [ 110.666992549856289, -7.626216140222385 ], [ 110.666992409988595, -7.626397051425414 ], [ 110.667717710862902, -7.626397608991745 ], [ 110.667717920197319, -7.626126242173727 ], [ 110.667627257646416, -7.626126172545309 ], [ 110.667627327445516, -7.626035716948286 ], [ 110.667717989978442, -7.62603578656772 ], [ 110.667718338848161, -7.625583508528706 ], [ 110.667627676405061, -7.625583438909271 ], [ 110.667627746204161, -7.625492983303266 ], [ 110.666993109273136, -7.625492495419252 ], [ 110.666992619790122, -7.626125684625362 ], [ 110.666901957239233, -7.626125614844231 ], [ 110.666901887287423, -7.626216070441254 ] ] ] } },
{ "type": "Feature", "properties": { "cluster_id": 1853271544, "count": 79, "area_m2": 7900.0000131604611, "area_ha": 0.79000000131604609, "kelas_sawah": "unlabeled", "varietas": "unlabeled", "usia_fase": null, "overlap_ratio": 0.0, "is_ground_truth": false }, "geometry": { "type": "Polygon", "coordinates": [ [ [ 110.666904265083062, -7.623140579872977 ], [ 110.667266912771368, -7.623140858772924 ], [ 110.667266982615388, -7.623050403157935 ], [ 110.667720292144921, -7.623050751335955 ], [ 110.667720850106505, -7.622327106371126 ], [ 110.667630188346124, -7.622327036778641 ], [ 110.667630258109298, -7.622236581163651 ], [ 110.667176949442137, -7.622236232913765 ], [ 110.667176879589135, -7.622326688528754 ], [ 110.666995556086349, -7.622326549101239 ], [ 110.6669954162995, -7.622507460331217 ], [ 110.666904754512174, -7.622507390586019 ], [ 110.666904265083062, -7.623140579872977 ] ] ] } },
{ "type": "Feature", "properties": { "cluster_id": 281072478, "count": 89, "area_m2": 8899.9999819858931, "area_ha": 0.88999999819858933, "kelas_sawah": "unlabeled", "varietas": "unlabeled", "usia_fase": null, "overlap_ratio": 0.0, "is_ground_truth": false }, "geometry": { "type": "Polygon", "coordinates": [ [ [ 110.66690552351497, -7.621512378812153 ], [ 110.667721477741438, -7.621513005755373 ], [ 110.667722105313473, -7.620698905112672 ], [ 110.667631443903431, -7.62069883552917 ], [ 110.667631513648629, -7.620608379905198 ], [ 110.666906222530031, -7.620607822608362 ], [ 110.66690552351497, -7.621512378812153 ] ] ] } },
{ "type": "Feature", "properties": { "cluster_id": 1440606417, "count": 82, "area_m2": 8199.9999819201184, "area_ha": 0.81999999819201186, "kelas_sawah": "unlabeled", "varietas": "unlabeled", "usia_fase": null, "overlap_ratio": 0.0, "is_ground_truth": false }, "geometry": { "type": "Polygon", "coordinates": [ [ [ 110.666985482504515, -7.635352153832874 ], [ 110.667710798461542, -7.635352712063957 ], [ 110.667711147771442, -7.634900434222573 ], [ 110.667801812172868, -7.634900503913872 ], [ 110.667802091530945, -7.634538681624595 ], [ 110.667711427210378, -7.634538611942279 ], [ 110.667711497063365, -7.634448156372205 ], [ 110.667348839834943, -7.634447877436326 ], [ 110.667348769910092, -7.6345383330064 ], [ 110.667167441259949, -7.634538193426171 ], [ 110.667167511229721, -7.634447737856098 ], [ 110.666986182624498, -7.634447598204003 ], [ 110.666985482504515, -7.635352153832874 ] ] ] } },
{ "type": "Feature", "properties": { "cluster_id": -272551805, "count": 79, "area_m2": 7899.9999612840475, "area_ha": 0.78999999612840477, "kelas_sawah": "unlabeled", "varietas": "unlabeled", "usia_fase": null, "overlap_ratio": 0.0, "is_ground_truth": false }, "geometry": { "type": "Polygon", "coordinates": [ [ [ 110.666896078520281, -7.633723883817368 ], [ 110.667258735119873, -7.63372416310359 ], [ 110.667258805062701, -7.633633707533517 ], [ 110.667621461599424, -7.633633986514311 ], [ 110.66762139172846, -7.633724442084385 ], [ 110.667712055878354, -7.633724511784668 ], [ 110.66771233527237, -7.633362689486408 ], [ 110.667802999350414, -7.63336275915974 ], [ 110.667803208828545, -7.63309139242257 ], [ 110.667712544804417, -7.633091322749237 ], [ 110.667712754327468, -7.63281995602105 ], [ 110.667259434521213, -7.632819607384889 ], [ 110.667259364578385, -7.632910062954962 ], [ 110.6669873726497, -7.632909853539703 ], [ 110.666986952669347, -7.633452586960144 ], [ 110.666896288582322, -7.63345251711613 ], [ 110.666896078520281, -7.633723883817368 ] ] ] } },
{ "type": "Feature", "properties": { "cluster_id": 1519787511, "count": 82, "area_m2": 8200.0000310558244, "area_ha": 0.82000000310558241, "kelas_sawah": "unlabeled", "varietas": "unlabeled", "usia_fase": null, "overlap_ratio": 0.0, "is_ground_truth": false }, "geometry": { "type": "Polygon", "coordinates": [ [ [ 110.666896708670478, -7.632909783695689 ], [ 110.667259364578385, -7.632910062954962 ], [ 110.667259434521213, -7.632819607384889 ], [ 110.667712754327468, -7.63281995602105 ], [ 110.667712824171488, -7.632729500441994 ], [ 110.667803488114771, -7.632729570106344 ], [ 110.667803907026141, -7.632186836623021 ], [ 110.667713243190647, -7.632186766958671 ], [ 110.667713313025686, -7.632096311379613 ], [ 110.666897338748825, -7.632095683547061 ], [ 110.666896708670478, -7.632909783695689 ] ] ] } },
{ "type": "Feature", "properties": { "cluster_id": 1684712645, "count": 83, "area_m2": 8299.9999897051021, "area_ha": 0.82999999897051024, "kelas_sawah": "unlabeled", "varietas": "unlabeled", "usia_fase": null, "overlap_ratio": 0.0, "is_ground_truth": false }, "geometry": { "type": "Polygon", "coordinates": [ [ [ 110.666898178754465, -7.631010216634314 ], [ 110.666988842329445, -7.631010286460361 ], [ 110.666988632402138, -7.631281653197531 ], [ 110.667260623306746, -7.631281862567874 ], [ 110.667260693222616, -7.631191406979835 ], [ 110.66762334770219, -7.631191685870798 ], [ 110.667623277858183, -7.631282141458837 ], [ 110.667713941496032, -7.631282211132171 ], [ 110.66771401132209, -7.631191755544132 ], [ 110.667804674941976, -7.631191825199498 ], [ 110.667805233370686, -7.630468180504163 ], [ 110.667714569894528, -7.630468110848796 ], [ 110.667714639711591, -7.630377655260756 ], [ 110.667261322474502, -7.630377306741375 ], [ 110.667261252558632, -7.630467762320432 ], [ 110.666898598707874, -7.630467483159974 ], [ 110.666898528720125, -7.630557938739031 ], [ 110.666989192196297, -7.630558008556094 ], [ 110.666988912308199, -7.630919830881305 ], [ 110.666898248751195, -7.630919761055257 ], [ 110.666898178754465, -7.631010216634314 ] ] ] } },
{ "type": "Feature", "properties": { "cluster_id": 23248250, "count": 83, "area_m2": 8300.0000244233524, "area_ha": 0.83000000244233529, "kelas_sawah": "unlabeled", "varietas": "unlabeled", "usia_fase": null, "overlap_ratio": 0.0, "is_ground_truth": false }, "geometry": { "type": "Polygon", "coordinates": [ [ [ 110.666898598707874, -7.630467483159974 ], [ 110.667261252558632, -7.630467762320432 ], [ 110.667261322474502, -7.630377306741375 ], [ 110.667714639711591, -7.630377655260756 ], [ 110.667714709528653, -7.630287199672716 ], [ 110.667805372968886, -7.6302872693191 ], [ 110.667805861526631, -7.629654080184855 ], [ 110.667715198230141, -7.629654010538471 ], [ 110.667715268038222, -7.629563554950431 ], [ 110.667261951654538, -7.629563206458 ], [ 110.667261881747635, -7.62965366204604 ], [ 110.667171218460126, -7.629653592291858 ], [ 110.667171288384978, -7.629563136703818 ], [ 110.666989961836904, -7.629562997141555 ], [ 110.666989402114609, -7.630286641809941 ], [ 110.666898738683358, -7.630286571992878 ], [ 110.666898598707874, -7.630467483159974 ] ] ] } },
{ "type": "Feature", "properties": { "cluster_id": -470681922, "count": 67, "area_m2": 6700.0000001222361, "area_ha": 0.6700000000122236, "kelas_sawah": "unlabeled", "varietas": "unlabeled", "usia_fase": null, "overlap_ratio": 0.0, "is_ground_truth": false }, "geometry": { "type": "Polygon", "coordinates": [ [ [ 110.666899228579609, -7.629653382912531 ], [ 110.666989891876099, -7.629653452729595 ], [ 110.666989961836904, -7.629562997141555 ], [ 110.667171288384978, -7.629563136703818 ], [ 110.667171218460126, -7.629653592291858 ], [ 110.667261881747635, -7.62965366204604 ], [ 110.667261951654538, -7.629563206458 ], [ 110.667715268038222, -7.629563554950431 ], [ 110.667715826493875, -7.628839910201196 ], [ 110.666990521505284, -7.62883935244622 ], [ 110.666990031797695, -7.629472541553516 ], [ 110.666899368546112, -7.629472471745435 ], [ 110.666899228579609, -7.629653382912531 ] ] ] } },
{ "type": "Feature", "properties": { "cluster_id": 1383855687, "count": 71, "area_m2": 7099.999980450084, "area_ha": 0.70999999804500835, "kelas_sawah": "unlabeled", "varietas": "unlabeled", "usia_fase": null, "overlap_ratio": 0.0, "is_ground_truth": false }, "geometry": { "type": "Polygon", "coordinates": [ [ [ 110.666902446856994, -7.625492425638121 ], [ 110.667627746204161, -7.625492983303266 ], [ 110.667627676405061, -7.625583438909271 ], [ 110.667718338848161, -7.625583508528706 ], [ 110.667718548164615, -7.625312141701705 ], [ 110.667809210544831, -7.625312211303173 ], [ 110.667809350044209, -7.625131300082177 ], [ 110.667718687699931, -7.625131230480709 ], [ 110.667718966770551, -7.624769408038718 ], [ 110.66699366863611, -7.624768850589168 ], [ 110.666993388963604, -7.62513067300421 ], [ 110.666902726619327, -7.625130603232062 ], [ 110.666902446856994, -7.625492425638121 ] ] ] } },
{ "type": "Feature", "properties": { "cluster_id": 864308626, "count": 83, "area_m2": 8300.0000572364661, "area_ha": 0.83000000572364663, "kelas_sawah": "unlabeled", "varietas": "unlabeled", "usia_fase": null, "overlap_ratio": 0.0, "is_ground_truth": false }, "geometry": { "type": "Polygon", "coordinates": [ [ [ 110.666903006372664, -7.62476878081702 ], [ 110.667718966770551, -7.624769408038718 ], [ 110.667719664375255, -7.623864851897808 ], [ 110.66717569190854, -7.623864433974589 ], [ 110.667175622037576, -7.623954889580595 ], [ 110.666994297852057, -7.623954750117147 ], [ 110.66699401821549, -7.624316572550155 ], [ 110.666903356041885, -7.62431650278699 ], [ 110.666903006372664, -7.62476878081702 ] ] ] } },
{ "type": "Feature", "properties": { "cluster_id": 452663346, "count": 72, "area_m2": 7200.0000121249468, "area_ha": 0.72000000121249463, "kelas_sawah": "unlabeled", "varietas": "unlabeled", "usia_fase": null, "overlap_ratio": 0.0, "is_ground_truth": false }, "geometry": { "type": "Polygon", "coordinates": [ [ [ 110.666904894334948, -7.62232647935604 ], [ 110.667176879589135, -7.622326688528754 ], [ 110.667176949442137, -7.622236232913765 ], [ 110.667630258109298, -7.622236581163651 ], [ 110.667630188346124, -7.622327036778641 ], [ 110.667720850106505, -7.622327106371126 ], [ 110.667721477741438, -7.621513005755373 ], [ 110.666996185095698, -7.621512448548369 ], [ 110.666995905539977, -7.621874271017309 ], [ 110.666905243887399, -7.621874201281094 ], [ 110.666904894334948, -7.62232647935604 ] ] ] } },
{ "type": "Feature", "properties": { "cluster_id": 670730841, "count": 84, "area_m2": 8399.9999884734279, "area_ha": 0.83999999884734278, "kelas_sawah": "unlabeled", "varietas": "unlabeled", "usia_fase": null, "overlap_ratio": 0.0, "is_ground_truth": false }, "geometry": { "type": "Polygon", "coordinates": [ [ [ 110.666906222530031, -7.620607822608362 ], [ 110.667631513648629, -7.620608379905198 ], [ 110.667631443903431, -7.62069883552917 ], [ 110.667722105313473, -7.620698905112672 ], [ 110.667722453940655, -7.620246626956877 ], [ 110.667813115260856, -7.62024669651343 ], [ 110.667813394061994, -7.619884873981607 ], [ 110.667722732822625, -7.619884804434038 ], [ 110.667722802540879, -7.619794348801083 ], [ 110.667088174000128, -7.619793861420125 ], [ 110.667088104147126, -7.619884317044098 ], [ 110.666906781677397, -7.619884177616583 ], [ 110.666906222530031, -7.620607822608362 ] ] ] } },
{ "type": "Feature", "properties": { "cluster_id": -684226449, "count": 93, "area_m2": 9300.0000219675712, "area_ha": 0.93000000219675716, "kelas_sawah": "unlabeled", "varietas": "unlabeled", "usia_fase": null, "overlap_ratio": 0.0, "is_ground_truth": false }, "geometry": { "type": "Polygon", "coordinates": [ [ [ 110.666908668391017, -7.617441875607629 ], [ 110.667361972009644, -7.617442223911414 ], [ 110.667362041781786, -7.617351768278459 ], [ 110.667543363191513, -7.617351907463429 ], [ 110.667543293455296, -7.617442363105368 ], [ 110.66772461491891, -7.617442502218473 ], [ 110.667724824001795, -7.617171135292657 ], [ 110.667815484666235, -7.617171204813276 ], [ 110.667815902697257, -7.616628470943677 ], [ 110.667725242140619, -7.616628401423058 ], [ 110.667725311831916, -7.616537945772136 ], [ 110.667000027549491, -7.616537388924458 ], [ 110.666999957705471, -7.616627844566397 ], [ 110.666909297157815, -7.616627774875097 ], [ 110.666908668391017, -7.617441875607629 ] ] ] } },
{ "type": "Feature", "properties": { "cluster_id": 22896284, "count": 73, "area_m2": 7300.0000312592601, "area_ha": 0.73000000312592606, "kelas_sawah": "unlabeled", "varietas": "unlabeled", "usia_fase": null, "overlap_ratio": 0.0, "is_ground_truth": false }, "geometry": { "type": "Polygon", "coordinates": [ [ [ 110.666909925861731, -7.615813674115614 ], [ 110.667363227764582, -7.615814022347534 ], [ 110.667363297518762, -7.615723566696612 ], [ 110.667544618245756, -7.615723705854633 ], [ 110.667544548527516, -7.615814161505555 ], [ 110.667725869299431, -7.61581430059171 ], [ 110.667726496386379, -7.61500019972443 ], [ 110.667001214691098, -7.614999642993532 ], [ 110.667000865560865, -7.615451921221193 ], [ 110.666910205255761, -7.615451851538876 ], [ 110.66691013541174, -7.615542307189798 ], [ 110.667000795725841, -7.615542376863131 ], [ 110.667000725899797, -7.615632832514053 ], [ 110.666910065558753, -7.615632762831737 ], [ 110.666909925861731, -7.615813674115614 ] ] ] } },
{ "type": "Feature", "properties": { "cluster_id": 1101925124, "count": 83, "area_m2": 8299.9999886919977, "area_ha": 0.82999999886919973, "kelas_sawah": "unlabeled", "varietas": "unlabeled", "usia_fase": null, "overlap_ratio": 0.0, "is_ground_truth": false }, "geometry": { "type": "Polygon", "coordinates": [ [ [ 110.666911183044988, -7.614185472497835 ], [ 110.667001843080612, -7.614185542162185 ], [ 110.66700177326355, -7.614275997813107 ], [ 110.667183093379691, -7.614276137096891 ], [ 110.667183163160828, -7.61418568144597 ], [ 110.66781778345505, -7.614186168332854 ], [ 110.667818340599169, -7.613462523062597 ], [ 110.667727680698306, -7.61346245357791 ], [ 110.667727750362658, -7.613371997918004 ], [ 110.667093131272168, -7.613371510950272 ], [ 110.667093061482063, -7.613461966601194 ], [ 110.667002401590167, -7.61346189695481 ], [ 110.667001982714737, -7.614004630869324 ], [ 110.666911322715052, -7.614004561195991 ], [ 110.666911183044988, -7.614185472497835 ] ] ] } },
{ "type": "Feature", "properties": { "cluster_id": -765134336, "count": 9, "area_m2": 899.99995910096902, "area_ha": 0.0899999959100969, "kelas_sawah": "unlabeled", "varietas": "unlabeled", "usia_fase": null, "overlap_ratio": 0.0, "is_ground_truth": false }, "geometry": { "type": "Polygon", "coordinates": [ [ [ 110.66691243995875, -7.612557270754291 ], [ 110.667728377242994, -7.612557896960893 ], [ 110.66772844688937, -7.612467441300987 ], [ 110.666912509775827, -7.612466815103369 ], [ 110.66691243995875, -7.612557270754291 ] ] ] } },
{ "type": "Feature", "properties": { "cluster_id": 146082225, "count": 76, "area_m2": 7599.9999920505797, "area_ha": 0.75999999920505801, "kelas_sawah": "unlabeled", "varietas": "unlabeled", "usia_fase": null, "overlap_ratio": 0.0, "is_ground_truth": false }, "geometry": { "type": "Polygon", "coordinates": [ [ [ 110.666984922342053, -7.636075798312613 ], [ 110.667166251629993, -7.636075937991657 ], [ 110.667166181642258, -7.636166393552747 ], [ 110.667347510975119, -7.636166533168908 ], [ 110.667347580917948, -7.636076077607818 ], [ 110.667619574867828, -7.636076286879347 ], [ 110.667619504978902, -7.636166742440437 ], [ 110.667800834320744, -7.636166881867952 ], [ 110.667801462961776, -7.63535278176424 ], [ 110.666985482504515, -7.635352153832874 ], [ 110.666984922342053, -7.636075798312613 ] ] ] } },
{ "type": "Feature", "properties": { "cluster_id": 1044261728, "count": 81, "area_m2": 8100.0000012828968, "area_ha": 0.81000000012828965, "kelas_sawah": "unlabeled", "varietas": "unlabeled", "usia_fase": null, "overlap_ratio": 0.0, "is_ground_truth": false }, "geometry": { "type": "Polygon", "coordinates": [ [ [ 110.666899858388447, -7.628839282638139 ], [ 110.667715826493875, -7.628839910201196 ], [ 110.667716175498356, -7.628387632216082 ], [ 110.667806838525351, -7.628387701853483 ], [ 110.667807117640891, -7.628025879456407 ], [ 110.666991151071585, -7.628025252135895 ], [ 110.666990871273327, -7.628387074497038 ], [ 110.666900208246318, -7.62838700469794 ], [ 110.666899858388447, -7.628839282638139 ] ] ] } },
{ "type": "Feature", "properties": { "cluster_id": -1162052257, "count": 80, "area_m2": 7999.9999974042294, "area_ha": 0.79999999974042291, "kelas_sawah": "unlabeled", "varietas": "unlabeled", "usia_fase": null, "overlap_ratio": 0.0, "is_ground_truth": false }, "geometry": { "type": "Polygon", "coordinates": [ [ [ 110.666900488125435, -7.628025182336797 ], [ 110.66771645468576, -7.62802580982799 ], [ 110.667716803654301, -7.627573531833892 ], [ 110.667807466510624, -7.627573601453326 ], [ 110.667807745590224, -7.627211779047268 ], [ 110.667082443341499, -7.627211221561786 ], [ 110.667082373425615, -7.627301677158809 ], [ 110.666991710623194, -7.627301607386661 ], [ 110.66699150080369, -7.627572974168746 ], [ 110.666900837947367, -7.627572904378632 ], [ 110.666900488125435, -7.628025182336797 ] ] ] } },
{ "type": "Feature", "properties": { "cluster_id": -1771888322, "count": 86, "area_m2": 8600.0000444438774, "area_ha": 0.86000000444438773, "kelas_sawah": "unlabeled", "varietas": "unlabeled", "usia_fase": null, "overlap_ratio": 0.0, "is_ground_truth": false }, "geometry": { "type": "Polygon", "coordinates": [ [ [ 110.666901117790545, -7.627211081999524 ], [ 110.666991780566022, -7.627211151789638 ], [ 110.666991710623194, -7.627301607386661 ], [ 110.667082373425615, -7.627301677158809 ], [ 110.667082443341499, -7.627211221561786 ], [ 110.667717082805765, -7.627211709427834 ], [ 110.667717431738382, -7.626759431415769 ], [ 110.667808094424018, -7.62675950102622 ], [ 110.667808373476689, -7.626397678602196 ], [ 110.66690174738379, -7.6263969816353 ], [ 110.666901117790545, -7.627211081999524 ] ] ] } },
{ "type": "Feature", "properties": { "cluster_id": -1590740122, "count": 83, "area_m2": 8299.9999656301225, "area_ha": 0.82999999656301227, "kelas_sawah": "unlabeled", "varietas": "unlabeled", "usia_fase": null, "overlap_ratio": 0.0, "is_ground_truth": false }, "geometry": { "type": "Polygon", "coordinates": [ [ [ 110.666903705693144, -7.623864224756959 ], [ 110.666994367767941, -7.623864294511141 ], [ 110.666994297852057, -7.623954750117147 ], [ 110.667175622037576, -7.623954889580595 ], [ 110.66717569190854, -7.623864433974589 ], [ 110.667810326450038, -7.623864921490294 ], [ 110.667810954049031, -7.623050820919458 ], [ 110.667266982615388, -7.623050403157935 ], [ 110.667266912771368, -7.623140858772924 ], [ 110.666904265083062, -7.623140579872977 ], [ 110.666904195167177, -7.623231035487967 ], [ 110.666994857107227, -7.623231105242149 ], [ 110.666994507581734, -7.623683383290146 ], [ 110.666903845542876, -7.623683313535964 ], [ 110.666903705693144, -7.623864224756959 ] ] ] } },
{ "type": "Feature", "properties": { "cluster_id": 616248198, "count": 78, "area_m2": 7800.000080713653, "area_ha": 0.78000000807136527, "kelas_sawah": "unlabeled", "varietas": "unlabeled", "usia_fase": null, "overlap_ratio": 0.0, "is_ground_truth": false }, "geometry": { "type": "Polygon", "coordinates": [ [ [ 110.666997442907771, -7.619884247343815 ], [ 110.667088104147126, -7.619884317044098 ], [ 110.667088174000128, -7.619793861420125 ], [ 110.667722802540879, -7.619794348801083 ], [ 110.667722872259134, -7.619703893168126 ], [ 110.667813533462549, -7.619703962715696 ], [ 110.667814091019906, -7.618980317634085 ], [ 110.667270124715628, -7.618979900088158 ], [ 110.667270054907547, -7.619070355721114 ], [ 110.666998071710509, -7.61907014669213 ], [ 110.666997442907771, -7.619884247343815 ] ] ] } },
{ "type": "Feature", "properties": { "cluster_id": -215011221, "count": 85, "area_m2": 8499.9999730207492, "area_ha": 0.84999999730207487, "kelas_sawah": "unlabeled", "varietas": "unlabeled", "usia_fase": null, "overlap_ratio": 0.0, "is_ground_truth": false }, "geometry": { "type": "Polygon", "coordinates": [ [ [ 110.666907410650808, -7.619070076982864 ], [ 110.667270054907547, -7.619070355721114 ], [ 110.667270124715628, -7.618979900088158 ], [ 110.667723429969186, -7.618980248086515 ], [ 110.667723708797269, -7.61861842554571 ], [ 110.667814369776124, -7.618618495084297 ], [ 110.667814718205662, -7.618166216883586 ], [ 110.667361413805509, -7.618165869019975 ], [ 110.667361344024371, -7.618256324652931 ], [ 110.667270683135357, -7.618256255024513 ], [ 110.667270752925475, -7.618165799391558 ], [ 110.666998770303351, -7.61816559038054 ], [ 110.666998490882378, -7.618527412912362 ], [ 110.66690782993048, -7.618527343203096 ], [ 110.666907410650808, -7.619070076982864 ] ] ] } },
{ "type": "Feature", "properties": { "cluster_id": -810951465, "count": 79, "area_m2": 7900.0000222161179, "area_ha": 0.79000000222161182, "kelas_sawah": "unlabeled", "varietas": "unlabeled", "usia_fase": null, "overlap_ratio": 0.0, "is_ground_truth": false }, "geometry": { "type": "Polygon", "coordinates": [ [ [ 110.667001214691098, -7.614999642993532 ], [ 110.667817156601657, -7.615000269236067 ], [ 110.66781778345505, -7.614186168332854 ], [ 110.667183163160828, -7.61418568144597 ], [ 110.667183093379691, -7.614276137096891 ], [ 110.66700177326355, -7.614275997813107 ], [ 110.667001214691098, -7.614999642993532 ] ] ] } },
{ "type": "Feature", "properties": { "cluster_id": -358008390, "count": 90, "area_m2": 9000.0000563974027, "area_ha": 0.90000000563974025, "kelas_sawah": "unlabeled", "varietas": "unlabeled", "usia_fase": null, "overlap_ratio": 0.0, "is_ground_truth": false }, "geometry": { "type": "Polygon", "coordinates": [ [ [ 110.666911811533311, -7.613371371639538 ], [ 110.667002471398249, -7.613371441303888 ], [ 110.667002401590167, -7.61346189695481 ], [ 110.667093061482063, -7.613461966601194 ], [ 110.667093131272168, -7.613371510950272 ], [ 110.667818410236563, -7.613372067402691 ], [ 110.667818479873972, -7.613281611742787 ], [ 110.667727820018015, -7.613281542258099 ], [ 110.667727889673387, -7.613191086598194 ], [ 110.667818549511367, -7.613191156082881 ], [ 110.667819036946227, -7.612557966445579 ], [ 110.66691243995875, -7.612557270754291 ], [ 110.666911811533311, -7.613371371639538 ] ] ] } },
{ "type": "Feature", "properties": { "cluster_id": -1917244150, "count": 1, "area_m2": 99.999997161794354, "area_ha": 0.0099999997161794359, "kelas_sawah": "unlabeled", "varietas": "unlabeled", "usia_fase": null, "overlap_ratio": 0.0, "is_ground_truth": false }, "geometry": { "type": "Polygon", "coordinates": [ [ [ 110.667728377242994, -7.612557896960893 ], [ 110.667819036946227, -7.612557966445579 ], [ 110.66781910657464, -7.612467510785675 ], [ 110.66772844688937, -7.612467441300987 ], [ 110.667728377242994, -7.612557896960893 ] ] ] } },
{ "type": "Feature", "properties": { "cluster_id": 940205956, "count": 82, "area_m2": 8200.0000558811007, "area_ha": 0.82000000558811004, "kelas_sawah": "unlabeled", "varietas": "unlabeled", "usia_fase": null, "overlap_ratio": 0.0, "is_ground_truth": false }, "geometry": { "type": "Polygon", "coordinates": [ [ [ 110.667721477741438, -7.621513005755373 ], [ 110.667812139331133, -7.621513075320909 ], [ 110.667812209040406, -7.621422619696936 ], [ 110.667902870612139, -7.621422689244506 ], [ 110.667902800911847, -7.621513144868478 ], [ 110.668174785680947, -7.621513353394405 ], [ 110.668174855318355, -7.621422897770433 ], [ 110.668537501605286, -7.621423175538502 ], [ 110.668537640727379, -7.621242264272591 ], [ 110.668628302263187, -7.621242333658463 ], [ 110.668628510878946, -7.620970966750614 ], [ 110.668537849406022, -7.620970897364741 ], [ 110.668537918962571, -7.620880441731785 ], [ 110.668628580417533, -7.620880511117658 ], [ 110.668628649956119, -7.620790055484703 ], [ 110.66853798851912, -7.620789986089846 ], [ 110.668538058075683, -7.620699530456891 ], [ 110.668084750980569, -7.620699183231084 ], [ 110.668084820626959, -7.620608727598128 ], [ 110.667903497833834, -7.620608588574855 ], [ 110.667903428142537, -7.620699044207811 ], [ 110.667722105313473, -7.620698905112672 ], [ 110.667721477741438, -7.621513005755373 ] ] ] } },
{ "type": "Feature", "properties": { "cluster_id": -998254953, "count": 82, "area_m2": 8199.999984629103, "area_ha": 0.81999999846291027, "kelas_sawah": "unlabeled", "varietas": "unlabeled", "usia_fase": null, "overlap_ratio": 0.0, "is_ground_truth": false }, "geometry": { "type": "Polygon", "coordinates": [ [ [ 110.667627257646416, -7.626126172545309 ], [ 110.667717920197319, -7.626126242173727 ], [ 110.667717710862902, -7.626397608991745 ], [ 110.668080361318019, -7.626397887325752 ], [ 110.668080431027292, -7.626307431719746 ], [ 110.668533744015335, -7.626307779197081 ], [ 110.668534300854034, -7.62558413428615 ], [ 110.668171651063673, -7.625583856356384 ], [ 110.668171720745988, -7.625493400750378 ], [ 110.667718408620317, -7.625493052922701 ], [ 110.667717989978442, -7.62603578656772 ], [ 110.667627327445516, -7.626035716948286 ], [ 110.667627257646416, -7.626126172545309 ] ] ] } },
{ "type": "Feature", "properties": { "cluster_id": -718505380, "count": 85, "area_m2": 8500.0000430634827, "area_ha": 0.85000000430634826, "kelas_sawah": "unlabeled", "varietas": "unlabeled", "usia_fase": null, "overlap_ratio": 0.0, "is_ground_truth": false }, "geometry": { "type": "Polygon", "coordinates": [ [ [ 110.667718896998409, -7.624859863653707 ], [ 110.667900221579174, -7.624860002829695 ], [ 110.66790029130641, -7.624769547214705 ], [ 110.66826294039609, -7.624769825333117 ], [ 110.668263010051461, -7.624679369709145 ], [ 110.668534996823809, -7.624679578100324 ], [ 110.668535553536728, -7.623955933126512 ], [ 110.668172905120784, -7.623955655268611 ], [ 110.668172974776155, -7.623865199644638 ], [ 110.667719664375255, -7.623864851897808 ], [ 110.667718896998409, -7.624859863653707 ] ] ] } },
{ "type": "Feature", "properties": { "cluster_id": -2147145570, "count": 72, "area_m2": 7199.999966621981, "area_ha": 0.71999999666219805, "kelas_sawah": "unlabeled", "varietas": "unlabeled", "usia_fase": null, "overlap_ratio": 0.0, "is_ground_truth": false }, "geometry": { "type": "Polygon", "coordinates": [ [ [ 110.667723429969186, -7.618980248086515 ], [ 110.668448718410815, -7.618980803901132 ], [ 110.668448787967364, -7.618890348259193 ], [ 110.668539449009103, -7.618890417645066 ], [ 110.668539518538694, -7.618799962003127 ], [ 110.668448857523927, -7.618799892617254 ], [ 110.668448927080476, -7.618709436966332 ], [ 110.66853958807728, -7.618709506361188 ], [ 110.66853993575225, -7.618257228133528 ], [ 110.668358613938295, -7.618257089343817 ], [ 110.668358683503826, -7.618166633692894 ], [ 110.667814718205662, -7.618166216883586 ], [ 110.667814369776124, -7.618618495084297 ], [ 110.667723708797269, -7.61861842554571 ], [ 110.667723429969186, -7.618980248086515 ] ] ] } },
{ "type": "Feature", "properties": { "cluster_id": 1182747015, "count": 74, "area_m2": 7399.999993427482, "area_ha": 0.73999999934274818, "kelas_sawah": "unlabeled", "varietas": "unlabeled", "usia_fase": null, "overlap_ratio": 0.0, "is_ground_truth": false }, "geometry": { "type": "Polygon", "coordinates": [ [ [ 110.667724057325643, -7.618166147345 ], [ 110.668358683503826, -7.618166633692894 ], [ 110.668358613938295, -7.618257089343817 ], [ 110.66853993575225, -7.618257228133528 ], [ 110.668540561509701, -7.617443127293197 ], [ 110.668359240037091, -7.617442988521452 ], [ 110.668359309602621, -7.61735253287053 ], [ 110.667906006028915, -7.617352185608791 ], [ 110.667905936373558, -7.617442641259712 ], [ 110.667815275646234, -7.617442571748076 ], [ 110.667814927252621, -7.61789484995777 ], [ 110.66772426642649, -7.617894780428166 ], [ 110.667724057325643, -7.618166147345 ] ] ] } },
{ "type": "Feature", "properties": { "cluster_id": 2139368221, "count": 57, "area_m2": 5700.0000056502176, "area_ha": 0.57000000056502176, "kelas_sawah": "unlabeled", "varietas": "unlabeled", "usia_fase": null, "overlap_ratio": 0.0, "is_ground_truth": false }, "geometry": { "type": "Polygon", "coordinates": [ [ [ 110.667709750397094, -7.636709545543195 ], [ 110.6685257334954, -7.636710172216921 ], [ 110.668525872904951, -7.636529261076773 ], [ 110.668616537656732, -7.636529330606376 ], [ 110.668616816385992, -7.636167508317099 ], [ 110.668435487035168, -7.636167369239927 ], [ 110.668435556753408, -7.636076913669853 ], [ 110.668254227438524, -7.636076774520816 ], [ 110.668254157684345, -7.636167230081906 ], [ 110.667982163662586, -7.63616702121462 ], [ 110.667982233470667, -7.636076565644546 ], [ 110.667891568817709, -7.636076495980196 ], [ 110.667891498991665, -7.636166951550269 ], [ 110.667800834320744, -7.636166881867952 ], [ 110.66780055489977, -7.636528704121297 ], [ 110.667709890148004, -7.636528634421015 ], [ 110.667709750397094, -7.636709545543195 ] ] ] } },
{ "type": "Feature", "properties": { "cluster_id": 206061227, "count": 78, "area_m2": 7800.0000457026181, "area_ha": 0.78000000457026186, "kelas_sawah": "unlabeled", "varietas": "unlabeled", "usia_fase": null, "overlap_ratio": 0.0, "is_ground_truth": false }, "geometry": { "type": "Polygon", "coordinates": [ [ [ 110.667710798461542, -7.635352712063957 ], [ 110.668164120962743, -7.635353060349776 ], [ 110.668164190734899, -7.63526260477072 ], [ 110.668526848672983, -7.635262883050828 ], [ 110.668527406185419, -7.634539238436341 ], [ 110.668436741846875, -7.634539168897755 ], [ 110.668436811547153, -7.634448713318698 ], [ 110.667983489989169, -7.634448365365256 ], [ 110.667983420190069, -7.634538820944313 ], [ 110.667802091530945, -7.634538681624595 ], [ 110.667801812172868, -7.634900503913872 ], [ 110.667711147771442, -7.634900434222573 ], [ 110.667710798461542, -7.635352712063957 ] ] ] } },
{ "type": "Feature", "properties": { "cluster_id": -1292830696, "count": 84, "area_m2": 8400.0000507384539, "area_ha": 0.84000000507384542, "kelas_sawah": "unlabeled", "varietas": "unlabeled", "usia_fase": null, "overlap_ratio": 0.0, "is_ground_truth": false }, "geometry": { "type": "Polygon", "coordinates": [ [ [ 110.667725869299431, -7.61581430059171 ], [ 110.667816529685382, -7.615814370103346 ], [ 110.667816599349734, -7.615723914452425 ], [ 110.668541882320625, -7.615724469871782 ], [ 110.668542090846557, -7.61545310290105 ], [ 110.668632751160644, -7.615453172233024 ], [ 110.668633098584081, -7.615000893933498 ], [ 110.668451778135562, -7.615000755242602 ], [ 110.668451847656172, -7.614910299582696 ], [ 110.668179867055258, -7.614910091407113 ], [ 110.668179797471751, -7.615000547067018 ], [ 110.668089137256473, -7.615000477636229 ], [ 110.668089206848961, -7.614910021985308 ], [ 110.667817226257029, -7.614909813576162 ], [ 110.667817156601657, -7.615000269236067 ], [ 110.667726496386379, -7.61500019972443 ], [ 110.667725869299431, -7.61581430059171 ] ] ] } },
{ "type": "Feature", "properties": { "cluster_id": -1909046155, "count": 78, "area_m2": 7800.0000062066829, "area_ha": 0.78000000062066832, "kelas_sawah": "unlabeled", "varietas": "unlabeled", "usia_fase": null, "overlap_ratio": 0.0, "is_ground_truth": false }, "geometry": { "type": "Polygon", "coordinates": [ [ [ 110.667711427210378, -7.634538611942279 ], [ 110.667983420190069, -7.634538820944313 ], [ 110.667983489989169, -7.634448365365256 ], [ 110.668436811547153, -7.634448713318698 ], [ 110.668436741846875, -7.634539168897755 ], [ 110.668527406185419, -7.634539238436341 ], [ 110.668527754596994, -7.634086960532074 ], [ 110.668618418836729, -7.634087030043712 ], [ 110.668618558156453, -7.633906118885598 ], [ 110.668527893952643, -7.633906049373961 ], [ 110.668528033317287, -7.633725138206865 ], [ 110.667712055878354, -7.633724511784668 ], [ 110.667711427210378, -7.634538611942279 ] ] ] } },
{ "type": "Feature", "properties": { "cluster_id": 780224690, "count": 76, "area_m2": 7600.0000287019066, "area_ha": 0.76000000287019065, "kelas_sawah": "unlabeled", "varietas": "unlabeled", "usia_fase": null, "overlap_ratio": 0.0, "is_ground_truth": false }, "geometry": { "type": "Polygon", "coordinates": [ [ [ 110.667712684492443, -7.632910411600107 ], [ 110.667803348471665, -7.632910481264457 ], [ 110.667803418297709, -7.6328200256854 ], [ 110.66852873005061, -7.632820582371382 ], [ 110.66852935703875, -7.632006482079023 ], [ 110.667713382860711, -7.632005855800557 ], [ 110.667713243190647, -7.632186766958671 ], [ 110.667803907026141, -7.632186836623021 ], [ 110.667803488114771, -7.632729570106344 ], [ 110.667712824171488, -7.632729500441994 ], [ 110.667712684492443, -7.632910411600107 ] ] ] } },
{ "type": "Feature", "properties": { "cluster_id": -283605255, "count": 78, "area_m2": 7799.999983763264, "area_ha": 0.77999999837632639, "kelas_sawah": "unlabeled", "varietas": "unlabeled", "usia_fase": null, "overlap_ratio": 0.0, "is_ground_truth": false }, "geometry": { "type": "Polygon", "coordinates": [ [ [ 110.667713941496032, -7.631282211132171 ], [ 110.668529914299654, -7.631282837356738 ], [ 110.668530053610397, -7.631101926171675 ], [ 110.66862071721232, -7.63110199564738 ], [ 110.668620926115537, -7.630830628865295 ], [ 110.668530262558519, -7.63083055938959 ], [ 110.668530332213891, -7.630740103792567 ], [ 110.66862099574395, -7.630740173268271 ], [ 110.668621135000791, -7.630559262083208 ], [ 110.668530471506656, -7.630559192598521 ], [ 110.668530541153046, -7.630468737010482 ], [ 110.667805233370686, -7.630468180504163 ], [ 110.667804674941976, -7.631191825199498 ], [ 110.66771401132209, -7.631191755544132 ], [ 110.667713941496032, -7.631282211132171 ] ] ] } },
{ "type": "Feature", "properties": { "cluster_id": -105626471, "count": 91, "area_m2": 9099.9999371811282, "area_ha": 0.9099999937181128, "kelas_sawah": "unlabeled", "varietas": "unlabeled", "usia_fase": null, "overlap_ratio": 0.0, "is_ground_truth": false }, "geometry": { "type": "Polygon", "coordinates": [ [ [ 110.667715198230141, -7.629654010538471 ], [ 110.668531167943556, -7.629654636628291 ], [ 110.668531516130557, -7.62920235862521 ], [ 110.66862217933722, -7.629202428091931 ], [ 110.668622457796999, -7.628840605685872 ], [ 110.668531794662186, -7.628840536219152 ], [ 110.668531864290614, -7.628750080622129 ], [ 110.668078548733376, -7.628749733019029 ], [ 110.668078479006141, -7.628840188625036 ], [ 110.667897152745525, -7.628840049449049 ], [ 110.667897222508685, -7.628749593852026 ], [ 110.66780655940083, -7.628749524241575 ], [ 110.667806489619693, -7.628839979838597 ], [ 110.667715826493875, -7.628839910201196 ], [ 110.667715198230141, -7.629654010538471 ] ] ] } },
{ "type": "Feature", "properties": { "cluster_id": 316559213, "count": 75, "area_m2": 7499.9999746284448, "area_ha": 0.74999999746284451, "kelas_sawah": "unlabeled", "varietas": "unlabeled", "usia_fase": null, "overlap_ratio": 0.0, "is_ground_truth": false }, "geometry": { "type": "Polygon", "coordinates": [ [ [ 110.667715826493875, -7.628839910201196 ], [ 110.667806489619693, -7.628839979838597 ], [ 110.66780655940083, -7.628749524241575 ], [ 110.667897222508685, -7.628749593852026 ], [ 110.667897152745525, -7.628840049449049 ], [ 110.668078479006141, -7.628840188625036 ], [ 110.668078548733376, -7.628749733019029 ], [ 110.668531864290614, -7.628750080622129 ], [ 110.66853249093738, -7.627935980177057 ], [ 110.66816983917073, -7.627935702166442 ], [ 110.668169769470438, -7.628026157772449 ], [ 110.667807117640891, -7.628025879456407 ], [ 110.667806838525351, -7.628387701853483 ], [ 110.667716175498356, -7.628387632216082 ], [ 110.667715826493875, -7.628839910201196 ] ] ] } },
{ "type": "Feature", "properties": { "cluster_id": -1306120824, "count": 78, "area_m2": 7799.9999869227759, "area_ha": 0.77999999869227754, "kelas_sawah": "unlabeled", "varietas": "unlabeled", "usia_fase": null, "overlap_ratio": 0.0, "is_ground_truth": false }, "geometry": { "type": "Polygon", "coordinates": [ [ [ 110.66771645468576, -7.62802580982799 ], [ 110.668169769470438, -7.628026157772449 ], [ 110.66816983917073, -7.627935702166442 ], [ 110.66853249093738, -7.627935980177057 ], [ 110.668532560556812, -7.62784552457105 ], [ 110.668623223485014, -7.627845594019806 ], [ 110.668623362687953, -7.627664682807793 ], [ 110.668532699804672, -7.627664613359038 ], [ 110.668532769424104, -7.627574157744049 ], [ 110.668623432289408, -7.627574227201787 ], [ 110.668623641093816, -7.627302860374785 ], [ 110.668532978282414, -7.627302790926031 ], [ 110.668533047892865, -7.627212335311041 ], [ 110.667807745590224, -7.627211779047268 ], [ 110.667807466510624, -7.627573601453326 ], [ 110.667716803654301, -7.627573531833892 ], [ 110.66771645468576, -7.62802580982799 ] ] ] } },
{ "type": "Feature", "properties": { "cluster_id": 1286069533, "count": 84, "area_m2": 8399.9999971978832, "area_ha": 0.83999999971978834, "kelas_sawah": "unlabeled", "varietas": "unlabeled", "usia_fase": null, "overlap_ratio": 0.0, "is_ground_truth": false }, "geometry": { "type": "Polygon", "coordinates": [ [ [ 110.667717082805765, -7.627211709427834 ], [ 110.668533047892865, -7.627212335311041 ], [ 110.668533395963081, -7.626760057263044 ], [ 110.668624058666694, -7.626760126702816 ], [ 110.66862419785167, -7.62657921548182 ], [ 110.668533535192964, -7.626579146033066 ], [ 110.668533744015335, -7.626307779197081 ], [ 110.668080431027292, -7.626307431719746 ], [ 110.668080361318019, -7.626397887325752 ], [ 110.667808373476689, -7.626397678602196 ], [ 110.667808094424018, -7.62675950102622 ], [ 110.667717431738382, -7.626759431415769 ], [ 110.667717082805765, -7.627211709427834 ] ] ] } },
{ "type": "Feature", "properties": { "cluster_id": -391628915, "count": 84, "area_m2": 8400.0000161500066, "area_ha": 0.84000000161500066, "kelas_sawah": "unlabeled", "varietas": "unlabeled", "usia_fase": null, "overlap_ratio": 0.0, "is_ground_truth": false }, "geometry": { "type": "Polygon", "coordinates": [ [ [ 110.667718408620317, -7.625493052922701 ], [ 110.668171720745988, -7.625493400750378 ], [ 110.668171651063673, -7.625583856356384 ], [ 110.668624963306115, -7.625584203716938 ], [ 110.668625589503733, -7.624770103146102 ], [ 110.66853492723132, -7.624770033724297 ], [ 110.668534996823809, -7.624679578100324 ], [ 110.668263010051461, -7.624679369709145 ], [ 110.66826294039609, -7.624769825333117 ], [ 110.66790029130641, -7.624769547214705 ], [ 110.667900221579174, -7.624860002829695 ], [ 110.667718896998409, -7.624859863653707 ], [ 110.667718687699931, -7.625131230480709 ], [ 110.667809350044209, -7.625131300082177 ], [ 110.667809210544831, -7.625312211303173 ], [ 110.667718548164615, -7.625312141701705 ], [ 110.667718408620317, -7.625493052922701 ] ] ] } },
{ "type": "Feature", "properties": { "cluster_id": 888105996, "count": 92, "area_m2": 9200.0000114736031, "area_ha": 0.92000000114736036, "kelas_sawah": "unlabeled", "varietas": "unlabeled", "usia_fase": null, "overlap_ratio": 0.0, "is_ground_truth": false }, "geometry": { "type": "Polygon", "coordinates": [ [ [ 110.667720292144921, -7.623050751335955 ], [ 110.667810954049031, -7.623050820919458 ], [ 110.667810884321796, -7.62314127654343 ], [ 110.668536179770285, -7.623141832510759 ], [ 110.668536318928304, -7.622960921253831 ], [ 110.668626980823433, -7.622960990657671 ], [ 110.668627259049643, -7.622599168143814 ], [ 110.668536597226378, -7.622599098739975 ], [ 110.66853687550649, -7.622237276226119 ], [ 110.667992905060984, -7.622236859416811 ], [ 110.667992835378669, -7.622327315040783 ], [ 110.667902173618288, -7.622327245502197 ], [ 110.667902243318565, -7.622236789878224 ], [ 110.667720919842722, -7.622236650747153 ], [ 110.667720292144921, -7.623050751335955 ] ] ] } },
{ "type": "Feature", "properties": { "cluster_id": 1719568188, "count": 78, "area_m2": 7800.0000442215241, "area_ha": 0.78000000442215245, "kelas_sawah": "unlabeled", "varietas": "unlabeled", "usia_fase": null, "overlap_ratio": 0.0, "is_ground_truth": false }, "geometry": { "type": "Polygon", "coordinates": [ [ [ 110.667720919842722, -7.622236650747153 ], [ 110.667902243318565, -7.622236789878224 ], [ 110.667902173618288, -7.622327245502197 ], [ 110.667992835378669, -7.622327315040783 ], [ 110.667992905060984, -7.622236859416811 ], [ 110.66853687550649, -7.622237276226119 ], [ 110.668537501605286, -7.621423175538502 ], [ 110.668174855318355, -7.621422897770433 ], [ 110.668174785680947, -7.621513353394405 ], [ 110.667902800911847, -7.621513144868478 ], [ 110.667902870612139, -7.621422689244506 ], [ 110.667812209040406, -7.621422619696936 ], [ 110.667812139331133, -7.621513075320909 ], [ 110.667721477741438, -7.621513005755373 ], [ 110.667720919842722, -7.622236650747153 ] ] ] } },
{ "type": "Feature", "properties": { "cluster_id": -1752697594, "count": 88, "area_m2": 8799.9999769372516, "area_ha": 0.87999999769372517, "kelas_sawah": "unlabeled", "varietas": "unlabeled", "usia_fase": null, "overlap_ratio": 0.0, "is_ground_truth": false }, "geometry": { "type": "Polygon", "coordinates": [ [ [ 110.667722105313473, -7.620698905112672 ], [ 110.667903428142537, -7.620699044207811 ], [ 110.667903497833834, -7.620608588574855 ], [ 110.668084820626959, -7.620608727598128 ], [ 110.668084750980569, -7.620699183231084 ], [ 110.668538058075683, -7.620699530456891 ], [ 110.66853812762325, -7.620609074814952 ], [ 110.668628789024297, -7.620609144209808 ], [ 110.668629345288082, -7.619885499092264 ], [ 110.66853868403075, -7.619885429706391 ], [ 110.668538753578318, -7.619794974073436 ], [ 110.668085447435431, -7.619794626892545 ], [ 110.668085377798036, -7.6198850825255 ], [ 110.667813394061994, -7.619884873981607 ], [ 110.667813115260856, -7.62024669651343 ], [ 110.667722453940655, -7.620246626956877 ], [ 110.667722105313473, -7.620698905112672 ] ] ] } },
{ "type": "Feature", "properties": { "cluster_id": -130152999, "count": 78, "area_m2": 7799.9999803700484, "area_ha": 0.77999999803700482, "kelas_sawah": "unlabeled", "varietas": "unlabeled", "usia_fase": null, "overlap_ratio": 0.0, "is_ground_truth": false }, "geometry": { "type": "Polygon", "coordinates": [ [ [ 110.667722732822625, -7.619884804434038 ], [ 110.668085377798036, -7.6198850825255 ], [ 110.668085447435431, -7.619794626892545 ], [ 110.668538753578318, -7.619794974073436 ], [ 110.668538962221035, -7.619523607147619 ], [ 110.668629623388526, -7.619523676524509 ], [ 110.668629692918131, -7.619433220882571 ], [ 110.668539031759622, -7.619433151505681 ], [ 110.668539379470516, -7.618980873295987 ], [ 110.667814091019906, -7.618980317634085 ], [ 110.667813533462549, -7.619703962715696 ], [ 110.667722872259134, -7.619703893168126 ], [ 110.667722732822625, -7.619884804434038 ] ] ] } },
{ "type": "Feature", "properties": { "cluster_id": 73798120, "count": 93, "area_m2": 9300.0000273395563, "area_ha": 0.93000000273395567, "kelas_sawah": "unlabeled", "varietas": "unlabeled", "usia_fase": null, "overlap_ratio": 0.0, "is_ground_truth": false }, "geometry": { "type": "Polygon", "coordinates": [ [ [ 110.667725242140619, -7.616628401423058 ], [ 110.668541187195274, -7.616629026425917 ], [ 110.668541534771421, -7.616176748153341 ], [ 110.668632195238231, -7.616176817503281 ], [ 110.668632473203928, -7.615814994872644 ], [ 110.668541812808982, -7.615814925531687 ], [ 110.668541882320625, -7.615724469871782 ], [ 110.667816599349734, -7.615723914452425 ], [ 110.667816529685382, -7.615814370103346 ], [ 110.667725869299431, -7.61581430059171 ], [ 110.667725242140619, -7.616628401423058 ] ] ] } },
{ "type": "Feature", "properties": { "cluster_id": -1969903998, "count": 81, "area_m2": 8099.9999815464253, "area_ha": 0.80999999815464252, "kelas_sawah": "unlabeled", "varietas": "unlabeled", "usia_fase": null, "overlap_ratio": 0.0, "is_ground_truth": false }, "geometry": { "type": "Polygon", "coordinates": [ [ [ 110.667727680698306, -7.61346245357791 ], [ 110.667818340599169, -7.613462523062597 ], [ 110.66781778345505, -7.614186168332854 ], [ 110.668543063838783, -7.614186723644413 ], [ 110.668543202826129, -7.61400581231562 ], [ 110.668633862843777, -7.61400588163861 ], [ 110.668634140728628, -7.61364405897204 ], [ 110.668543480791826, -7.61364398964905 ], [ 110.66854375873956, -7.61328216698248 ], [ 110.668181119297785, -7.613281889519839 ], [ 110.66818104973224, -7.613372345179743 ], [ 110.667727750362658, -7.613371997918004 ], [ 110.667727680698306, -7.61346245357791 ] ] ] } },
{ "type": "Feature", "properties": { "cluster_id": -824747853, "count": 82, "area_m2": 8199.9999463750282, "area_ha": 0.81999999463750284, "kelas_sawah": "unlabeled", "varietas": "unlabeled", "usia_fase": null, "overlap_ratio": 0.0, "is_ground_truth": false }, "geometry": { "type": "Polygon", "coordinates": [ [ [ 110.667727820018015, -7.613281542258099 ], [ 110.667818479873972, -7.613281611742787 ], [ 110.667818410236563, -7.613372067402691 ], [ 110.66818104973224, -7.613372345179743 ], [ 110.668181119297785, -7.613281889519839 ], [ 110.66854375873956, -7.61328216698248 ], [ 110.668543967193614, -7.613010799975815 ], [ 110.668634626995669, -7.613010869298806 ], [ 110.668634974302321, -7.612558590945382 ], [ 110.668544314599089, -7.612558521631374 ], [ 110.668544384074792, -7.612468065962487 ], [ 110.66781910657464, -7.612467510785675 ], [ 110.667818549511367, -7.613191156082881 ], [ 110.667727889673387, -7.613191086598194 ], [ 110.667727820018015, -7.613281542258099 ] ] ] } },
{ "type": "Feature", "properties": { "cluster_id": -1898234288, "count": 83, "area_m2": 8299.9999469527393, "area_ha": 0.82999999469527397, "kelas_sawah": "unlabeled", "varietas": "unlabeled", "usia_fase": null, "overlap_ratio": 0.0, "is_ground_truth": false }, "geometry": { "type": "Polygon", "coordinates": [ [ [ 110.667800834320744, -7.636166881867952 ], [ 110.667891498991665, -7.636166951550269 ], [ 110.667891568817709, -7.636076495980196 ], [ 110.667982233470667, -7.636076565644546 ], [ 110.667982163662586, -7.63616702121462 ], [ 110.668254157684345, -7.636167230081906 ], [ 110.668254227438524, -7.636076774520816 ], [ 110.668435556753408, -7.636076913669853 ], [ 110.668435487035168, -7.636167369239927 ], [ 110.668616816385992, -7.636167508317099 ], [ 110.668617513155255, -7.635262952571448 ], [ 110.668164190734899, -7.63526260477072 ], [ 110.668164120962743, -7.635353060349776 ], [ 110.667801462961776, -7.63535278176424 ], [ 110.667800834320744, -7.636166881867952 ] ] ] } },
{ "type": "Feature", "properties": { "cluster_id": -1247722371, "count": 95, "area_m2": 9500.0000136249582, "area_ha": 0.95000000136249585, "kelas_sawah": "unlabeled", "varietas": "unlabeled", "usia_fase": null, "overlap_ratio": 0.0, "is_ground_truth": false }, "geometry": { "type": "Polygon", "coordinates": [ [ [ 110.667712055878354, -7.633724511784668 ], [ 110.668528033317287, -7.633725138206865 ], [ 110.668528102990621, -7.633634682627808 ], [ 110.668618767131534, -7.633634752130462 ], [ 110.668619394020851, -7.632820651865052 ], [ 110.667803418297709, -7.6328200256854 ], [ 110.667803348471665, -7.632910481264457 ], [ 110.667712684492443, -7.632910411600107 ], [ 110.667712544804417, -7.633091322749237 ], [ 110.667803208828545, -7.63309139242257 ], [ 110.667802999350414, -7.63336275915974 ], [ 110.66771233527237, -7.633362689486408 ], [ 110.667712055878354, -7.633724511784668 ] ] ] } },
{ "type": "Feature", "properties": { "cluster_id": 982819105, "count": 73, "area_m2": 7299.9999416869832, "area_ha": 0.72999999416869832, "kelas_sawah": "unlabeled", "varietas": "unlabeled", "usia_fase": null, "overlap_ratio": 0.0, "is_ground_truth": false }, "geometry": { "type": "Polygon", "coordinates": [ [ [ 110.667804046651284, -7.632005925455924 ], [ 110.66852935703875, -7.632006482079023 ], [ 110.668529287374398, -7.632096937667064 ], [ 110.668619951191928, -7.632097007160734 ], [ 110.668620577946498, -7.631282906841426 ], [ 110.667804605142877, -7.631282280787538 ], [ 110.667804046651284, -7.632005925455924 ] ] ] } },
{ "type": "Feature", "properties": { "cluster_id": -1547138964, "count": 80, "area_m2": 8000.0000129814725, "area_ha": 0.8000000012981473, "kelas_sawah": "unlabeled", "varietas": "unlabeled", "usia_fase": null, "overlap_ratio": 0.0, "is_ground_truth": false }, "geometry": { "type": "Polygon", "coordinates": [ [ [ 110.667714569894528, -7.630468110848796 ], [ 110.668530541153046, -7.630468737010482 ], [ 110.668530750092202, -7.630197370219412 ], [ 110.668621413514458, -7.630197439695117 ], [ 110.668621831249027, -7.629654706095012 ], [ 110.667805861526631, -7.629654080184855 ], [ 110.667805372968886, -7.6302872693191 ], [ 110.667714709528653, -7.630287199672716 ], [ 110.667714569894528, -7.630468110848796 ] ] ] } },
{ "type": "Feature", "properties": { "cluster_id": -1708030097, "count": 77, "area_m2": 7700.0000121895573, "area_ha": 0.77000000121895573, "kelas_sawah": "unlabeled", "varietas": "unlabeled", "usia_fase": null, "overlap_ratio": 0.0, "is_ground_truth": false }, "geometry": { "type": "Polygon", "coordinates": [ [ [ 110.667810326450038, -7.623864921490294 ], [ 110.668172974776155, -7.623865199644638 ], [ 110.668172905120784, -7.623955655268611 ], [ 110.668626215638469, -7.623956002548317 ], [ 110.668626841710335, -7.623141901914599 ], [ 110.667810884321796, -7.62314127654343 ], [ 110.667810326450038, -7.623864921490294 ] ] ] } },
{ "type": "Feature", "properties": { "cluster_id": -2129972457, "count": 76, "area_m2": 7599.9999884155113, "area_ha": 0.75999999884155112, "kelas_sawah": "unlabeled", "varietas": "unlabeled", "usia_fase": null, "overlap_ratio": 0.0, "is_ground_truth": false }, "geometry": { "type": "Polygon", "coordinates": [ [ [ 110.66772461491891, -7.617442502218473 ], [ 110.667905936373558, -7.617442641259712 ], [ 110.667906006028915, -7.617352185608791 ], [ 110.668359309602621, -7.61735253287053 ], [ 110.668359240037091, -7.617442988521452 ], [ 110.668540561509701, -7.617443127293197 ], [ 110.66854077008054, -7.617171760340431 ], [ 110.668631430753962, -7.617171829699354 ], [ 110.668631847760892, -7.616629095775857 ], [ 110.667815902697257, -7.616628470943677 ], [ 110.667815484666235, -7.617171204813276 ], [ 110.667724824001795, -7.617171135292657 ], [ 110.66772461491891, -7.617442502218473 ] ] ] } },
{ "type": "Feature", "properties": { "cluster_id": 1396654188, "count": 76, "area_m2": 7599.9999763126834, "area_ha": 0.75999999763126835, "kelas_sawah": "unlabeled", "varietas": "unlabeled", "usia_fase": null, "overlap_ratio": 0.0, "is_ground_truth": false }, "geometry": { "type": "Polygon", "coordinates": [ [ [ 110.667817226257029, -7.614909813576162 ], [ 110.668089206848961, -7.614910021985308 ], [ 110.668089137256473, -7.615000477636229 ], [ 110.668179797471751, -7.615000547067018 ], [ 110.668179867055258, -7.614910091407113 ], [ 110.668451847656172, -7.614910299582696 ], [ 110.668451778135562, -7.615000755242602 ], [ 110.668633098584081, -7.615000893933498 ], [ 110.668633793368073, -7.614096337307498 ], [ 110.668543133332449, -7.614096267975524 ], [ 110.668543063838783, -7.614186723644413 ], [ 110.66781778345505, -7.614186168332854 ], [ 110.667817226257029, -7.614909813576162 ] ] ] } },
{ "type": "Feature", "properties": { "cluster_id": 1837560675, "count": 1, "area_m2": 99.999995299731495, "area_ha": 0.0099999995299731494, "kelas_sawah": "unlabeled", "varietas": "unlabeled", "usia_fase": null, "overlap_ratio": 0.0, "is_ground_truth": false }, "geometry": { "type": "Polygon", "coordinates": [ [ [ 110.668544314599089, -7.612558521631374 ], [ 110.668634974302321, -7.612558590945382 ], [ 110.668635043769044, -7.612468135276494 ], [ 110.668544384074792, -7.612468065962487 ], [ 110.668544314599089, -7.612558521631374 ] ] ] } },
{ "type": "Feature", "properties": { "cluster_id": 215378199, "count": 75, "area_m2": 7499.9999770094291, "area_ha": 0.74999999770094294, "kelas_sawah": "unlabeled", "varietas": "unlabeled", "usia_fase": null, "overlap_ratio": 0.0, "is_ground_truth": false }, "geometry": { "type": "Polygon", "coordinates": [ [ [ 110.66853993575225, -7.618257228133528 ], [ 110.668721257566219, -7.618257366842391 ], [ 110.668721327059885, -7.618166911191469 ], [ 110.669174631522921, -7.618167257635742 ], [ 110.669174562128063, -7.618257713286663 ], [ 110.669265223035055, -7.618257782519822 ], [ 110.669265431174708, -7.617986415558073 ], [ 110.669356092027783, -7.617986484773266 ], [ 110.669356508172342, -7.617443750831802 ], [ 110.668812543718602, -7.617443335307084 ], [ 110.668812613185324, -7.617352879656162 ], [ 110.668631291748653, -7.617352741001199 ], [ 110.668631222245992, -7.61744319665212 ], [ 110.668540561509701, -7.617443127293197 ], [ 110.66853993575225, -7.618257228133528 ] ] ] } },
{ "type": "Feature", "properties": { "cluster_id": 174596505, "count": 83, "area_m2": 8299.9999824393308, "area_ha": 0.82999999824393311, "kelas_sawah": "unlabeled", "varietas": "unlabeled", "usia_fase": null, "overlap_ratio": 0.0, "is_ground_truth": false }, "geometry": { "type": "Polygon", "coordinates": [ [ [ 110.668526848672983, -7.635262883050828 ], [ 110.668617513155255, -7.635262952571448 ], [ 110.668617443481921, -7.635353408150505 ], [ 110.668980101518827, -7.635353686053321 ], [ 110.668980171120296, -7.635263230474265 ], [ 110.669342829085338, -7.63526350806267 ], [ 110.669343037647195, -7.634992141316517 ], [ 110.669433702084547, -7.634992210666457 ], [ 110.669434049570867, -7.634539932735241 ], [ 110.66889006352163, -7.634539516384073 ], [ 110.668890133132081, -7.634449060796033 ], [ 110.6687994688115, -7.634448991338296 ], [ 110.668799399192068, -7.634539446926335 ], [ 110.668708734853524, -7.634539377441648 ], [ 110.668708804499914, -7.634448921862591 ], [ 110.668618140179333, -7.634448852368921 ], [ 110.668618070514981, -7.634539307947978 ], [ 110.668527406185419, -7.634539238436341 ], [ 110.668526848672983, -7.635262883050828 ] ] ] } },
{ "type": "Feature", "properties": { "cluster_id": 1698321334, "count": 87, "area_m2": 8699.9999449108145, "area_ha": 0.86999999449108145, "kelas_sawah": "unlabeled", "varietas": "unlabeled", "usia_fase": null, "overlap_ratio": 0.0, "is_ground_truth": false }, "geometry": { "type": "Polygon", "coordinates": [ [ [ 110.66853492723132, -7.624770033724297 ], [ 110.668988238629353, -7.62477038065366 ], [ 110.668988308123019, -7.624679925029687 ], [ 110.669260294913329, -7.624680132962726 ], [ 110.669260225473565, -7.624770588595681 ], [ 110.669350887754973, -7.624770657864773 ], [ 110.66935116544218, -7.624408835350917 ], [ 110.669441827651724, -7.624408904602042 ], [ 110.66944217463498, -7.623956626455231 ], [ 110.668988864072389, -7.623956280028924 ], [ 110.668988933566055, -7.623865824404952 ], [ 110.668626285204013, -7.623865546924344 ], [ 110.668626215638469, -7.623956002548317 ], [ 110.668535553536728, -7.623955933126512 ], [ 110.66853492723132, -7.624770033724297 ] ] ] } },
{ "type": "Feature", "properties": { "cluster_id": -1140693103, "count": 79, "area_m2": 7899.9999553817906, "area_ha": 0.78999999553817901, "kelas_sawah": "unlabeled", "varietas": "unlabeled", "usia_fase": null, "overlap_ratio": 0.0, "is_ground_truth": false }, "geometry": { "type": "Polygon", "coordinates": [ [ [ 110.668541187195274, -7.616629026425917 ], [ 110.669357132312811, -7.616629649892657 ], [ 110.669357756390411, -7.615815548926562 ], [ 110.668995114792679, -7.615815272056808 ], [ 110.6689951842055, -7.61572481638792 ], [ 110.668813863451547, -7.615724677840753 ], [ 110.668813793993806, -7.615815133500658 ], [ 110.668632473203928, -7.615814994872644 ], [ 110.668632195238231, -7.616176817503281 ], [ 110.668541534771421, -7.616176748153341 ], [ 110.668541187195274, -7.616629026425917 ] ] ] } },
{ "type": "Feature", "properties": { "cluster_id": 1837560675, "count": 1, "area_m2": 99.99999779800423, "area_ha": 0.0099999997798004229, "kelas_sawah": "unlabeled", "varietas": "unlabeled", "usia_fase": null, "overlap_ratio": 0.0, "is_ground_truth": false }, "geometry": { "type": "Polygon", "coordinates": [ [ [ 110.668906953438992, -7.612558798770623 ], [ 110.66899761315122, -7.612558868003782 ], [ 110.668997682537082, -7.612468412334894 ], [ 110.668907022842831, -7.612468343092751 ], [ 110.668906953438992, -7.612558798770623 ] ] ] } },
{ "type": "Feature", "properties": { "cluster_id": -268404650, "count": 86, "area_m2": 8600.0000188779086, "area_ha": 0.86000000188779091, "kelas_sawah": "unlabeled", "varietas": "unlabeled", "usia_fase": null, "overlap_ratio": 0.0, "is_ground_truth": false }, "geometry": { "type": "Polygon", "coordinates": [ [ [ 110.668527406185419, -7.634539238436341 ], [ 110.668618070514981, -7.634539307947978 ], [ 110.668618140179333, -7.634448852368921 ], [ 110.668708804499914, -7.634448921862591 ], [ 110.668708734853524, -7.634539377441648 ], [ 110.668799399192068, -7.634539446926335 ], [ 110.6687994688115, -7.634448991338296 ], [ 110.668890133132081, -7.634449060796033 ], [ 110.66889006352163, -7.634539516384073 ], [ 110.669343385223343, -7.634539863385301 ], [ 110.669343524246614, -7.634358952218204 ], [ 110.669434188558213, -7.634359021559161 ], [ 110.66943467498696, -7.6337258324339 ], [ 110.669072018306508, -7.633725554971257 ], [ 110.669072087872038, -7.633635099383218 ], [ 110.66889075957225, -7.633634960539608 ], [ 110.66889068997078, -7.633725416127647 ], [ 110.668528033317287, -7.633725138206865 ], [ 110.668527893952643, -7.633906049373961 ], [ 110.668618558156453, -7.633906118885598 ], [ 110.668618418836729, -7.634087030043712 ], [ 110.668527754596994, -7.634086960532074 ], [ 110.668527406185419, -7.634539238436341 ] ] ] } },
{ "type": "Feature", "properties": { "cluster_id": 149949439, "count": 79, "area_m2": 7900.0000339819235, "area_ha": 0.79000000339819232, "kelas_sawah": "unlabeled", "varietas": "unlabeled", "usia_fase": null, "overlap_ratio": 0.0, "is_ground_truth": false }, "geometry": { "type": "Polygon", "coordinates": [ [ [ 110.66853249093738, -7.627935980177057 ], [ 110.668713816829694, -7.627936119065583 ], [ 110.66871374723722, -7.628026574671589 ], [ 110.668804410210313, -7.628026644093394 ], [ 110.668804479775858, -7.627936188478404 ], [ 110.669257794515616, -7.627936535282004 ], [ 110.669257725039913, -7.628026990888009 ], [ 110.66934838801302, -7.628027060193034 ], [ 110.66934845746178, -7.627936604578045 ], [ 110.669439120416925, -7.627936673865102 ], [ 110.669439537001651, -7.627393940166184 ], [ 110.66934887416329, -7.627393870888109 ], [ 110.669349013051814, -7.62721295965813 ], [ 110.669077024662499, -7.627212751716108 ], [ 110.669077094165161, -7.627122296101119 ], [ 110.66871444305427, -7.627122018575595 ], [ 110.668714373479744, -7.627212474190585 ], [ 110.668533047892865, -7.627212335311041 ], [ 110.668532978282414, -7.627302790926031 ], [ 110.668623641093816, -7.627302860374785 ], [ 110.668623432289408, -7.627574227201787 ], [ 110.668532769424104, -7.627574157744049 ], [ 110.668532699804672, -7.627664613359038 ], [ 110.668623362687953, -7.627664682807793 ], [ 110.668623223485014, -7.627845594019806 ], [ 110.668532560556812, -7.62784552457105 ], [ 110.66853249093738, -7.627935980177057 ] ] ] } },
{ "type": "Feature", "properties": { "cluster_id": 156566794, "count": 57, "area_m2": 5700.0000111438567, "area_ha": 0.57000000111438565, "kelas_sawah": "unlabeled", "varietas": "unlabeled", "usia_fase": null, "overlap_ratio": 0.0, "is_ground_truth": false }, "geometry": { "type": "Polygon", "coordinates": [ [ [ 110.6685257334954, -7.636710172216921 ], [ 110.669432381453291, -7.636710866713449 ], [ 110.669432798523104, -7.636168133239109 ], [ 110.669160804474402, -7.636167925099458 ], [ 110.669160874039946, -7.636077469529384 ], [ 110.669070209378006, -7.636077400107579 ], [ 110.669070139785518, -7.636167855686637 ], [ 110.668616816385992, -7.636167508317099 ], [ 110.668616537656732, -7.636529330606376 ], [ 110.668525872904951, -7.636529261076773 ], [ 110.6685257334954, -7.636710172216921 ] ] ] } },
{ "type": "Feature", "properties": { "cluster_id": 2024224869, "count": 74, "area_m2": 7400.000070266251, "area_ha": 0.74000000702662505, "kelas_sawah": "unlabeled", "varietas": "unlabeled", "usia_fase": null, "overlap_ratio": 0.0, "is_ground_truth": false }, "geometry": { "type": "Polygon", "coordinates": [ [ [ 110.668530541153046, -7.630468737010482 ], [ 110.668802531590515, -7.630468945383694 ], [ 110.668802601183003, -7.630378489786672 ], [ 110.669346581959132, -7.630378906021059 ], [ 110.669347137728835, -7.629655261173009 ], [ 110.669165811099901, -7.629655122518045 ], [ 110.66916588061153, -7.62956466691204 ], [ 110.668712564155982, -7.629564319946744 ], [ 110.668712494554512, -7.62965477555275 ], [ 110.668621831249027, -7.629654706095012 ], [ 110.668621413514458, -7.630197439695117 ], [ 110.668530750092202, -7.630197370219412 ], [ 110.668530541153046, -7.630468737010482 ] ] ] } },
{ "type": "Feature", "properties": { "cluster_id": -1780827224, "count": 79, "area_m2": 7899.9999968361226, "area_ha": 0.78999999968361223, "kelas_sawah": "unlabeled", "varietas": "unlabeled", "usia_fase": null, "overlap_ratio": 0.0, "is_ground_truth": false }, "geometry": { "type": "Polygon", "coordinates": [ [ [ 110.66853687550649, -7.622237276226119 ], [ 110.669352831242122, -7.622237900159983 ], [ 110.669353386400957, -7.621514255042439 ], [ 110.66917206320359, -7.621514116540189 ], [ 110.669172132634387, -7.62142366089825 ], [ 110.668537501605286, -7.621423175538502 ], [ 110.66853687550649, -7.622237276226119 ] ] ] } },
{ "type": "Feature", "properties": { "cluster_id": 637883008, "count": 81, "area_m2": 8099.9999984714668, "area_ha": 0.80999999984714666, "kelas_sawah": "unlabeled", "varietas": "unlabeled", "usia_fase": null, "overlap_ratio": 0.0, "is_ground_truth": false }, "geometry": { "type": "Polygon", "coordinates": [ [ [ 110.668448718410815, -7.618980803901132 ], [ 110.668539379470516, -7.618980873295987 ], [ 110.668539309922949, -7.619071328937926 ], [ 110.668720632087243, -7.619071467664756 ], [ 110.668720701589905, -7.618981012013833 ], [ 110.669355329034715, -7.618981496960356 ], [ 110.669355883951013, -7.618257851735015 ], [ 110.669174562128063, -7.618257713286663 ], [ 110.669174631522921, -7.618167257635742 ], [ 110.668721327059885, -7.618166911191469 ], [ 110.668721257566219, -7.618257366842391 ], [ 110.66853993575225, -7.618257228133528 ], [ 110.66853958807728, -7.618709506361188 ], [ 110.668448927080476, -7.618709436966332 ], [ 110.668448857523927, -7.618799892617254 ], [ 110.668539518538694, -7.618799962003127 ], [ 110.668539449009103, -7.618890417645066 ], [ 110.668448787967364, -7.618890348259193 ], [ 110.668448718410815, -7.618980803901132 ] ] ] } },
{ "type": "Feature", "properties": { "cluster_id": -760748576, "count": 82, "area_m2": 8200.000016898266, "area_ha": 0.82000000168982656, "kelas_sawah": "unlabeled", "varietas": "unlabeled", "usia_fase": null, "overlap_ratio": 0.0, "is_ground_truth": false }, "geometry": { "type": "Polygon", "coordinates": [ [ [ 110.668531794662186, -7.628840536219152 ], [ 110.668803784066597, -7.628840744556433 ], [ 110.668803853641123, -7.628750288950426 ], [ 110.669347832360103, -7.628750705094982 ], [ 110.66934838801302, -7.628027060193034 ], [ 110.669257725039913, -7.628026990888009 ], [ 110.669257794515616, -7.627936535282004 ], [ 110.668804479775858, -7.627936188478404 ], [ 110.668804410210313, -7.628026644093394 ], [ 110.66871374723722, -7.628026574671589 ], [ 110.668713816829694, -7.627936119065583 ], [ 110.66853249093738, -7.627935980177057 ], [ 110.668531794662186, -7.628840536219152 ] ] ] } },
{ "type": "Feature", "properties": { "cluster_id": -1198941491, "count": 82, "area_m2": 8199.9999958014814, "area_ha": 0.81999999958014813, "kelas_sawah": "unlabeled", "varietas": "unlabeled", "usia_fase": null, "overlap_ratio": 0.0, "is_ground_truth": false }, "geometry": { "type": "Polygon", "coordinates": [ [ [ 110.668624963306115, -7.625584203716938 ], [ 110.669350262922791, -7.625584758489508 ], [ 110.669350401784371, -7.625403847241564 ], [ 110.669441064200512, -7.625403916501672 ], [ 110.669441550045349, -7.624770727115899 ], [ 110.669260225473565, -7.624770588595681 ], [ 110.669260294913329, -7.624680132962726 ], [ 110.668988308123019, -7.624679925029687 ], [ 110.668988238629353, -7.62477038065366 ], [ 110.668625589503733, -7.624770103146102 ], [ 110.668624963306115, -7.625584203716938 ] ] ] } },
{ "type": "Feature", "properties": { "cluster_id": 1763184813, "count": 77, "area_m2": 7700.0000294321217, "area_ha": 0.77000000294321214, "kelas_sawah": "unlabeled", "varietas": "unlabeled", "usia_fase": null, "overlap_ratio": 0.0, "is_ground_truth": false }, "geometry": { "type": "Polygon", "coordinates": [ [ [ 110.668626285204013, -7.623865546924344 ], [ 110.668988933566055, -7.623865824404952 ], [ 110.668988864072389, -7.623956280028924 ], [ 110.669351512524258, -7.623956557204106 ], [ 110.669351651349913, -7.623775645947178 ], [ 110.669442313424696, -7.62377571518932 ], [ 110.669442729775866, -7.623232981391586 ], [ 110.669352067808873, -7.623232912149444 ], [ 110.669352137221694, -7.623142456516488 ], [ 110.669261475272663, -7.623142387256379 ], [ 110.66926154470346, -7.623051931623424 ], [ 110.668989558937227, -7.623051723735301 ], [ 110.668989489452542, -7.623142179368257 ], [ 110.668626841710335, -7.623141901914599 ], [ 110.668626285204013, -7.623865546924344 ] ] ] } },
{ "type": "Feature", "properties": { "cluster_id": 799698761, "count": 79, "area_m2": 7899.9999633969855, "area_ha": 0.78999999633969853, "kelas_sawah": "unlabeled", "varietas": "unlabeled", "usia_fase": null, "overlap_ratio": 0.0, "is_ground_truth": false }, "geometry": { "type": "Polygon", "coordinates": [ [ [ 110.668633098584081, -7.615000893933498 ], [ 110.669358380405129, -7.615001447933517 ], [ 110.669359004338986, -7.61418734690454 ], [ 110.669268344285399, -7.614187277734263 ], [ 110.669268413626355, -7.614096822065375 ], [ 110.668633793368073, -7.614096337307498 ], [ 110.668633098584081, -7.615000893933498 ] ] ] } },
{ "type": "Feature", "properties": { "cluster_id": -600061842, "count": 77, "area_m2": 7699.9999897467205, "area_ha": 0.76999999897467208, "kelas_sawah": "unlabeled", "varietas": "unlabeled", "usia_fase": null, "overlap_ratio": 0.0, "is_ground_truth": false }, "geometry": { "type": "Polygon", "coordinates": [ [ [ 110.668616816385992, -7.636167508317099 ], [ 110.669070139785518, -7.636167855686637 ], [ 110.669070209378006, -7.636077400107579 ], [ 110.669160874039946, -7.636077469529384 ], [ 110.669160804474402, -7.636167925099458 ], [ 110.669342133843202, -7.636168063880186 ], [ 110.669342203372807, -7.63607760830113 ], [ 110.669432868034747, -7.636077677660053 ], [ 110.669433007049037, -7.635896766492956 ], [ 110.669342342423022, -7.635896697143016 ], [ 110.669342829085338, -7.63526350806267 ], [ 110.668980171120296, -7.635263230474265 ], [ 110.668980101518827, -7.635353686053321 ], [ 110.668617443481921, -7.635353408150505 ], [ 110.668616816385992, -7.636167508317099 ] ] ] } },
{ "type": "Feature", "properties": { "cluster_id": -1097906737, "count": 81, "area_m2": 8100.0000369225745, "area_ha": 0.81000000369225744, "kelas_sawah": "unlabeled", "varietas": "unlabeled", "usia_fase": null, "overlap_ratio": 0.0, "is_ground_truth": false }, "geometry": { "type": "Polygon", "coordinates": [ [ [ 110.668528033317287, -7.633725138206865 ], [ 110.66889068997078, -7.633725416127647 ], [ 110.66889075957225, -7.633634960539608 ], [ 110.669072087872038, -7.633635099383218 ], [ 110.669072018306508, -7.633725554971257 ], [ 110.66943467498696, -7.6337258324339 ], [ 110.669435300331173, -7.632911732105608 ], [ 110.669344636333989, -7.632911662773635 ], [ 110.669344705827655, -7.632821207176612 ], [ 110.669254041848433, -7.632821137835655 ], [ 110.669253972336804, -7.632911593423695 ], [ 110.66861932436548, -7.632911107453093 ], [ 110.668618767131534, -7.633634752130462 ], [ 110.668528102990621, -7.633634682627808 ], [ 110.668528033317287, -7.633725138206865 ] ] ] } },
{ "type": "Feature", "properties": { "cluster_id": 1293542891, "count": 87, "area_m2": 8699.9999578704592, "area_ha": 0.8699999957870459, "kelas_sawah": "unlabeled", "varietas": "unlabeled", "usia_fase": null, "overlap_ratio": 0.0, "is_ground_truth": false }, "geometry": { "type": "Polygon", "coordinates": [ [ [ 110.66852873005061, -7.632820582371382 ], [ 110.668619394020851, -7.632820651865052 ], [ 110.66861932436548, -7.632911107453093 ], [ 110.669253972336804, -7.632911593423695 ], [ 110.669254041848433, -7.632821137835655 ], [ 110.669344705827655, -7.632821207176612 ], [ 110.669344636333989, -7.632911662773635 ], [ 110.669435300331173, -7.632911732105608 ], [ 110.669435856136801, -7.632188087338408 ], [ 110.66934519229234, -7.632188018015417 ], [ 110.669345261786006, -7.632097562418394 ], [ 110.668529287374398, -7.632096937667064 ], [ 110.66852873005061, -7.632820582371382 ] ] ] } },
{ "type": "Feature", "properties": { "cluster_id": 471299940, "count": 86, "area_m2": 8599.9999775996548, "area_ha": 0.8599999977599655, "kelas_sawah": "unlabeled", "varietas": "unlabeled", "usia_fase": null, "overlap_ratio": 0.0, "is_ground_truth": false }, "geometry": { "type": "Polygon", "coordinates": [ [ [ 110.668619951191928, -7.632097007160734 ], [ 110.669435925612504, -7.632097631741384 ], [ 110.669436550821985, -7.631283531350212 ], [ 110.669345887166159, -7.631283462036204 ], [ 110.669345956650844, -7.631193006439181 ], [ 110.668892638479505, -7.631192659581684 ], [ 110.668892568896013, -7.631283115178706 ], [ 110.668620577946498, -7.631282906841426 ], [ 110.668619951191928, -7.632097007160734 ] ] ] } },
{ "type": "Feature", "properties": { "cluster_id": -1904881716, "count": 77, "area_m2": 7699.9999949513585, "area_ha": 0.76999999949513587, "kelas_sawah": "unlabeled", "varietas": "unlabeled", "usia_fase": null, "overlap_ratio": 0.0, "is_ground_truth": false }, "geometry": { "type": "Polygon", "coordinates": [ [ [ 110.668529914299654, -7.631282837356738 ], [ 110.668892568896013, -7.631283115178706 ], [ 110.668892638479505, -7.631192659581684 ], [ 110.669345956650844, -7.631193006439181 ], [ 110.669346581959132, -7.630378906021059 ], [ 110.668802601183003, -7.630378489786672 ], [ 110.668802531590515, -7.630468945383694 ], [ 110.668530541153046, -7.630468737010482 ], [ 110.668530471506656, -7.630559192598521 ], [ 110.668621135000791, -7.630559262083208 ], [ 110.66862099574395, -7.630740173268271 ], [ 110.668530332213891, -7.630740103792567 ], [ 110.668530262558519, -7.63083055938959 ], [ 110.668620926115537, -7.630830628865295 ], [ 110.66862071721232, -7.63110199564738 ], [ 110.668530053610397, -7.631101926171675 ], [ 110.668529914299654, -7.631282837356738 ] ] ] } },
{ "type": "Feature", "properties": { "cluster_id": -2075214010, "count": 86, "area_m2": 8599.9999590034713, "area_ha": 0.85999999590034715, "kelas_sawah": "unlabeled", "varietas": "unlabeled", "usia_fase": null, "overlap_ratio": 0.0, "is_ground_truth": false }, "geometry": { "type": "Polygon", "coordinates": [ [ [ 110.668531167943556, -7.629654636628291 ], [ 110.668712494554512, -7.62965477555275 ], [ 110.668712564155982, -7.629564319946744 ], [ 110.66916588061153, -7.62956466691204 ], [ 110.669165811099901, -7.629655122518045 ], [ 110.669347137728835, -7.629655261173009 ], [ 110.669347207195557, -7.629564805567004 ], [ 110.669437870492047, -7.629564874872028 ], [ 110.669438426046156, -7.628841229997029 ], [ 110.669347762902362, -7.628841160700988 ], [ 110.669347832360103, -7.628750705094982 ], [ 110.668803853641123, -7.628750288950426 ], [ 110.668803784066597, -7.628840744556433 ], [ 110.668622457796999, -7.628840605685872 ], [ 110.66862217933722, -7.629202428091931 ], [ 110.668531516130557, -7.62920235862521 ], [ 110.668531167943556, -7.629654636628291 ] ] ] } },
{ "type": "Feature", "properties": { "cluster_id": -1659450985, "count": 84, "area_m2": 8399.9999986606417, "area_ha": 0.83999999986606422, "kelas_sawah": "unlabeled", "varietas": "unlabeled", "usia_fase": null, "overlap_ratio": 0.0, "is_ground_truth": false }, "geometry": { "type": "Polygon", "coordinates": [ [ [ 110.668533047892865, -7.627212335311041 ], [ 110.668714373479744, -7.627212474190585 ], [ 110.66871444305427, -7.627122018575595 ], [ 110.669077094165161, -7.627122296101119 ], [ 110.669077024662499, -7.627212751716108 ], [ 110.669349013051814, -7.62721295965813 ], [ 110.669349707458508, -7.626308403472304 ], [ 110.668533744015335, -7.626307779197081 ], [ 110.668533535192964, -7.626579146033066 ], [ 110.66862419785167, -7.62657921548182 ], [ 110.668624058666694, -7.626760126702816 ], [ 110.668533395963081, -7.626760057263044 ], [ 110.668533047892865, -7.627212335311041 ] ] ] } },
{ "type": "Feature", "properties": { "cluster_id": -731195997, "count": 72, "area_m2": 7199.9999815807678, "area_ha": 0.7199999981580768, "kelas_sawah": "unlabeled", "varietas": "unlabeled", "usia_fase": null, "overlap_ratio": 0.0, "is_ground_truth": false }, "geometry": { "type": "Polygon", "coordinates": [ [ [ 110.668533744015335, -7.626307779197081 ], [ 110.669349707458508, -7.626308403472304 ], [ 110.669350262922791, -7.625584758489508 ], [ 110.668534300854034, -7.62558413428615 ], [ 110.668533744015335, -7.626307779197081 ] ] ] } },
{ "type": "Feature", "properties": { "cluster_id": -1642577614, "count": 84, "area_m2": 8399.9999861777178, "area_ha": 0.83999999861777175, "kelas_sawah": "unlabeled", "varietas": "unlabeled", "usia_fase": null, "overlap_ratio": 0.0, "is_ground_truth": false }, "geometry": { "type": "Polygon", "coordinates": [ [ [ 110.668536179770285, -7.623141832510759 ], [ 110.668989489452542, -7.623142179368257 ], [ 110.668989558937227, -7.623051723735301 ], [ 110.66926154470346, -7.623051931623424 ], [ 110.669261475272663, -7.623142387256379 ], [ 110.669352137221694, -7.623142456516488 ], [ 110.669352692443425, -7.622418811434877 ], [ 110.669443354239732, -7.622418880668036 ], [ 110.669443423616627, -7.622328425026097 ], [ 110.669352761847264, -7.622328355792939 ], [ 110.669352831242122, -7.622237900159983 ], [ 110.66853687550649, -7.622237276226119 ], [ 110.668536597226378, -7.622599098739975 ], [ 110.668627259049643, -7.622599168143814 ], [ 110.668626980823433, -7.622960990657671 ], [ 110.668536318928304, -7.622960921253831 ], [ 110.668536179770285, -7.623141832510759 ] ] ] } },
{ "type": "Feature", "properties": { "cluster_id": 1047169282, "count": 77, "area_m2": 7700.0000481234747, "area_ha": 0.77000000481234743, "kelas_sawah": "unlabeled", "varietas": "unlabeled", "usia_fase": null, "overlap_ratio": 0.0, "is_ground_truth": false }, "geometry": { "type": "Polygon", "coordinates": [ [ [ 110.668537501605286, -7.621423175538502 ], [ 110.669172132634387, -7.62142366089825 ], [ 110.66917206320359, -7.621514116540189 ], [ 110.66926272480228, -7.621514185800297 ], [ 110.669262863627921, -7.621333274516419 ], [ 110.669353525190672, -7.621333343758562 ], [ 110.669354080277657, -7.620609698614069 ], [ 110.66853812762325, -7.620609074814952 ], [ 110.66853798851912, -7.620789986089846 ], [ 110.668628649956119, -7.620790055484703 ], [ 110.668628580417533, -7.620880511117658 ], [ 110.668537918962571, -7.620880441731785 ], [ 110.668537849406022, -7.620970897364741 ], [ 110.668628510878946, -7.620970966750614 ], [ 110.668628302263187, -7.621242333658463 ], [ 110.668537640727379, -7.621242264272591 ], [ 110.668537501605286, -7.621423175538502 ] ] ] } },
{ "type": "Feature", "properties": { "cluster_id": 285129943, "count": 77, "area_m2": 7700.0000058618025, "area_ha": 0.77000000058618023, "kelas_sawah": "unlabeled", "varietas": "unlabeled", "usia_fase": null, "overlap_ratio": 0.0, "is_ground_truth": false }, "geometry": { "type": "Polygon", "coordinates": [ [ [ 110.668628789024297, -7.620609144209808 ], [ 110.669354080277657, -7.620609698614069 ], [ 110.66935401089178, -7.62070015426499 ], [ 110.669444672319784, -7.620700223480183 ], [ 110.669445296577038, -7.619886122657818 ], [ 110.669354635319721, -7.61988605345161 ], [ 110.66935470468762, -7.619795597800687 ], [ 110.668992059748163, -7.61979532077822 ], [ 110.668991990290422, -7.619885776420158 ], [ 110.668629345288082, -7.619885499092264 ], [ 110.668628789024297, -7.620609144209808 ] ] ] } },
{ "type": "Feature", "properties": { "cluster_id": 19040897, "count": 83, "area_m2": 8299.9999416037463, "area_ha": 0.82999999416037462, "kelas_sawah": "unlabeled", "varietas": "unlabeled", "usia_fase": null, "overlap_ratio": 0.0, "is_ground_truth": false }, "geometry": { "type": "Polygon", "coordinates": [ [ [ 110.66853868403075, -7.619885429706391 ], [ 110.668991990290422, -7.619885776420158 ], [ 110.668992059748163, -7.61979532077822 ], [ 110.66935470468762, -7.619795597800687 ], [ 110.669355329034715, -7.618981496960356 ], [ 110.668720701589905, -7.618981012013833 ], [ 110.668720632087243, -7.619071467664756 ], [ 110.668539309922949, -7.619071328937926 ], [ 110.668539031759622, -7.619433151505681 ], [ 110.668629692918131, -7.619433220882571 ], [ 110.668629623388526, -7.619523676524509 ], [ 110.668538962221035, -7.619523607147619 ], [ 110.66853868403075, -7.619885429706391 ] ] ] } },
{ "type": "Feature", "properties": { "cluster_id": 865849343, "count": 79, "area_m2": 7900.0000604850356, "area_ha": 0.79000000604850351, "kelas_sawah": "unlabeled", "varietas": "unlabeled", "usia_fase": null, "overlap_ratio": 0.0, "is_ground_truth": false }, "geometry": { "type": "Polygon", "coordinates": [ [ [ 110.668541812808982, -7.615814925531687 ], [ 110.668813793993806, -7.615815133500658 ], [ 110.668813863451547, -7.615724677840753 ], [ 110.6689951842055, -7.61572481638792 ], [ 110.668995114792679, -7.615815272056808 ], [ 110.669448416794339, -7.615815618105822 ], [ 110.669448763382334, -7.615363339770364 ], [ 110.669358103077229, -7.615363270600087 ], [ 110.669358380405129, -7.615001447933517 ], [ 110.668633098584081, -7.615000893933498 ], [ 110.668632751160644, -7.615453172233024 ], [ 110.668542090846557, -7.61545310290105 ], [ 110.668541812808982, -7.615814925531687 ] ] ] } },
{ "type": "Feature", "properties": { "cluster_id": 1091660409, "count": 78, "area_m2": 7799.9999875715002, "area_ha": 0.77999999875714998, "kelas_sawah": "unlabeled", "varietas": "unlabeled", "usia_fase": null, "overlap_ratio": 0.0, "is_ground_truth": false }, "geometry": { "type": "Polygon", "coordinates": [ [ [ 110.668543133332449, -7.614096267975524 ], [ 110.669268413626355, -7.614096822065375 ], [ 110.669268344285399, -7.614187277734263 ], [ 110.669359004338986, -7.61418734690454 ], [ 110.669359697532954, -7.613282790179726 ], [ 110.66854375873956, -7.61328216698248 ], [ 110.668543480791826, -7.61364398964905 ], [ 110.668634140728628, -7.61364405897204 ], [ 110.668633862843777, -7.61400588163861 ], [ 110.668543202826129, -7.61400581231562 ], [ 110.668543133332449, -7.614096267975524 ] ] ] } },
{ "type": "Feature", "properties": { "cluster_id": -414583943, "count": 78, "area_m2": 7799.9999896832742, "area_ha": 0.77999999896832739, "kelas_sawah": "unlabeled", "varietas": "unlabeled", "usia_fase": null, "overlap_ratio": 0.0, "is_ground_truth": false }, "geometry": { "type": "Polygon", "coordinates": [ [ [ 110.66854375873956, -7.61328216698248 ], [ 110.669359697532954, -7.613282790179726 ], [ 110.669359974780008, -7.612920967477224 ], [ 110.669450634573067, -7.612921036620551 ], [ 110.669450911739276, -7.612559213909066 ], [ 110.669360252018066, -7.612559144765738 ], [ 110.669360321323097, -7.612468689087867 ], [ 110.668997682537082, -7.612468412334894 ], [ 110.66899761315122, -7.612558868003782 ], [ 110.668906953438992, -7.612558798770623 ], [ 110.668907022842831, -7.612468343092751 ], [ 110.668635043769044, -7.612468135276494 ], [ 110.668634626995669, -7.613010869298806 ], [ 110.668543967193614, -7.613010799975815 ], [ 110.66854375873956, -7.61328216698248 ] ] ] } },
{ "type": "Feature", "properties": { "cluster_id": -1944309092, "count": 79, "area_m2": 7900.0000278794323, "area_ha": 0.79000000278794325, "kelas_sawah": "unlabeled", "varietas": "unlabeled", "usia_fase": null, "overlap_ratio": 0.0, "is_ground_truth": false }, "geometry": { "type": "Polygon", "coordinates": [ [ [ 110.668540561509701, -7.617443127293197 ], [ 110.668631222245992, -7.61744319665212 ], [ 110.668631291748653, -7.617352741001199 ], [ 110.668812613185324, -7.617352879656162 ], [ 110.668812543718602, -7.617443335307084 ], [ 110.669356508172342, -7.617443750831802 ], [ 110.669356577522279, -7.617353295171897 ], [ 110.669447238249603, -7.61735336436014 ], [ 110.669447376913539, -7.61717245304033 ], [ 110.669356716222154, -7.617172383852087 ], [ 110.669356854922043, -7.61699147254126 ], [ 110.669447515577488, -7.61699154172052 ], [ 110.669447792887425, -7.616629719071916 ], [ 110.668631847760892, -7.616629095775857 ], [ 110.668631430753962, -7.617171829699354 ], [ 110.66854077008054, -7.617171760340431 ], [ 110.668540561509701, -7.617443127293197 ] ] ] } },
{ "type": "Feature", "properties": { "cluster_id": -1727079279, "count": 86, "area_m2": 8600.0000626742258, "area_ha": 0.86000000626742257, "kelas_sawah": "unlabeled", "varietas": "unlabeled", "usia_fase": null, "overlap_ratio": 0.0, "is_ground_truth": false }, "geometry": { "type": "Polygon", "coordinates": [ [ [ 110.669342133843202, -7.636168063880186 ], [ 110.669886121967551, -7.636168479746264 ], [ 110.669886191380371, -7.636078024167207 ], [ 110.670158185402116, -7.636078231839734 ], [ 110.670158462819842, -7.635716409487576 ], [ 110.670249127418899, -7.635716478666835 ], [ 110.670249404746798, -7.635354656305693 ], [ 110.669977411183197, -7.635354448714014 ], [ 110.669977480569059, -7.635263993116991 ], [ 110.669433493585572, -7.63526357741261 ], [ 110.669433424082925, -7.63535403300065 ], [ 110.669342759564714, -7.63535396365071 ], [ 110.669342342423022, -7.635896697143016 ], [ 110.669433007049037, -7.635896766492956 ], [ 110.669432868034747, -7.636077677660053 ], [ 110.669342203372807, -7.63607760830113 ], [ 110.669342133843202, -7.636168063880186 ] ] ] } },
{ "type": "Feature", "properties": { "cluster_id": -1428707793, "count": 79, "area_m2": 7900.0000256948988, "area_ha": 0.79000000256948988, "kelas_sawah": "unlabeled", "varietas": "unlabeled", "usia_fase": null, "overlap_ratio": 0.0, "is_ground_truth": false }, "geometry": { "type": "Polygon", "coordinates": [ [ [ 110.66935470468762, -7.619795597800687 ], [ 110.669626688414681, -7.6197958053744 ], [ 110.669626619091687, -7.619886261025322 ], [ 110.669717280349019, -7.619886330177632 ], [ 110.669717349654036, -7.61979587452671 ], [ 110.670170655868802, -7.619796220000802 ], [ 110.670170794281219, -7.619615308689975 ], [ 110.670261455484635, -7.619615377725505 ], [ 110.670261732210662, -7.619253555094868 ], [ 110.670171071079096, -7.619253486059338 ], [ 110.670171209482533, -7.619072574739528 ], [ 110.66998988729128, -7.619072436623553 ], [ 110.669989956524446, -7.618981980963649 ], [ 110.669808634387081, -7.618981842775808 ], [ 110.669808565109008, -7.619072298426731 ], [ 110.669355259666801, -7.619071952611279 ], [ 110.66935470468762, -7.619795597800687 ] ] ] } },
{ "type": "Feature", "properties": { "cluster_id": -599856588, "count": 79, "area_m2": 7900.0000168324914, "area_ha": 0.79000000168324913, "kelas_sawah": "unlabeled", "varietas": "unlabeled", "usia_fase": null, "overlap_ratio": 0.0, "is_ground_truth": false }, "geometry": { "type": "Polygon", "coordinates": [ [ [ 110.66943467498696, -7.6337258324339 ], [ 110.669616003331669, -7.633725971043948 ], [ 110.669616072780428, -7.633635515455908 ], [ 110.669706736930323, -7.633635584733983 ], [ 110.66970666749954, -7.633726040331005 ], [ 110.66988799585323, -7.633726178833256 ], [ 110.669888065239107, -7.633635723236234 ], [ 110.669978729397982, -7.633635792460409 ], [ 110.669978660030083, -7.633726248048449 ], [ 110.670159988383773, -7.633726386442901 ], [ 110.670160057715748, -7.633635930845879 ], [ 110.670250721874638, -7.633636000007172 ], [ 110.670251137749702, -7.633093266407068 ], [ 110.670160473707597, -7.633093197254757 ], [ 110.670160612362565, -7.632912286051728 ], [ 110.670069948356385, -7.632912216872469 ], [ 110.670070017697341, -7.632821761275445 ], [ 110.669798025741727, -7.632821553629867 ], [ 110.669797956337888, -7.632912009226891 ], [ 110.669435300331173, -7.632911732105608 ], [ 110.66943467498696, -7.6337258324339 ] ] ] } },
{ "type": "Feature", "properties": { "cluster_id": -395871620, "count": 76, "area_m2": 7600.0000055151759, "area_ha": 0.76000000055151762, "kelas_sawah": "unlabeled", "varietas": "unlabeled", "usia_fase": null, "overlap_ratio": 0.0, "is_ground_truth": false }, "geometry": { "type": "Polygon", "coordinates": [ [ [ 110.669435995088222, -7.632007176144362 ], [ 110.670161305583477, -7.6320077300276 ], [ 110.670161582857475, -7.631645907603575 ], [ 110.670252246594146, -7.631645976755886 ], [ 110.670252523769335, -7.631284154322878 ], [ 110.670161860104528, -7.63128408517955 ], [ 110.670161929418526, -7.631193629573544 ], [ 110.670071265771682, -7.63119356041225 ], [ 110.670071335103657, -7.631103104806244 ], [ 110.669980671474789, -7.631103035626984 ], [ 110.669980602133833, -7.631193491232991 ], [ 110.669527283926556, -7.631193145040246 ], [ 110.66952721447781, -7.631283600646253 ], [ 110.669436550821985, -7.631283531350212 ], [ 110.669435995088222, -7.632007176144362 ] ] ] } },
{ "type": "Feature", "properties": { "cluster_id": 1950761071, "count": 89, "area_m2": 8900.000056719, "area_ha": 0.89000000567189996, "kelas_sawah": "unlabeled", "varietas": "unlabeled", "usia_fase": null, "overlap_ratio": 0.0, "is_ground_truth": false }, "geometry": { "type": "Polygon", "coordinates": [ [ [ 110.669347762902362, -7.628841160700988 ], [ 110.670163731214416, -7.628841783646704 ], [ 110.67016435477997, -7.628027683066885 ], [ 110.670073691797882, -7.628027613941525 ], [ 110.670073761102898, -7.627937158317552 ], [ 110.66934845746178, -7.627936604578045 ], [ 110.669347762902362, -7.628841160700988 ] ] ] } },
{ "type": "Feature", "properties": { "cluster_id": -364672098, "count": 60, "area_m2": 6000.0000054336851, "area_ha": 0.60000000054336855, "kelas_sawah": "unlabeled", "varietas": "unlabeled", "usia_fase": null, "overlap_ratio": 0.0, "is_ground_truth": false }, "geometry": { "type": "Polygon", "coordinates": [ [ [ 110.669432381453291, -7.636710866713449 ], [ 110.670248364686344, -7.636711490135274 ], [ 110.670248434036282, -7.636621034547233 ], [ 110.670339098823987, -7.636621103717511 ], [ 110.670339306783973, -7.636349736962375 ], [ 110.670248642059164, -7.636349667792097 ], [ 110.670248780732081, -7.636168756616017 ], [ 110.670158116043197, -7.636168687427775 ], [ 110.670158185402116, -7.636078231839734 ], [ 110.669886191380371, -7.636078024167207 ], [ 110.669886121967551, -7.636168479746264 ], [ 110.669432798523104, -7.636168133239109 ], [ 110.669432381453291, -7.636710866713449 ] ] ] } },
{ "type": "Feature", "properties": { "cluster_id": -635402023, "count": 78, "area_m2": 7800.0000302275294, "area_ha": 0.78000000302275296, "kelas_sawah": "unlabeled", "varietas": "unlabeled", "usia_fase": null, "overlap_ratio": 0.0, "is_ground_truth": false }, "geometry": { "type": "Polygon", "coordinates": [ [ [ 110.66934519229234, -7.632188018015417 ], [ 110.669435856136801, -7.632188087338408 ], [ 110.669435300331173, -7.632911732105608 ], [ 110.669797956337888, -7.632912009226891 ], [ 110.669798025741727, -7.632821553629867 ], [ 110.670070017697341, -7.632821761275445 ], [ 110.670069948356385, -7.632912216872469 ], [ 110.670160612362565, -7.632912286051728 ], [ 110.670161305583477, -7.6320077300276 ], [ 110.669435995088222, -7.632007176144362 ], [ 110.669435925612504, -7.632097631741384 ], [ 110.669345261786006, -7.632097562418394 ], [ 110.66934519229234, -7.632188018015417 ] ] ] } },
{ "type": "Feature", "properties": { "cluster_id": -1196583851, "count": 80, "area_m2": 8000.0000002566958, "area_ha": 0.80000000002566962, "kelas_sawah": "unlabeled", "varietas": "unlabeled", "usia_fase": null, "overlap_ratio": 0.0, "is_ground_truth": false }, "geometry": { "type": "Polygon", "coordinates": [ [ [ 110.669345887166159, -7.631283462036204 ], [ 110.66952721447781, -7.631283600646253 ], [ 110.669527283926556, -7.631193145040246 ], [ 110.669980602133833, -7.631193491232991 ], [ 110.669980671474789, -7.631103035626984 ], [ 110.670071335103657, -7.631103104806244 ], [ 110.670071265771682, -7.63119356041225 ], [ 110.670161929418526, -7.631193629573544 ], [ 110.670162553181711, -7.630379529083556 ], [ 110.669618572360662, -7.630379113882232 ], [ 110.66961850293886, -7.630469569488239 ], [ 110.669437175968568, -7.630469430932089 ], [ 110.669437245426309, -7.630378975326082 ], [ 110.669346581959132, -7.630378906021059 ], [ 110.669345887166159, -7.631283462036204 ] ] ] } },
{ "type": "Feature", "properties": { "cluster_id": -1040867410, "count": 75, "area_m2": 7499.9999380408553, "area_ha": 0.74999999380408555, "kelas_sawah": "unlabeled", "varietas": "unlabeled", "usia_fase": null, "overlap_ratio": 0.0, "is_ground_truth": false }, "geometry": { "type": "Polygon", "coordinates": [ [ [ 110.669346581959132, -7.630378906021059 ], [ 110.669437245426309, -7.630378975326082 ], [ 110.669437175968568, -7.630469430932089 ], [ 110.66961850293886, -7.630469569488239 ], [ 110.669618572360662, -7.630379113882232 ], [ 110.670162553181711, -7.630379529083556 ], [ 110.670162691782778, -7.630198617862561 ], [ 110.670253355223011, -7.630198686996906 ], [ 110.670253493788138, -7.63001777577591 ], [ 110.670162830383845, -7.630017706641565 ], [ 110.670163107576997, -7.629655884190591 ], [ 110.669437801043301, -7.629655330478034 ], [ 110.669437731594542, -7.629745786084039 ], [ 110.669347068262113, -7.629745716787999 ], [ 110.669346581959132, -7.630378906021059 ] ] ] } },
{ "type": "Feature", "properties": { "cluster_id": -1651401296, "count": 82, "area_m2": 8199.9999968631892, "area_ha": 0.81999999968631887, "kelas_sawah": "unlabeled", "varietas": "unlabeled", "usia_fase": null, "overlap_ratio": 0.0, "is_ground_truth": false }, "geometry": { "type": "Polygon", "coordinates": [ [ [ 110.669347068262113, -7.629745716787999 ], [ 110.669437731594542, -7.629745786084039 ], [ 110.669437801043301, -7.629655330478034 ], [ 110.670253770900445, -7.629655953315953 ], [ 110.670254325098085, -7.628932308378072 ], [ 110.670163661927347, -7.628932239261694 ], [ 110.670163731214416, -7.628841783646704 ], [ 110.669438426046156, -7.628841229997029 ], [ 110.669437870492047, -7.629564874872028 ], [ 110.669347207195557, -7.629564805567004 ], [ 110.669347068262113, -7.629745716787999 ] ] ] } },
{ "type": "Feature", "properties": { "cluster_id": 147135424, "count": 78, "area_m2": 7799.9999852236942, "area_ha": 0.77999999852236945, "kelas_sawah": "unlabeled", "varietas": "unlabeled", "usia_fase": null, "overlap_ratio": 0.0, "is_ground_truth": false }, "geometry": { "type": "Polygon", "coordinates": [ [ [ 110.66934887416329, -7.627393870888109 ], [ 110.669439537001651, -7.627393940166184 ], [ 110.669439120416925, -7.627936673865102 ], [ 110.670073761102898, -7.627937158317552 ], [ 110.670073691797882, -7.628027613941525 ], [ 110.67016435477997, -7.628027683066885 ], [ 110.670164493345098, -7.627846771827924 ], [ 110.670255156282266, -7.627846840935319 ], [ 110.670255641085063, -7.627213651567511 ], [ 110.670164978273661, -7.6272135824691 ], [ 110.670165047551734, -7.627123126845127 ], [ 110.669802396404904, -7.627122850235885 ], [ 110.669802327054967, -7.627213305850875 ], [ 110.669349013051814, -7.62721295965813 ], [ 110.66934887416329, -7.627393870888109 ] ] ] } },
{ "type": "Feature", "properties": { "cluster_id": 544858665, "count": 85, "area_m2": 8500.0000348157482, "area_ha": 0.85000000348157478, "kelas_sawah": "unlabeled", "varietas": "unlabeled", "usia_fase": null, "overlap_ratio": 0.0, "is_ground_truth": false }, "geometry": { "type": "Polygon", "coordinates": [ [ [ 110.669349013051814, -7.62721295965813 ], [ 110.669802327054967, -7.627213305850875 ], [ 110.669802396404904, -7.627122850235885 ], [ 110.670165047551734, -7.627123126845127 ], [ 110.670164978273661, -7.6272135824691 ], [ 110.670255641085063, -7.627213651567511 ], [ 110.670256195094069, -7.626490006557765 ], [ 110.670165532435377, -7.626489937459354 ], [ 110.670165601704468, -7.626399481835382 ], [ 110.669349638018744, -7.626398859087294 ], [ 110.669349013051814, -7.62721295965813 ] ] ] } },
{ "type": "Feature", "properties": { "cluster_id": 1780393953, "count": 70, "area_m2": 7000.0000154666486, "area_ha": 0.70000000154666486, "kelas_sawah": "unlabeled", "varietas": "unlabeled", "usia_fase": null, "overlap_ratio": 0.0, "is_ground_truth": false }, "geometry": { "type": "Polygon", "coordinates": [ [ [ 110.669350262922791, -7.625584758489508 ], [ 110.669803575219134, -7.625585104610387 ], [ 110.669803644551109, -7.625494648986415 ], [ 110.670166294323508, -7.625494925532775 ], [ 110.670166848359457, -7.624771280469131 ], [ 110.669441550045349, -7.624770727115899 ], [ 110.669441064200512, -7.625403916501672 ], [ 110.669350401784371, -7.625403847241564 ], [ 110.669350262922791, -7.625584758489508 ] ] ] } },
{ "type": "Feature", "properties": { "cluster_id": 677626060, "count": 84, "area_m2": 8400.0000058097066, "area_ha": 0.84000000058097068, "kelas_sawah": "unlabeled", "varietas": "unlabeled", "usia_fase": null, "overlap_ratio": 0.0, "is_ground_truth": false }, "geometry": { "type": "Polygon", "coordinates": [ [ [ 110.669350887754973, -7.624770657864773 ], [ 110.670166848359457, -7.624771280469131 ], [ 110.670167194597127, -7.624319002295369 ], [ 110.670257856797676, -7.624319071375814 ], [ 110.670258064479185, -7.624047704458982 ], [ 110.670167402332538, -7.624047635378536 ], [ 110.670167540825801, -7.623866724103642 ], [ 110.669714230326079, -7.623866378440904 ], [ 110.669714160985123, -7.623956834082843 ], [ 110.66944217463498, -7.623956626455231 ], [ 110.669441827651724, -7.624408904602042 ], [ 110.66935116544218, -7.624408835350917 ], [ 110.669350887754973, -7.624770657864773 ] ] ] } },
{ "type": "Feature", "properties": { "cluster_id": 1703822150, "count": 87, "area_m2": 8699.9999929501791, "area_ha": 0.86999999929501792, "kelas_sawah": "unlabeled", "varietas": "unlabeled", "usia_fase": null, "overlap_ratio": 0.0, "is_ground_truth": false }, "geometry": { "type": "Polygon", "coordinates": [ [ [ 110.669352137221694, -7.623142456516488 ], [ 110.669533461101778, -7.623142594973823 ], [ 110.669533530469693, -7.623052139340867 ], [ 110.670258825900206, -7.623052692415621 ], [ 110.670258964330586, -7.622871781122761 ], [ 110.670168302435471, -7.622871712060282 ], [ 110.670168440901776, -7.622690800776405 ], [ 110.67025910276098, -7.622690869838883 ], [ 110.670259379603777, -7.622329047262145 ], [ 110.670168717816452, -7.622328978199667 ], [ 110.670168787049604, -7.622238522557727 ], [ 110.669443492993508, -7.622237969393142 ], [ 110.669443354239732, -7.622418880668036 ], [ 110.669352692443425, -7.622418811434877 ], [ 110.669352137221694, -7.623142456516488 ] ] ] } },
{ "type": "Feature", "properties": { "cluster_id": 612822654, "count": 73, "area_m2": 7300.0000617155456, "area_ha": 0.73000000617155458, "kelas_sawah": "unlabeled", "varietas": "unlabeled", "usia_fase": null, "overlap_ratio": 0.0, "is_ground_truth": false }, "geometry": { "type": "Polygon", "coordinates": [ [ [ 110.669352761847264, -7.622328355792939 ], [ 110.669443423616627, -7.622328425026097 ], [ 110.669443492993508, -7.622237969393142 ], [ 110.670168787049604, -7.622238522557727 ], [ 110.670169340834036, -7.621514877377302 ], [ 110.669353386400957, -7.621514255042439 ], [ 110.669352761847264, -7.622328355792939 ] ] ] } },
{ "type": "Feature", "properties": { "cluster_id": -1039597404, "count": 90, "area_m2": 8999.999980283319, "area_ha": 0.89999999802833186, "kelas_sawah": "unlabeled", "varietas": "unlabeled", "usia_fase": null, "overlap_ratio": 0.0, "is_ground_truth": false }, "geometry": { "type": "Polygon", "coordinates": [ [ [ 110.66926272480228, -7.621514185800297 ], [ 110.670260002441708, -7.621514946430797 ], [ 110.670260210042358, -7.621243579487015 ], [ 110.670169548497583, -7.621243510433519 ], [ 110.670169617712773, -7.621153054782598 ], [ 110.670260279248566, -7.621153123836093 ], [ 110.670260556028495, -7.620791301232406 ], [ 110.670169894573547, -7.62079123217891 ], [ 110.670169963788737, -7.620700776527988 ], [ 110.66935401089178, -7.62070015426499 ], [ 110.669353525190672, -7.621333343758562 ], [ 110.669262863627921, -7.621333274516419 ], [ 110.66926272480228, -7.621514185800297 ] ] ] } },
{ "type": "Feature", "properties": { "cluster_id": -2063126117, "count": 85, "area_m2": 8500.0000395238749, "area_ha": 0.85000000395238751, "kelas_sawah": "unlabeled", "varietas": "unlabeled", "usia_fase": null, "overlap_ratio": 0.0, "is_ground_truth": false }, "geometry": { "type": "Polygon", "coordinates": [ [ [ 110.669355259666801, -7.619071952611279 ], [ 110.669808565109008, -7.619072298426731 ], [ 110.669808634387081, -7.618981842775808 ], [ 110.669989956524446, -7.618981980963649 ], [ 110.66998988729128, -7.619072436623553 ], [ 110.670171209482533, -7.619072574739528 ], [ 110.670171486262461, -7.618710752108892 ], [ 110.670262147277242, -7.618710821135438 ], [ 110.670262216456493, -7.618620365475532 ], [ 110.670171555459689, -7.618620296448986 ], [ 110.670171901409887, -7.618168018140477 ], [ 110.66971859690193, -7.618167672738251 ], [ 110.669718527623857, -7.618258128398156 ], [ 110.669355883951013, -7.618257851735015 ], [ 110.669355259666801, -7.619071952611279 ] ] ] } },
{ "type": "Feature", "properties": { "cluster_id": 1416340155, "count": 84, "area_m2": 8399.9999980191933, "area_ha": 0.83999999980191931, "kelas_sawah": "unlabeled", "varietas": "unlabeled", "usia_fase": null, "overlap_ratio": 0.0, "is_ground_truth": false }, "geometry": { "type": "Polygon", "coordinates": [ [ [ 110.669265223035055, -7.618257782519822 ], [ 110.669718527623857, -7.618258128398156 ], [ 110.66971859690193, -7.618167672738251 ], [ 110.670081240511891, -7.618167949095965 ], [ 110.670081378924309, -7.617987037776155 ], [ 110.67017203978638, -7.617987106811684 ], [ 110.670172524077131, -7.6173539171654 ], [ 110.669991202613502, -7.617353779076375 ], [ 110.669991133398312, -7.617444234745262 ], [ 110.669900472644045, -7.617444165664817 ], [ 110.669900541886193, -7.617353710004912 ], [ 110.669537898976913, -7.617353433521434 ], [ 110.669537829653919, -7.617443889181339 ], [ 110.669447168908647, -7.617443820020045 ], [ 110.669447238249603, -7.61735336436014 ], [ 110.669356577522279, -7.617353295171897 ], [ 110.669356092027783, -7.617986484773266 ], [ 110.669265431174708, -7.617986415558073 ], [ 110.669265223035055, -7.618257782519822 ] ] ] } },
{ "type": "Feature", "properties": { "cluster_id": 2003812446, "count": 70, "area_m2": 6999.9999767524414, "area_ha": 0.69999999767524412, "kelas_sawah": "unlabeled", "varietas": "unlabeled", "usia_fase": null, "overlap_ratio": 0.0, "is_ground_truth": false }, "geometry": { "type": "Polygon", "coordinates": [ [ [ 110.669356716222154, -7.617172383852087 ], [ 110.669447376913539, -7.61717245304033 ], [ 110.669447168908647, -7.617443820020045 ], [ 110.669537829653919, -7.617443889181339 ], [ 110.669537898976913, -7.617353433521434 ], [ 110.669900541886193, -7.617353710004912 ], [ 110.669900472644045, -7.617444165664817 ], [ 110.669991133398312, -7.617444234745262 ], [ 110.669991202613502, -7.617353779076375 ], [ 110.670172524077131, -7.6173539171654 ], [ 110.670172800794163, -7.61699209449883 ], [ 110.670263461458603, -7.616992163516393 ], [ 110.670263599772213, -7.616811252178617 ], [ 110.670172939152692, -7.616811183161054 ], [ 110.670173077502227, -7.61663027183226 ], [ 110.669447792887425, -7.616629719071916 ], [ 110.669447515577488, -7.61699154172052 ], [ 110.669356854922043, -7.61699147254126 ], [ 110.669356716222154, -7.617172383852087 ] ] ] } },
{ "type": "Feature", "properties": { "cluster_id": 1905165894, "count": 89, "area_m2": 8899.9999867638689, "area_ha": 0.88999999867638691, "kelas_sawah": "unlabeled", "varietas": "unlabeled", "usia_fase": null, "overlap_ratio": 0.0, "is_ground_truth": false }, "geometry": { "type": "Polygon", "coordinates": [ [ [ 110.669357132312811, -7.616629649892657 ], [ 110.670173077502227, -7.61663027183226 ], [ 110.670173769204993, -7.615725715125412 ], [ 110.669448486117318, -7.615725162436934 ], [ 110.669448416794339, -7.615815618105822 ], [ 110.669357756390411, -7.615815548926562 ], [ 110.669357132312811, -7.616629649892657 ] ] ] } },
{ "type": "Feature", "properties": { "cluster_id": -763505261, "count": 74, "area_m2": 7400.0000282083056, "area_ha": 0.74000000282083056, "kelas_sawah": "unlabeled", "varietas": "unlabeled", "usia_fase": null, "overlap_ratio": 0.0, "is_ground_truth": false }, "geometry": { "type": "Polygon", "coordinates": [ [ [ 110.669358103077229, -7.615363270600087 ], [ 110.669448763382334, -7.615363339770364 ], [ 110.669448486117318, -7.615725162436934 ], [ 110.670083108819028, -7.615725646107848 ], [ 110.670083316374786, -7.615454279092201 ], [ 110.670173976706835, -7.615454348109764 ], [ 110.670174391674607, -7.614911614060502 ], [ 110.669358449728108, -7.614910992264629 ], [ 110.669358103077229, -7.615363270600087 ] ] ] } },
{ "type": "Feature", "properties": { "cluster_id": -414682443, "count": 79, "area_m2": 7899.9999797102646, "area_ha": 0.78999999797102649, "kelas_sawah": "unlabeled", "varietas": "unlabeled", "usia_fase": null, "overlap_ratio": 0.0, "is_ground_truth": false }, "geometry": { "type": "Polygon", "coordinates": [ [ [ 110.66935907366198, -7.614096891235652 ], [ 110.670175014063361, -7.61409751295966 ], [ 110.670175221511315, -7.613826145926046 ], [ 110.670265881502004, -7.613826214907677 ], [ 110.670266088887075, -7.613554847856096 ], [ 110.670175428950273, -7.613554778883449 ], [ 110.670175636389246, -7.613283411831868 ], [ 110.669994316632426, -7.613283273823692 ], [ 110.669994247453161, -7.613373729501562 ], [ 110.66963160788562, -7.613373453242663 ], [ 110.66963167714573, -7.613282997564792 ], [ 110.669450357397892, -7.613282859323053 ], [ 110.669450288101856, -7.613373315000924 ], [ 110.669359628218956, -7.613373245848614 ], [ 110.66935907366198, -7.614096891235652 ] ] ] } },
{ "type": "Feature", "properties": { "cluster_id": -1996267535, "count": 78, "area_m2": 7799.9999410583405, "area_ha": 0.77999999410583409, "kelas_sawah": "unlabeled", "varietas": "unlabeled", "usia_fase": null, "overlap_ratio": 0.0, "is_ground_truth": false }, "geometry": { "type": "Polygon", "coordinates": [ [ [ 110.669359628218956, -7.613373245848614 ], [ 110.669450288101856, -7.613373315000924 ], [ 110.669450357397892, -7.613282859323053 ], [ 110.66963167714573, -7.613282997564792 ], [ 110.66963160788562, -7.613373453242663 ], [ 110.669994247453161, -7.613373729501562 ], [ 110.669994316632426, -7.613283273823692 ], [ 110.670175636389246, -7.613283411831868 ], [ 110.670175705532571, -7.613192956153997 ], [ 110.670266365388528, -7.613193025126645 ], [ 110.670266710997367, -7.612740746701355 ], [ 110.670176051231238, -7.612740677728707 ], [ 110.670176189508908, -7.612559766363982 ], [ 110.669450911739276, -7.612559213909066 ], [ 110.669450634573067, -7.612921036620551 ], [ 110.669359974780008, -7.612920967477224 ], [ 110.669359628218956, -7.613373245848614 ] ] ] } },
{ "type": "Feature", "properties": { "cluster_id": -1298409263, "count": 9, "area_m2": 900.00000363215804, "area_ha": 0.090000000363215801, "kelas_sawah": "unlabeled", "varietas": "unlabeled", "usia_fase": null, "overlap_ratio": 0.0, "is_ground_truth": false }, "geometry": { "type": "Polygon", "coordinates": [ [ [ 110.669360252018066, -7.612559144765738 ], [ 110.670176189508908, -7.612559766363982 ], [ 110.670176258643252, -7.612469310677128 ], [ 110.669360321323097, -7.612468689087867 ], [ 110.669360252018066, -7.612559144765738 ] ] ] } },
{ "type": "Feature", "properties": { "cluster_id": 203508957, "count": 74, "area_m2": 7399.9999701438355, "area_ha": 0.73999999701438357, "kelas_sawah": "unlabeled", "varietas": "unlabeled", "usia_fase": null, "overlap_ratio": 0.0, "is_ground_truth": false }, "geometry": { "type": "Polygon", "coordinates": [ [ [ 110.669342759564714, -7.63535396365071 ], [ 110.669433424082925, -7.63535403300065 ], [ 110.669433493585572, -7.63526357741261 ], [ 110.669977480569059, -7.635263993116991 ], [ 110.669977411183197, -7.635354448714014 ], [ 110.670158740219605, -7.635354587126433 ], [ 110.670158948269432, -7.63508322035333 ], [ 110.670249612733741, -7.635083289532591 ], [ 110.670249751388695, -7.634902378347528 ], [ 110.670159086960325, -7.634902309168267 ], [ 110.670159225651219, -7.634721397983204 ], [ 110.670249890043664, -7.634721467162465 ], [ 110.670250028689651, -7.634540555968419 ], [ 110.669434049570867, -7.634539932735241 ], [ 110.669433702084547, -7.634992210666457 ], [ 110.669343037647195, -7.634992141316517 ], [ 110.669342759564714, -7.63535396365071 ] ] ] } },
{ "type": "Feature", "properties": { "cluster_id": 1551157525, "count": 81, "area_m2": 8099.9999463034328, "area_ha": 0.80999999463034333, "kelas_sawah": "unlabeled", "varietas": "unlabeled", "usia_fase": null, "overlap_ratio": 0.0, "is_ground_truth": false }, "geometry": { "type": "Polygon", "coordinates": [ [ [ 110.669343385223343, -7.634539863385301 ], [ 110.670159364333131, -7.634540486798142 ], [ 110.670159711037925, -7.634088208822011 ], [ 110.670250375295609, -7.634088277992287 ], [ 110.670250721874638, -7.633636000007172 ], [ 110.670160057715748, -7.633635930845879 ], [ 110.670159988383773, -7.633726386442901 ], [ 110.669978660030083, -7.633726248048449 ], [ 110.669978729397982, -7.633635792460409 ], [ 110.669888065239107, -7.633635723236234 ], [ 110.66988799585323, -7.633726178833256 ], [ 110.66970666749954, -7.633726040331005 ], [ 110.669706736930323, -7.633635584733983 ], [ 110.669616072780428, -7.633635515455908 ], [ 110.669616003331669, -7.633725971043948 ], [ 110.66943467498696, -7.6337258324339 ], [ 110.669434188558213, -7.634359021559161 ], [ 110.669343524246614, -7.634358952218204 ], [ 110.669343385223343, -7.634539863385301 ] ] ] } },
{ "type": "Feature", "properties": { "cluster_id": -637513568, "count": 90, "area_m2": 9000.0000301774708, "area_ha": 0.90000000301774707, "kelas_sawah": "unlabeled", "varietas": "unlabeled", "usia_fase": null, "overlap_ratio": 0.0, "is_ground_truth": false }, "geometry": { "type": "Polygon", "coordinates": [ [ [ 110.669349638018744, -7.626398859087294 ], [ 110.670165601704468, -7.626399481835382 ], [ 110.670165948022969, -7.62594720368857 ], [ 110.670256610564891, -7.625947272777998 ], [ 110.670256956766607, -7.625494994622204 ], [ 110.669803644551109, -7.625494648986415 ], [ 110.669803575219134, -7.625585104610387 ], [ 110.669350262922791, -7.625584758489508 ], [ 110.669349638018744, -7.626398859087294 ] ] ] } },
{ "type": "Feature", "properties": { "cluster_id": -1541147950, "count": 82, "area_m2": 8199.9999876547372, "area_ha": 0.81999999876547369, "kelas_sawah": "unlabeled", "varietas": "unlabeled", "usia_fase": null, "overlap_ratio": 0.0, "is_ground_truth": false }, "geometry": { "type": "Polygon", "coordinates": [ [ [ 110.669351512524258, -7.623956557204106 ], [ 110.669714160985123, -7.623956834082843 ], [ 110.669714230326079, -7.623866378440904 ], [ 110.670167540825801, -7.623866724103642 ], [ 110.670167817785384, -7.623504901544869 ], [ 110.67025847981526, -7.623504970625315 ], [ 110.670258825900206, -7.623052692415621 ], [ 110.669533530469693, -7.623052139340867 ], [ 110.669533461101778, -7.623142594973823 ], [ 110.669352137221694, -7.623142456516488 ], [ 110.669352067808873, -7.623232912149444 ], [ 110.669442729775866, -7.623232981391586 ], [ 110.669442313424696, -7.62377571518932 ], [ 110.669351651349913, -7.623775645947178 ], [ 110.669351512524258, -7.623956557204106 ] ] ] } },
{ "type": "Feature", "properties": { "cluster_id": -2075861271, "count": 83, "area_m2": 8299.9999765868415, "area_ha": 0.82999999765868415, "kelas_sawah": "unlabeled", "varietas": "unlabeled", "usia_fase": null, "overlap_ratio": 0.0, "is_ground_truth": false }, "geometry": { "type": "Polygon", "coordinates": [ [ [ 110.669354635319721, -7.61988605345161 ], [ 110.669445296577038, -7.619886122657818 ], [ 110.669444672319784, -7.620700223480183 ], [ 110.670169963788737, -7.620700776527988 ], [ 110.670170240631535, -7.6203389539243 ], [ 110.670260901987675, -7.620339022968813 ], [ 110.670261040373148, -7.620158111657986 ], [ 110.670170379043952, -7.620158042613474 ], [ 110.670170586671574, -7.619886675651724 ], [ 110.670261247928892, -7.619886744687254 ], [ 110.670261317117138, -7.619796289036332 ], [ 110.669717349654036, -7.61979587452671 ], [ 110.669717280349019, -7.619886330177632 ], [ 110.669626619091687, -7.619886261025322 ], [ 110.669626688414681, -7.6197958053744 ], [ 110.66935470468762, -7.619795597800687 ], [ 110.669354635319721, -7.61988605345161 ] ] ] } },
{ "type": "Feature", "properties": { "cluster_id": -1591835407, "count": 89, "area_m2": 8900.0000238372013, "area_ha": 0.89000000238372012, "kelas_sawah": "unlabeled", "varietas": "unlabeled", "usia_fase": null, "overlap_ratio": 0.0, "is_ground_truth": false }, "geometry": { "type": "Polygon", "coordinates": [ [ [ 110.669358449728108, -7.614910992264629 ], [ 110.670174391674607, -7.614911614060502 ], [ 110.670174460826914, -7.614821158382631 ], [ 110.670265121033211, -7.614821227373245 ], [ 110.670265674107966, -7.614097581950274 ], [ 110.66935907366198, -7.614096891235652 ], [ 110.669358449728108, -7.614910992264629 ] ] ] } },
{ "type": "Feature", "properties": { "cluster_id": 1257277009, "count": 1, "area_m2": 99.999999764549685, "area_ha": 0.009999999976454968, "kelas_sawah": "unlabeled", "varietas": "unlabeled", "usia_fase": null, "overlap_ratio": 0.0, "is_ground_truth": false }, "geometry": { "type": "Polygon", "coordinates": [ [ [ 110.670266849230117, -7.612559835336629 ], [ 110.670357508960308, -7.612559904282327 ], [ 110.670357578058713, -7.612469448595473 ], [ 110.67026691835548, -7.612469379649775 ], [ 110.670266849230117, -7.612559835336629 ] ] ] } },
{ "type": "Feature", "properties": { "cluster_id": 1766519625, "count": 84, "area_m2": 8400.0000008690404, "area_ha": 0.84000000008690401, "kelas_sawah": "unlabeled", "varietas": "unlabeled", "usia_fase": null, "overlap_ratio": 0.0, "is_ground_truth": false }, "geometry": { "type": "Polygon", "coordinates": [ [ [ 110.670081240511891, -7.618167949095965 ], [ 110.670171901409887, -7.618168018140477 ], [ 110.670171832221641, -7.618258473800383 ], [ 110.670625136846382, -7.618258818735486 ], [ 110.670625205944788, -7.618168363066597 ], [ 110.670987849581707, -7.618168638660744 ], [ 110.670988125642964, -7.61780681598519 ], [ 110.671078786478091, -7.617806884832074 ], [ 110.671078993458906, -7.617535517816426 ], [ 110.670988332686676, -7.617535448969543 ], [ 110.670988401695254, -7.617444993291672 ], [ 110.670625758669203, -7.617444717724475 ], [ 110.670625827749646, -7.617354262055587 ], [ 110.67044450627705, -7.617354124155208 ], [ 110.670444437151687, -7.617444579824095 ], [ 110.670172454897866, -7.617444372834288 ], [ 110.67017203978638, -7.617987106811684 ], [ 110.670081378924309, -7.617987037776155 ], [ 110.670081240511891, -7.618167949095965 ] ] ] } },
{ "type": "Feature", "properties": { "cluster_id": 1737538599, "count": 81, "area_m2": 8100.0000089383684, "area_ha": 0.81000000089383684, "kelas_sawah": "unlabeled", "varietas": "unlabeled", "usia_fase": null, "overlap_ratio": 0.0, "is_ground_truth": false }, "geometry": { "type": "Polygon", "coordinates": [ [ [ 110.670165601704468, -7.626399481835382 ], [ 110.670618914890142, -7.62639982712981 ], [ 110.670618984060425, -7.626309371496855 ], [ 110.671072297174234, -7.62630971632416 ], [ 110.671072711611998, -7.625766982499477 ], [ 110.670982049097034, -7.625766913580728 ], [ 110.670982187275882, -7.625586002296851 ], [ 110.670710199865738, -7.625585795423824 ], [ 110.670710269009064, -7.625495339790868 ], [ 110.670528944113883, -7.625495201782691 ], [ 110.670528874925637, -7.625585657415646 ], [ 110.670256887533455, -7.625585450255159 ], [ 110.670256610564891, -7.625947272777998 ], [ 110.670165948022969, -7.62594720368857 ], [ 110.670165601704468, -7.626399481835382 ] ] ] } },
{ "type": "Feature", "properties": { "cluster_id": -1234813520, "count": 83, "area_m2": 8299.9999951611971, "area_ha": 0.82999999951611969, "kelas_sawah": "unlabeled", "varietas": "unlabeled", "usia_fase": null, "overlap_ratio": 0.0, "is_ground_truth": false }, "geometry": { "type": "Polygon", "coordinates": [ [ [ 110.670167471583653, -7.62395717974558 ], [ 110.67062078220016, -7.623957524932211 ], [ 110.670620851343486, -7.623867069290273 ], [ 110.670983499777392, -7.623867345100014 ], [ 110.670983637920315, -7.623686433807154 ], [ 110.671074299986131, -7.623686502707936 ], [ 110.671074714280152, -7.623143768820371 ], [ 110.670712066448118, -7.623143493109444 ], [ 110.670712135573481, -7.623053037467505 ], [ 110.670349487831274, -7.623052761460134 ], [ 110.670349418634046, -7.623143217102073 ], [ 110.670258756685016, -7.623143148057561 ], [ 110.67025847981526, -7.623504970625315 ], [ 110.670167817785384, -7.623504901544869 ], [ 110.670167471583653, -7.62395717974558 ] ] ] } },
{ "type": "Feature", "properties": { "cluster_id": -852739336, "count": 87, "area_m2": 8699.9999614796252, "area_ha": 0.86999999614796253, "kelas_sawah": "unlabeled", "varietas": "unlabeled", "usia_fase": null, "overlap_ratio": 0.0, "is_ground_truth": false }, "geometry": { "type": "Polygon", "coordinates": [ [ [ 110.670083108819028, -7.615725646107848 ], [ 110.670173769204993, -7.615725715125412 ], [ 110.670173700043691, -7.6158161707943 ], [ 110.670627002099252, -7.615816515612622 ], [ 110.670627071170713, -7.615726059934751 ], [ 110.670899052355537, -7.615726266601165 ], [ 110.670898983346959, -7.615816722279036 ], [ 110.670989643759867, -7.61581679112592 ], [ 110.670990264693359, -7.615002689998128 ], [ 110.670718283957697, -7.615002483412562 ], [ 110.670718353002201, -7.61491202773469 ], [ 110.670174391674607, -7.614911614060502 ], [ 110.670173976706835, -7.615454348109764 ], [ 110.670083316374786, -7.615454279092201 ], [ 110.670083108819028, -7.615725646107848 ] ] ] } },
{ "type": "Feature", "properties": { "cluster_id": 233036514, "count": 88, "area_m2": 8800.0000067715882, "area_ha": 0.88000000067715878, "kelas_sawah": "unlabeled", "varietas": "unlabeled", "usia_fase": null, "overlap_ratio": 0.0, "is_ground_truth": false }, "geometry": { "type": "Polygon", "coordinates": [ [ [ 110.670166294323508, -7.625494925532775 ], [ 110.670256956766607, -7.625494994622204 ], [ 110.670256887533455, -7.625585450255159 ], [ 110.670528874925637, -7.625585657415646 ], [ 110.670528944113883, -7.625495201782691 ], [ 110.670710269009064, -7.625495339790868 ], [ 110.670710199865738, -7.625585795423824 ], [ 110.670982187275882, -7.625586002296851 ], [ 110.67098225636532, -7.625495546663895 ], [ 110.671072918817401, -7.625495615582643 ], [ 110.67107347132621, -7.624771970447133 ], [ 110.670801484428097, -7.624771763654955 ], [ 110.670801553544479, -7.624681308013017 ], [ 110.670620228981676, -7.624681170058738 ], [ 110.670620159829369, -7.624771625700677 ], [ 110.670166848359457, -7.624771280469131 ], [ 110.670166294323508, -7.625494925532775 ] ] ] } },
{ "type": "Feature", "properties": { "cluster_id": 1115986606, "count": 81, "area_m2": 8099.9999880380346, "area_ha": 0.80999999880380347, "kelas_sawah": "unlabeled", "varietas": "unlabeled", "usia_fase": null, "overlap_ratio": 0.0, "is_ground_truth": false }, "geometry": { "type": "Polygon", "coordinates": [ [ [ 110.670175636389246, -7.613283411831868 ], [ 110.670900915434487, -7.613283963127959 ], [ 110.670900846443871, -7.613374418814812 ], [ 110.670991506344748, -7.61337448764373 ], [ 110.670991644290041, -7.613193576261038 ], [ 110.671082304154979, -7.613193645071989 ], [ 110.671082786801804, -7.612560455228074 ], [ 110.670810807602265, -7.612560248768273 ], [ 110.670810876610844, -7.612469793072435 ], [ 110.670357578058713, -7.612469448595473 ], [ 110.670357508960308, -7.612559904282327 ], [ 110.670266849230117, -7.612559835336629 ], [ 110.67026691835548, -7.612469379649775 ], [ 110.670176258643252, -7.612469310677128 ], [ 110.670176051231238, -7.612740677728707 ], [ 110.670266710997367, -7.612740746701355 ], [ 110.670266365388528, -7.613193025126645 ], [ 110.670175705532571, -7.613192956153997 ], [ 110.670175636389246, -7.613283411831868 ] ] ] } },
{ "type": "Feature", "properties": { "cluster_id": -1761523540, "count": 85, "area_m2": 8500.0000228750287, "area_ha": 0.85000000228750283, "kelas_sawah": "unlabeled", "varietas": "unlabeled", "usia_fase": null, "overlap_ratio": 0.0, "is_ground_truth": false }, "geometry": { "type": "Polygon", "coordinates": [ [ [ 110.670159364333131, -7.634540486798142 ], [ 110.670340693037176, -7.634540625129713 ], [ 110.670340762342192, -7.634450169532689 ], [ 110.670975412685067, -7.634450653068858 ], [ 110.670975343514797, -7.634541108674863 ], [ 110.671066007871303, -7.63454117767446 ], [ 110.671066561062844, -7.633817532844378 ], [ 110.670975896859034, -7.633817463853764 ], [ 110.670975966020336, -7.633727008247758 ], [ 110.670885301834502, -7.633726939230194 ], [ 110.670885371013767, -7.633636483624189 ], [ 110.670250721874638, -7.633636000007172 ], [ 110.670250375295609, -7.634088277992287 ], [ 110.670159711037925, -7.634088208822011 ], [ 110.670159364333131, -7.634540486798142 ] ] ] } },
{ "type": "Feature", "properties": { "cluster_id": 1411866067, "count": 78, "area_m2": 7799.9999469899922, "area_ha": 0.77999999469899917, "kelas_sawah": "unlabeled", "varietas": "unlabeled", "usia_fase": null, "overlap_ratio": 0.0, "is_ground_truth": false }, "geometry": { "type": "Polygon", "coordinates": [ [ [ 110.670160612362565, -7.632912286051728 ], [ 110.670341940374897, -7.632912424347366 ], [ 110.670342009661951, -7.632821968750343 ], [ 110.670432673650154, -7.632822037866721 ], [ 110.670432604381062, -7.632912493472728 ], [ 110.670523268396224, -7.632912562571139 ], [ 110.670523337638357, -7.632822106965133 ], [ 110.670976657606317, -7.632822452178713 ], [ 110.670977210815821, -7.632098807303715 ], [ 110.670886546971346, -7.632098738304117 ], [ 110.67088661614163, -7.632008282689129 ], [ 110.670614624680084, -7.63200807558254 ], [ 110.670614555455899, -7.632098531197529 ], [ 110.670161236269479, -7.632098185633605 ], [ 110.670160612362565, -7.632912286051728 ] ] ] } },
{ "type": "Feature", "properties": { "cluster_id": 1928155623, "count": 90, "area_m2": 9000.0000242172973, "area_ha": 0.90000000242172973, "kelas_sawah": "unlabeled", "varietas": "unlabeled", "usia_fase": null, "overlap_ratio": 0.0, "is_ground_truth": false }, "geometry": { "type": "Polygon", "coordinates": [ [ [ 110.670173077502227, -7.61663027183226 ], [ 110.670989022763493, -7.616630892226762 ], [ 110.670989229771266, -7.616359525193148 ], [ 110.671079890300959, -7.616359594031048 ], [ 110.671080304172776, -7.615816859954837 ], [ 110.670898983346959, -7.615816722279036 ], [ 110.670899052355537, -7.615726266601165 ], [ 110.670627071170713, -7.615726059934751 ], [ 110.670627002099252, -7.615816515612622 ], [ 110.670173700043691, -7.6158161707943 ], [ 110.670173077502227, -7.61663027183226 ] ] ] } },
{ "type": "Feature", "properties": { "cluster_id": -1616875184, "count": 90, "area_m2": 8999.9999524294981, "area_ha": 0.89999999524294982, "kelas_sawah": "unlabeled", "varietas": "unlabeled", "usia_fase": null, "overlap_ratio": 0.0, "is_ground_truth": false }, "geometry": { "type": "Polygon", "coordinates": [ [ [ 110.670158116043197, -7.636168687427775 ], [ 110.670248780732081, -7.636168756616017 ], [ 110.67024871140012, -7.636259212204058 ], [ 110.670339376106966, -7.636259281374334 ], [ 110.67033944542996, -7.636168825786295 ], [ 110.670974098306075, -7.636169309430261 ], [ 110.670974167494322, -7.636078853833237 ], [ 110.671064832174224, -7.636078922850801 ], [ 110.671065385473554, -7.635355278074617 ], [ 110.670974720946361, -7.635355209066037 ], [ 110.670974790125626, -7.635264753469014 ], [ 110.670612132097702, -7.635264477246047 ], [ 110.670612062837606, -7.63535493284307 ], [ 110.670249404746798, -7.635354656305693 ], [ 110.670249127418899, -7.635716478666835 ], [ 110.670158462819842, -7.635716409487576 ], [ 110.670158116043197, -7.636168687427775 ] ] ] } },
{ "type": "Feature", "properties": { "cluster_id": -648563043, "count": 83, "area_m2": 8299.9999903826392, "area_ha": 0.82999999903826394, "kelas_sawah": "unlabeled", "varietas": "unlabeled", "usia_fase": null, "overlap_ratio": 0.0, "is_ground_truth": false }, "geometry": { "type": "Polygon", "coordinates": [ [ [ 110.670158740219605, -7.635354587126433 ], [ 110.670612062837606, -7.63535493284307 ], [ 110.670612132097702, -7.635264477246047 ], [ 110.670974790125626, -7.635264753469014 ], [ 110.67097513600396, -7.634812475474916 ], [ 110.671065800414368, -7.634812544474513 ], [ 110.671066007871303, -7.63454117767446 ], [ 110.670975343514797, -7.634541108674863 ], [ 110.670975412685067, -7.634450653068858 ], [ 110.670340762342192, -7.634450169532689 ], [ 110.670340693037176, -7.634540625129713 ], [ 110.670250028689651, -7.634540555968419 ], [ 110.670249890043664, -7.634721467162465 ], [ 110.670159225651219, -7.634721397983204 ], [ 110.670159086960325, -7.634902309168267 ], [ 110.670249751388695, -7.634902378347528 ], [ 110.670249612733741, -7.635083289532591 ], [ 110.670158948269432, -7.63508322035333 ], [ 110.670158740219605, -7.635354587126433 ] ] ] } },
{ "type": "Feature", "properties": { "cluster_id": 1905653306, "count": 76, "area_m2": 7599.9999930569902, "area_ha": 0.75999999930569906, "kelas_sawah": "unlabeled", "varietas": "unlabeled", "usia_fase": null, "overlap_ratio": 0.0, "is_ground_truth": false }, "geometry": { "type": "Polygon", "coordinates": [ [ [ 110.670160473707597, -7.633093197254757 ], [ 110.670251137749702, -7.633093266407068 ], [ 110.670250721874638, -7.633636000007172 ], [ 110.670976035181624, -7.633636552641752 ], [ 110.670976311826806, -7.633274730217727 ], [ 110.671066975913817, -7.633274799208341 ], [ 110.671067252469157, -7.632912976775334 ], [ 110.67097658845401, -7.632912907793703 ], [ 110.670976657606317, -7.632822452178713 ], [ 110.670523337638357, -7.632822106965133 ], [ 110.670523268396224, -7.632912562571139 ], [ 110.670432604381062, -7.632912493472728 ], [ 110.670432673650154, -7.632822037866721 ], [ 110.670342009661951, -7.632821968750343 ], [ 110.670341940374897, -7.632912424347366 ], [ 110.670160612362565, -7.632912286051728 ], [ 110.670160473707597, -7.633093197254757 ] ] ] } },
{ "type": "Feature", "properties": { "cluster_id": -823890134, "count": 76, "area_m2": 7599.9999623044278, "area_ha": 0.75999999623044279, "kelas_sawah": "unlabeled", "varietas": "unlabeled", "usia_fase": null, "overlap_ratio": 0.0, "is_ground_truth": false }, "geometry": { "type": "Polygon", "coordinates": [ [ [ 110.670161236269479, -7.632098185633605 ], [ 110.670614555455899, -7.632098531197529 ], [ 110.670614624680084, -7.63200807558254 ], [ 110.67088661614163, -7.632008282689129 ], [ 110.670886546971346, -7.632098738304117 ], [ 110.670977210815821, -7.632098807303715 ], [ 110.670977556541445, -7.631646529237751 ], [ 110.671068220296078, -7.631646598219382 ], [ 110.671068358537823, -7.631465686989404 ], [ 110.670977694828096, -7.631465618016756 ], [ 110.670977833114748, -7.631284706786778 ], [ 110.670252523769335, -7.631284154322878 ], [ 110.670252246594146, -7.631645976755886 ], [ 110.670161582857475, -7.631645907603575 ], [ 110.670161236269479, -7.632098185633605 ] ] ] } },
{ "type": "Feature", "properties": { "cluster_id": -1589798711, "count": 90, "area_m2": 9000.0000511598773, "area_ha": 0.90000000511598777, "kelas_sawah": "unlabeled", "varietas": "unlabeled", "usia_fase": null, "overlap_ratio": 0.0, "is_ground_truth": false }, "geometry": { "type": "Polygon", "coordinates": [ [ [ 110.670161860104528, -7.63128408517955 ], [ 110.670977833114748, -7.631284706786778 ], [ 110.670978524476169, -7.630380150618918 ], [ 110.670162553181711, -7.630379529083556 ], [ 110.670161860104528, -7.63128408517955 ] ] ] } },
{ "type": "Feature", "properties": { "cluster_id": 1787234274, "count": 71, "area_m2": 7099.9999205957283, "area_ha": 0.70999999205957287, "kelas_sawah": "unlabeled", "varietas": "unlabeled", "usia_fase": null, "overlap_ratio": 0.0, "is_ground_truth": false }, "geometry": { "type": "Polygon", "coordinates": [ [ [ 110.670163661927347, -7.628932239261694 ], [ 110.670254325098085, -7.628932308378072 ], [ 110.670253770900445, -7.629655953315953 ], [ 110.670344434223892, -7.629656022423347 ], [ 110.670344503484003, -7.629565566808358 ], [ 110.670979146622372, -7.629566050030116 ], [ 110.670979423114844, -7.629204227543209 ], [ 110.671070086348465, -7.629204296497891 ], [ 110.671070293652676, -7.628932929625973 ], [ 110.670979630472957, -7.628932860671292 ], [ 110.670979768705706, -7.628751949423347 ], [ 110.670798442436109, -7.628751811469069 ], [ 110.670798373283802, -7.628842267093042 ], [ 110.670163731214416, -7.628841783646704 ], [ 110.670163661927347, -7.628932239261694 ] ] ] } },
{ "type": "Feature", "properties": { "cluster_id": 593689127, "count": 80, "area_m2": 8000.0000065009226, "area_ha": 0.80000000065009225, "kelas_sawah": "unlabeled", "varietas": "unlabeled", "usia_fase": null, "overlap_ratio": 0.0, "is_ground_truth": false }, "geometry": { "type": "Polygon", "coordinates": [ [ [ 110.670166848359457, -7.624771280469131 ], [ 110.670620159829369, -7.624771625700677 ], [ 110.670620228981676, -7.624681170058738 ], [ 110.670801553544479, -7.624681308013017 ], [ 110.670801484428097, -7.624771763654955 ], [ 110.670982809026839, -7.624771901537368 ], [ 110.670983499777392, -7.623867345100014 ], [ 110.670620851343486, -7.623867069290273 ], [ 110.67062078220016, -7.623957524932211 ], [ 110.670167471583653, -7.62395717974558 ], [ 110.670167402332538, -7.624047635378536 ], [ 110.670258064479185, -7.624047704458982 ], [ 110.670257856797676, -7.624319071375814 ], [ 110.670167194597127, -7.624319002295369 ], [ 110.670166848359457, -7.624771280469131 ] ] ] } },
{ "type": "Feature", "properties": { "cluster_id": 172635174, "count": 84, "area_m2": 8400.0000636695768, "area_ha": 0.84000000636695771, "kelas_sawah": "unlabeled", "varietas": "unlabeled", "usia_fase": null, "overlap_ratio": 0.0, "is_ground_truth": false }, "geometry": { "type": "Polygon", "coordinates": [ [ [ 110.670168717816452, -7.622328978199667 ], [ 110.67062202672615, -7.622329323314432 ], [ 110.670622095860494, -7.62223886766351 ], [ 110.671075404689347, -7.622239212302169 ], [ 110.671075887920097, -7.621606022718766 ], [ 110.670985226285481, -7.62160595383595 ], [ 110.670985295338966, -7.621515498176045 ], [ 110.670169340834036, -7.621514877377302 ], [ 110.670168717816452, -7.622328978199667 ] ] ] } },
{ "type": "Feature", "properties": { "cluster_id": -1850618671, "count": 81, "area_m2": 8099.9999381726957, "area_ha": 0.80999999381726961, "kelas_sawah": "unlabeled", "varietas": "unlabeled", "usia_fase": null, "overlap_ratio": 0.0, "is_ground_truth": false }, "geometry": { "type": "Polygon", "coordinates": [ [ [ 110.670169548497583, -7.621243510433519 ], [ 110.670260210042358, -7.621243579487015 ], [ 110.670260002441708, -7.621514946430797 ], [ 110.670985295338966, -7.621515498176045 ], [ 110.670985640570521, -7.621063219894486 ], [ 110.671076302097333, -7.621063288777302 ], [ 110.671076371123888, -7.620972833117397 ], [ 110.670985709615024, -7.620972764243565 ], [ 110.670985778659542, -7.620882308583659 ], [ 110.671076440141448, -7.620882377457492 ], [ 110.671076509167989, -7.620791921797587 ], [ 110.67098584770406, -7.620791852923754 ], [ 110.6709859857841, -7.620610941603944 ], [ 110.670623340099027, -7.620610665919966 ], [ 110.670623270982659, -7.620701121570888 ], [ 110.670532609536679, -7.620701052607224 ], [ 110.670532678671023, -7.620610596947319 ], [ 110.670442017252, -7.620610527956705 ], [ 110.670441948099693, -7.620700983616611 ], [ 110.670169963788737, -7.620700776527988 ], [ 110.670169894573547, -7.62079123217891 ], [ 110.670260556028495, -7.620791301232406 ], [ 110.670260279248566, -7.621153123836093 ], [ 110.670169617712773, -7.621153054782598 ], [ 110.670169548497583, -7.621243510433519 ] ] ] } },
{ "type": "Feature", "properties": { "cluster_id": 474099378, "count": 81, "area_m2": 8100.000008069037, "area_ha": 0.81000000080690371, "kelas_sawah": "unlabeled", "varietas": "unlabeled", "usia_fase": null, "overlap_ratio": 0.0, "is_ground_truth": false }, "geometry": { "type": "Polygon", "coordinates": [ [ [ 110.670169963788737, -7.620700776527988 ], [ 110.670441948099693, -7.620700983616611 ], [ 110.670442017252, -7.620610527956705 ], [ 110.670532678671023, -7.620610596947319 ], [ 110.670532609536679, -7.620701052607224 ], [ 110.670623270982659, -7.620701121570888 ], [ 110.670623340099027, -7.620610665919966 ], [ 110.670895324365077, -7.620610872712145 ], [ 110.670895393427557, -7.62052041705224 ], [ 110.670986054828617, -7.620520485944039 ], [ 110.670986607121833, -7.619796840655815 ], [ 110.670261317117138, -7.619796289036332 ], [ 110.670261247928892, -7.619886744687254 ], [ 110.670170586671574, -7.619886675651724 ], [ 110.670170379043952, -7.620158042613474 ], [ 110.670261040373148, -7.620158111657986 ], [ 110.670260901987675, -7.620339022968813 ], [ 110.670170240631535, -7.6203389539243 ], [ 110.670169963788737, -7.620700776527988 ] ] ] } },
{ "type": "Feature", "properties": { "cluster_id": -550121555, "count": 79, "area_m2": 7900.0000689702574, "area_ha": 0.79000000689702576, "kelas_sawah": "unlabeled", "varietas": "unlabeled", "usia_fase": null, "overlap_ratio": 0.0, "is_ground_truth": false }, "geometry": { "type": "Polygon", "coordinates": [ [ [ 110.670170655868802, -7.619796220000802 ], [ 110.670986607121833, -7.619796840655815 ], [ 110.670986952272528, -7.619344562338324 ], [ 110.671077613431038, -7.619344631203173 ], [ 110.671077751448195, -7.619163719865397 ], [ 110.670987090334606, -7.61916365100953 ], [ 110.670987228387702, -7.618982739671754 ], [ 110.67017127867976, -7.618982119079623 ], [ 110.670171071079096, -7.619253486059338 ], [ 110.670261732210662, -7.619253555094868 ], [ 110.670261455484635, -7.619615377725505 ], [ 110.670170794281219, -7.619615308689975 ], [ 110.670170655868802, -7.619796220000802 ] ] ] } },
{ "type": "Feature", "properties": { "cluster_id": 590987539, "count": 75, "area_m2": 7499.9999777917401, "area_ha": 0.74999999777917403, "kelas_sawah": "unlabeled", "varietas": "unlabeled", "usia_fase": null, "overlap_ratio": 0.0, "is_ground_truth": false }, "geometry": { "type": "Polygon", "coordinates": [ [ [ 110.67017127867976, -7.618982119079623 ], [ 110.670987228387702, -7.618982739671754 ], [ 110.670987849581707, -7.618168638660744 ], [ 110.670625205944788, -7.618168363066597 ], [ 110.670625136846382, -7.618258818735486 ], [ 110.670171832221641, -7.618258473800383 ], [ 110.670171555459689, -7.618620296448986 ], [ 110.670262216456493, -7.618620365475532 ], [ 110.670262147277242, -7.618710821135438 ], [ 110.670171486262461, -7.618710752108892 ], [ 110.67017127867976, -7.618982119079623 ] ] ] } },
{ "type": "Feature", "properties": { "cluster_id": 1956916847, "count": 82, "area_m2": 8199.9999910575571, "area_ha": 0.81999999910575572, "kelas_sawah": "unlabeled", "varietas": "unlabeled", "usia_fase": null, "overlap_ratio": 0.0, "is_ground_truth": false }, "geometry": { "type": "Polygon", "coordinates": [ [ [ 110.670172454897866, -7.617444372834288 ], [ 110.670444437151687, -7.617444579824095 ], [ 110.67044450627705, -7.617354124155208 ], [ 110.670625827749646, -7.617354262055587 ], [ 110.670625758669203, -7.617444717724475 ], [ 110.671079062458503, -7.617445062138555 ], [ 110.671079407402587, -7.616992783767165 ], [ 110.670988746738161, -7.616992714929264 ], [ 110.670989022763493, -7.616630892226762 ], [ 110.670173077502227, -7.61663027183226 ], [ 110.670172939152692, -7.616811183161054 ], [ 110.670263599772213, -7.616811252178617 ], [ 110.670263461458603, -7.616992163516393 ], [ 110.670172800794163, -7.61699209449883 ], [ 110.670172454897866, -7.617444372834288 ] ] ] } },
{ "type": "Feature", "properties": { "cluster_id": 681018854, "count": 83, "area_m2": 8299.9999931899947, "area_ha": 0.82999999931899948, "kelas_sawah": "unlabeled", "varietas": "unlabeled", "usia_fase": null, "overlap_ratio": 0.0, "is_ground_truth": false }, "geometry": { "type": "Polygon", "coordinates": [ [ [ 110.670174391674607, -7.614911614060502 ], [ 110.670718353002201, -7.61491202773469 ], [ 110.670718283957697, -7.615002483412562 ], [ 110.67108092493558, -7.615002758818062 ], [ 110.671080993908234, -7.614912303140191 ], [ 110.671171654132493, -7.614912371942158 ], [ 110.671171723078189, -7.614821916255304 ], [ 110.671081062871892, -7.614821847453336 ], [ 110.671081545626535, -7.614188657654338 ], [ 110.670990885554986, -7.614188588834404 ], [ 110.670990954527625, -7.614098133147549 ], [ 110.670537654259718, -7.614097788787368 ], [ 110.670537585188256, -7.614188244474223 ], [ 110.670265604982603, -7.614188037628145 ], [ 110.670265121033211, -7.614821227373245 ], [ 110.670174460826914, -7.614821158382631 ], [ 110.670174391674607, -7.614911614060502 ] ] ] } },
{ "type": "Feature", "properties": { "cluster_id": -1286945607, "count": 50, "area_m2": 4999.9999859242234, "area_ha": 0.49999999859242233, "kelas_sawah": "unlabeled", "varietas": "unlabeled", "usia_fase": null, "overlap_ratio": 0.0, "is_ground_truth": false }, "geometry": { "type": "Polygon", "coordinates": [ [ [ 110.670248364686344, -7.636711490135274 ], [ 110.671064347991276, -7.636712112011995 ], [ 110.671064763012936, -7.636169378447824 ], [ 110.67033944542996, -7.636168825786295 ], [ 110.670339376106966, -7.636259281374334 ], [ 110.67024871140012, -7.636259212204058 ], [ 110.670248642059164, -7.636349667792097 ], [ 110.670339306783973, -7.636349736962375 ], [ 110.670339098823987, -7.636621103717511 ], [ 110.670248434036282, -7.636621034547233 ], [ 110.670248364686344, -7.636711490135274 ] ] ] } },
{ "type": "Feature", "properties": { "cluster_id": -1334736274, "count": 83, "area_m2": 8299.9999947674223, "area_ha": 0.82999999947674219, "kelas_sawah": "unlabeled", "varietas": "unlabeled", "usia_fase": null, "overlap_ratio": 0.0, "is_ground_truth": false }, "geometry": { "type": "Polygon", "coordinates": [ [ [ 110.670162553181711, -7.630379529083556 ], [ 110.670978524476169, -7.630380150618918 ], [ 110.670978731861226, -7.630108783755984 ], [ 110.671069395292477, -7.630108852719649 ], [ 110.671069809936839, -7.62956611899378 ], [ 110.670344503484003, -7.629565566808358 ], [ 110.670344434223892, -7.629656022423347 ], [ 110.670163107576997, -7.629655884190591 ], [ 110.670162830383845, -7.630017706641565 ], [ 110.670253493788138, -7.63001777577591 ], [ 110.670253355223011, -7.630198686996906 ], [ 110.670162691782778, -7.630198617862561 ], [ 110.670162553181711, -7.630379529083556 ] ] ] } },
{ "type": "Feature", "properties": { "cluster_id": -1367428379, "count": 85, "area_m2": 8500.0000151750282, "area_ha": 0.85000000151750288, "kelas_sawah": "unlabeled", "varietas": "unlabeled", "usia_fase": null, "overlap_ratio": 0.0, "is_ground_truth": false }, "geometry": { "type": "Polygon", "coordinates": [ [ [ 110.670163731214416, -7.628841783646704 ], [ 110.670798373283802, -7.628842267093042 ], [ 110.670798442436109, -7.628751811469069 ], [ 110.670979768705706, -7.628751949423347 ], [ 110.67097990693847, -7.628571038166419 ], [ 110.671070570037344, -7.6285711071211 ], [ 110.67107098460086, -7.628028373350316 ], [ 110.67016435477997, -7.628027683066885 ], [ 110.670163731214416, -7.628841783646704 ] ] ] } },
{ "type": "Feature", "properties": { "cluster_id": 1310297085, "count": 83, "area_m2": 8300.0000040250598, "area_ha": 0.83000000040250599, "kelas_sawah": "unlabeled", "varietas": "unlabeled", "usia_fase": null, "overlap_ratio": 0.0, "is_ground_truth": false }, "geometry": { "type": "Polygon", "coordinates": [ [ [ 110.67016435477997, -7.628027683066885 ], [ 110.67107098460086, -7.628028373350316 ], [ 110.671071606387756, -7.627214272671682 ], [ 110.670255641085063, -7.627213651567511 ], [ 110.670255156282266, -7.627846840935319 ], [ 110.670164493345098, -7.627846771827924 ], [ 110.67016435477997, -7.628027683066885 ] ] ] } },
{ "type": "Feature", "properties": { "cluster_id": 398803580, "count": 88, "area_m2": 8800.0000130650005, "area_ha": 0.88000000130650002, "kelas_sawah": "unlabeled", "varietas": "unlabeled", "usia_fase": null, "overlap_ratio": 0.0, "is_ground_truth": false }, "geometry": { "type": "Polygon", "coordinates": [ [ [ 110.670165532435377, -7.626489937459354 ], [ 110.670256195094069, -7.626490006557765 ], [ 110.670255641085063, -7.627213651567511 ], [ 110.671071606387756, -7.627214272671682 ], [ 110.67107215902233, -7.626490627599054 ], [ 110.671162821690004, -7.62649069650882 ], [ 110.671162890743503, -7.626400240866881 ], [ 110.671072228102773, -7.626400171957116 ], [ 110.671072297174234, -7.62630971632416 ], [ 110.670618984060425, -7.626309371496855 ], [ 110.670618914890142, -7.62639982712981 ], [ 110.670165601704468, -7.626399481835382 ], [ 110.670165532435377, -7.626489937459354 ] ] ] } },
{ "type": "Feature", "properties": { "cluster_id": 1499585692, "count": 84, "area_m2": 8400.0000060244929, "area_ha": 0.84000000060244928, "kelas_sawah": "unlabeled", "varietas": "unlabeled", "usia_fase": null, "overlap_ratio": 0.0, "is_ground_truth": false }, "geometry": { "type": "Polygon", "coordinates": [ [ [ 110.670168302435471, -7.622871712060282 ], [ 110.670258964330586, -7.622871781122761 ], [ 110.670258756685016, -7.623143148057561 ], [ 110.670349418634046, -7.623143217102073 ], [ 110.670349487831274, -7.623052761460134 ], [ 110.670712135573481, -7.623053037467505 ], [ 110.670712066448118, -7.623143493109444 ], [ 110.671074714280152, -7.623143768820371 ], [ 110.671075404689347, -7.622239212302169 ], [ 110.670622095860494, -7.62223886766351 ], [ 110.67062202672615, -7.622329323314432 ], [ 110.670259379603777, -7.622329047262145 ], [ 110.67025910276098, -7.622690869838883 ], [ 110.670168440901776, -7.622690800776405 ], [ 110.670168302435471, -7.622871712060282 ] ] ] } },
{ "type": "Feature", "properties": { "cluster_id": -795612418, "count": 85, "area_m2": 8500.0000203578384, "area_ha": 0.85000000203578385, "kelas_sawah": "unlabeled", "varietas": "unlabeled", "usia_fase": null, "overlap_ratio": 0.0, "is_ground_truth": false }, "geometry": { "type": "Polygon", "coordinates": [ [ [ 110.670175014063361, -7.61409751295966 ], [ 110.670265674107966, -7.614097581950274 ], [ 110.670265604982603, -7.614188037628145 ], [ 110.670537585188256, -7.614188244474223 ], [ 110.670537654259718, -7.614097788787368 ], [ 110.670990954527625, -7.614098133147549 ], [ 110.670991230445168, -7.613736310400131 ], [ 110.67108189042689, -7.613736379211081 ], [ 110.671082235200288, -7.613284100758843 ], [ 110.670991575317387, -7.613284031956876 ], [ 110.670991506344748, -7.61337448764373 ], [ 110.670900846443871, -7.613374418814812 ], [ 110.670900915434487, -7.613283963127959 ], [ 110.670175636389246, -7.613283411831868 ], [ 110.670175428950273, -7.613554778883449 ], [ 110.670266088887075, -7.613554847856096 ], [ 110.670265881502004, -7.613826214907677 ], [ 110.670175221511315, -7.613826145926046 ], [ 110.670175014063361, -7.61409751295966 ] ] ] } },
{ "type": "Feature", "properties": { "cluster_id": 1257277009, "count": 3, "area_m2": 300.00001014675951, "area_ha": 0.03000000101467595, "kelas_sawah": "unlabeled", "varietas": "unlabeled", "usia_fase": null, "overlap_ratio": 0.0, "is_ground_truth": false }, "geometry": { "type": "Polygon", "coordinates": [ [ [ 110.670810807602265, -7.612560248768273 ], [ 110.671082786801804, -7.612560455228074 ], [ 110.671082855747514, -7.612469999532236 ], [ 110.670810876610844, -7.612469793072435 ], [ 110.670810807602265, -7.612560248768273 ] ] ] } },
{ "type": "Feature", "properties": { "cluster_id": 932696856, "count": 2, "area_m2": 200.00000414380338, "area_ha": 0.020000000414380339, "kelas_sawah": "unlabeled", "varietas": "unlabeled", "usia_fase": null, "overlap_ratio": 0.0, "is_ground_truth": false }, "geometry": { "type": "Polygon", "coordinates": [ [ [ 110.671082786801804, -7.612560455228074 ], [ 110.671264106271167, -7.612560592769127 ], [ 110.671264175180937, -7.61247013707329 ], [ 110.671082855747514, -7.612469999532236 ], [ 110.671082786801804, -7.612560455228074 ] ] ] } },
{ "type": "Feature", "properties": { "cluster_id": 1571316257, "count": 76, "area_m2": 7600.0000237234053, "area_ha": 0.76000000237234056, "kelas_sawah": "unlabeled", "varietas": "unlabeled", "usia_fase": null, "overlap_ratio": 0.0, "is_ground_truth": false }, "geometry": { "type": "Polygon", "coordinates": [ [ [ 110.670979699589338, -7.62884240504732 ], [ 110.671795668036125, -7.628843024911815 ], [ 110.671796288520454, -7.628028924206231 ], [ 110.671524299547244, -7.628028717773379 ], [ 110.67152436853786, -7.627938262140423 ], [ 110.671433705564752, -7.627938193293541 ], [ 110.671433636556173, -7.628028648926496 ], [ 110.67107098460086, -7.628028373350316 ], [ 110.671070570037344, -7.6285711071211 ], [ 110.67097990693847, -7.628571038166419 ], [ 110.670979699589338, -7.62884240504732 ] ] ] } },
{ "type": "Feature", "properties": { "cluster_id": -1926559875, "count": 83, "area_m2": 8299.9999761822983, "area_ha": 0.82999999761822985, "kelas_sawah": "unlabeled", "varietas": "unlabeled", "usia_fase": null, "overlap_ratio": 0.0, "is_ground_truth": false }, "geometry": { "type": "Polygon", "coordinates": [ [ [ 110.670885301834502, -7.633726939230194 ], [ 110.670975966020336, -7.633727008247758 ], [ 110.670975896859034, -7.633817463853764 ], [ 110.671066561062844, -7.633817532844378 ], [ 110.67106663020617, -7.633727077238372 ], [ 110.671791943728749, -7.633727628507512 ], [ 110.671792357654468, -7.633184894835543 ], [ 110.671883021741493, -7.633184963646493 ], [ 110.671883090705151, -7.633094508031504 ], [ 110.671792426645084, -7.633094439220553 ], [ 110.671792564617334, -7.632913527990575 ], [ 110.671611236569063, -7.632913390296808 ], [ 110.671611305595604, -7.632822934681819 ], [ 110.67133931359507, -7.632822728015404 ], [ 110.671339244514627, -7.632913183621411 ], [ 110.671067252469157, -7.632912976775334 ], [ 110.671066975913817, -7.633274799208341 ], [ 110.670976311826806, -7.633274730217727 ], [ 110.670976035181624, -7.633636552641752 ], [ 110.670885371013767, -7.633636483624189 ], [ 110.670885301834502, -7.633726939230194 ] ] ] } },
{ "type": "Feature", "properties": { "cluster_id": 2074768216, "count": 87, "area_m2": 8700.0000005713082, "area_ha": 0.87000000005713085, "kelas_sawah": "unlabeled", "varietas": "unlabeled", "usia_fase": null, "overlap_ratio": 0.0, "is_ground_truth": false }, "geometry": { "type": "Polygon", "coordinates": [ [ [ 110.670895324365077, -7.620610872712145 ], [ 110.6709859857841, -7.620610941603944 ], [ 110.67098584770406, -7.620791852923754 ], [ 110.671167170631932, -7.620791990653453 ], [ 110.671167239640511, -7.620701534993549 ], [ 110.671620546870358, -7.620701878994403 ], [ 110.671620615780128, -7.620611423325515 ], [ 110.671711277217113, -7.620611492073584 ], [ 110.671711414991734, -7.620430580735808 ], [ 110.671802076383798, -7.620430649456926 ], [ 110.671802489572897, -7.619887915443598 ], [ 110.671621167013328, -7.619887777992376 ], [ 110.671621235914117, -7.619797322323487 ], [ 110.670986607121833, -7.619796840655815 ], [ 110.670986054828617, -7.620520485944039 ], [ 110.670895393427557, -7.62052041705224 ], [ 110.670895324365077, -7.620610872712145 ] ] ] } },
{ "type": "Feature", "properties": { "cluster_id": -38749823, "count": 86, "area_m2": 8599.9999484085129, "area_ha": 0.85999999484085132, "kelas_sawah": "unlabeled", "varietas": "unlabeled", "usia_fase": null, "overlap_ratio": 0.0, "is_ground_truth": false }, "geometry": { "type": "Polygon", "coordinates": [ [ [ 110.671074714280152, -7.623143768820371 ], [ 110.671890671938172, -7.62314438803808 ], [ 110.671891291766741, -7.622330287116901 ], [ 110.671709968183094, -7.622330149656696 ], [ 110.671710037083884, -7.62223969399679 ], [ 110.671256728228073, -7.622239350022885 ], [ 110.671256659228476, -7.62232980568279 ], [ 110.671075335653825, -7.622329667953091 ], [ 110.671074714280152, -7.623143768820371 ] ] ] } },
{ "type": "Feature", "properties": { "cluster_id": 962251974, "count": 88, "area_m2": 8799.9999938625842, "area_ha": 0.87999999938625839, "kelas_sawah": "unlabeled", "varietas": "unlabeled", "usia_fase": null, "overlap_ratio": 0.0, "is_ground_truth": false }, "geometry": { "type": "Polygon", "coordinates": [ [ [ 110.670985226285481, -7.62160595383595 ], [ 110.671166549563694, -7.621606091583616 ], [ 110.671166618572272, -7.621515635923711 ], [ 110.671891911532427, -7.621516186150806 ], [ 110.671891980388295, -7.6214257304909 ], [ 110.671801318789605, -7.621425661778765 ], [ 110.671801387663436, -7.621335206118859 ], [ 110.67189204924415, -7.621335274822012 ], [ 110.671892531226234, -7.620702085166744 ], [ 110.67171120832532, -7.620701947733489 ], [ 110.671711277217113, -7.620611492073584 ], [ 110.671620615780128, -7.620611423325515 ], [ 110.671620546870358, -7.620701878994403 ], [ 110.671167239640511, -7.620701534993549 ], [ 110.671167170631932, -7.620791990653453 ], [ 110.671076509167989, -7.620791921797587 ], [ 110.671076440141448, -7.620882377457492 ], [ 110.670985778659542, -7.620882308583659 ], [ 110.670985709615024, -7.620972764243565 ], [ 110.671076371123888, -7.620972833117397 ], [ 110.671076302097333, -7.621063288777302 ], [ 110.670985640570521, -7.621063219894486 ], [ 110.670985226285481, -7.62160595383595 ] ] ] } },
{ "type": "Feature", "properties": { "cluster_id": 968252145, "count": 78, "area_m2": 7800.0000458446448, "area_ha": 0.7800000045844645, "kelas_sawah": "unlabeled", "varietas": "unlabeled", "usia_fase": null, "overlap_ratio": 0.0, "is_ground_truth": false }, "geometry": { "type": "Polygon", "coordinates": [ [ [ 110.670991575317387, -7.613284031956876 ], [ 110.671082235200288, -7.613284100758843 ], [ 110.671082166245611, -7.613374556454681 ], [ 110.671807445515441, -7.613375106241601 ], [ 110.671808064697217, -7.612561004952113 ], [ 110.671717404958045, -7.612560936302859 ], [ 110.671717473768993, -7.612470480598038 ], [ 110.671264175180937, -7.61247013707329 ], [ 110.671264106271167, -7.612560592769127 ], [ 110.671082786801804, -7.612560455228074 ], [ 110.671082304154979, -7.613193645071989 ], [ 110.670991644290041, -7.613193576261038 ], [ 110.670991575317387, -7.613284031956876 ] ] ] } },
{ "type": "Feature", "properties": { "cluster_id": -741848429, "count": 84, "area_m2": 8400.0000266375719, "area_ha": 0.84000000266375718, "kelas_sawah": "unlabeled", "varietas": "unlabeled", "usia_fase": null, "overlap_ratio": 0.0, "is_ground_truth": false }, "geometry": { "type": "Polygon", "coordinates": [ [ [ 110.670974098306075, -7.636169309430261 ], [ 110.671790080649799, -7.636169929896627 ], [ 110.67179028768453, -7.635898563087592 ], [ 110.671880952337489, -7.635898631934475 ], [ 110.67188136628117, -7.635355898307422 ], [ 110.671790701744996, -7.635355829469521 ], [ 110.671790770744593, -7.635265373863516 ], [ 110.671337448171514, -7.635265029386553 ], [ 110.671337379073094, -7.63535548499256 ], [ 110.671065385473554, -7.635355278074617 ], [ 110.671064832174224, -7.636078922850801 ], [ 110.670974167494322, -7.636078853833237 ], [ 110.670974098306075, -7.636169309430261 ] ] ] } },
{ "type": "Feature", "properties": { "cluster_id": 463648474, "count": 86, "area_m2": 8600.0000441263546, "area_ha": 0.86000000441263547, "kelas_sawah": "unlabeled", "varietas": "unlabeled", "usia_fase": null, "overlap_ratio": 0.0, "is_ground_truth": false }, "geometry": { "type": "Polygon", "coordinates": [ [ [ 110.67097658845401, -7.632912907793703 ], [ 110.671339244514627, -7.632913183621411 ], [ 110.67133931359507, -7.632822728015404 ], [ 110.671611305595604, -7.632822934681819 ], [ 110.671611236569063, -7.632913390296808 ], [ 110.671792564617334, -7.632913527990575 ], [ 110.671792909525479, -7.632461249906645 ], [ 110.671883573450799, -7.632461318717596 ], [ 110.671883849287497, -7.632099496239673 ], [ 110.671793185434041, -7.632099427437705 ], [ 110.671793254415675, -7.632008971813733 ], [ 110.671430599091678, -7.632008696390266 ], [ 110.67143053003818, -7.632099152005256 ], [ 110.670977210815821, -7.632098807303715 ], [ 110.67097658845401, -7.632912907793703 ] ] ] } },
{ "type": "Feature", "properties": { "cluster_id": 1009791179, "count": 85, "area_m2": 8500.0000183680095, "area_ha": 0.85000000183680091, "kelas_sawah": "unlabeled", "varietas": "unlabeled", "usia_fase": null, "overlap_ratio": 0.0, "is_ground_truth": false }, "geometry": { "type": "Polygon", "coordinates": [ [ [ 110.670977210815821, -7.632098807303715 ], [ 110.67143053003818, -7.632099152005256 ], [ 110.671430599091678, -7.632008696390266 ], [ 110.671793254415675, -7.632008971813733 ], [ 110.67179353030626, -7.631647149335809 ], [ 110.671884194060894, -7.631647218137776 ], [ 110.671884400915957, -7.631375851274843 ], [ 110.671793737215225, -7.631375782472875 ], [ 110.671793875160517, -7.63119487122493 ], [ 110.671159229560743, -7.631194389090134 ], [ 110.671159160453357, -7.631284844705123 ], [ 110.670977833114748, -7.631284706786778 ], [ 110.670977694828096, -7.631465618016756 ], [ 110.671068358537823, -7.631465686989404 ], [ 110.671068220296078, -7.631646598219382 ], [ 110.670977556541445, -7.631646529237751 ], [ 110.670977210815821, -7.632098807303715 ] ] ] } },
{ "type": "Feature", "properties": { "cluster_id": 614988429, "count": 76, "area_m2": 7600.0000172498403, "area_ha": 0.76000000172498405, "kelas_sawah": "unlabeled", "varietas": "unlabeled", "usia_fase": null, "overlap_ratio": 0.0, "is_ground_truth": false }, "geometry": { "type": "Polygon", "coordinates": [ [ [ 110.670978455341825, -7.630470606233907 ], [ 110.671431772848393, -7.630470950872566 ], [ 110.67143184188393, -7.630380495248594 ], [ 110.671794495833495, -7.630380770609178 ], [ 110.67179511644359, -7.629566669957494 ], [ 110.671432463185724, -7.629566394623859 ], [ 110.671432394150202, -7.629656850247831 ], [ 110.671069740829452, -7.629656574617752 ], [ 110.671069395292477, -7.630108852719649 ], [ 110.670978731861226, -7.630108783755984 ], [ 110.670978455341825, -7.630470606233907 ] ] ] } },
{ "type": "Feature", "properties": { "cluster_id": -1360572013, "count": 73, "area_m2": 7299.9999793284223, "area_ha": 0.7299999979328422, "kelas_sawah": "unlabeled", "varietas": "unlabeled", "usia_fase": null, "overlap_ratio": 0.0, "is_ground_truth": false }, "geometry": { "type": "Polygon", "coordinates": [ [ [ 110.670979146622372, -7.629566050030116 ], [ 110.671069809936839, -7.62956611899378 ], [ 110.671069740829452, -7.629656574617752 ], [ 110.671432394150202, -7.629656850247831 ], [ 110.671432463185724, -7.629566394623859 ], [ 110.67179511644359, -7.629566669957494 ], [ 110.671795668036125, -7.628843024911815 ], [ 110.670979699589338, -7.62884240504732 ], [ 110.670979630472957, -7.628932860671292 ], [ 110.671070293652676, -7.628932929625973 ], [ 110.671070086348465, -7.629204296497891 ], [ 110.670979423114844, -7.629204227543209 ], [ 110.670979146622372, -7.629566050030116 ] ] ] } },
{ "type": "Feature", "properties": { "cluster_id": 1036048080, "count": 83, "area_m2": 8299.9999579650466, "area_ha": 0.82999999579650463, "kelas_sawah": "unlabeled", "varietas": "unlabeled", "usia_fase": null, "overlap_ratio": 0.0, "is_ground_truth": false }, "geometry": { "type": "Polygon", "coordinates": [ [ [ 110.67107098460086, -7.628028373350316 ], [ 110.671433636556173, -7.628028648926496 ], [ 110.671433705564752, -7.627938193293541 ], [ 110.67152436853786, -7.627938262140423 ], [ 110.671524299547244, -7.628028717773379 ], [ 110.671886951511524, -7.628028992972267 ], [ 110.671887571753317, -7.62721489223075 ], [ 110.671796908932919, -7.627214823464715 ], [ 110.671796977860652, -7.627124367822777 ], [ 110.671524989462355, -7.627124161425857 ], [ 110.671524920471754, -7.627214617058812 ], [ 110.671071606387756, -7.627214272671682 ], [ 110.67107098460086, -7.628028373350316 ] ] ] } },
{ "type": "Feature", "properties": { "cluster_id": 249887426, "count": 85, "area_m2": 8499.9999320643838, "area_ha": 0.84999999320643838, "kelas_sawah": "unlabeled", "varietas": "unlabeled", "usia_fase": null, "overlap_ratio": 0.0, "is_ground_truth": false }, "geometry": { "type": "Polygon", "coordinates": [ [ [ 110.670982049097034, -7.625766913580728 ], [ 110.671072711611998, -7.625766982499477 ], [ 110.671072228102773, -7.626400171957116 ], [ 110.671888191923244, -7.626400791453301 ], [ 110.671888812030275, -7.625586690648904 ], [ 110.67179814955125, -7.625586621900835 ], [ 110.671798218470002, -7.625496166249913 ], [ 110.671526231086801, -7.625495959888926 ], [ 110.671526162114148, -7.625586415539848 ], [ 110.67107284974594, -7.625586071224583 ], [ 110.671072780674479, -7.625676526857538 ], [ 110.670982118186458, -7.625676457938789 ], [ 110.670982049097034, -7.625766913580728 ] ] ] } },
{ "type": "Feature", "properties": { "cluster_id": -1356977980, "count": 79, "area_m2": 7899.9999901902629, "area_ha": 0.78999999901902629, "kelas_sawah": "unlabeled", "varietas": "unlabeled", "usia_fase": null, "overlap_ratio": 0.0, "is_ground_truth": false }, "geometry": { "type": "Polygon", "coordinates": [ [ [ 110.670982118186458, -7.625676457938789 ], [ 110.671072780674479, -7.625676526857538 ], [ 110.67107284974594, -7.625586071224583 ], [ 110.671526162114148, -7.625586415539848 ], [ 110.671526231086801, -7.625495959888926 ], [ 110.671798218470002, -7.625496166249913 ], [ 110.671798494118036, -7.625134343664191 ], [ 110.671889156507248, -7.625134412403277 ], [ 110.671889432065456, -7.624772589808573 ], [ 110.671798769757103, -7.624772521069487 ], [ 110.671798838666874, -7.624682065418566 ], [ 110.671436189523291, -7.624681790264594 ], [ 110.671436120532675, -7.624772245906533 ], [ 110.67107347132621, -7.624771970447133 ], [ 110.671072918817401, -7.625495615582643 ], [ 110.67098225636532, -7.625495546663895 ], [ 110.670982118186458, -7.625676457938789 ] ] ] } },
{ "type": "Feature", "properties": { "cluster_id": 2062389510, "count": 88, "area_m2": 8799.9999818622018, "area_ha": 0.87999999818622021, "kelas_sawah": "unlabeled", "varietas": "unlabeled", "usia_fase": null, "overlap_ratio": 0.0, "is_ground_truth": false }, "geometry": { "type": "Polygon", "coordinates": [ [ [ 110.670982809026839, -7.624771901537368 ], [ 110.671436120532675, -7.624772245906533 ], [ 110.671436189523291, -7.624681790264594 ], [ 110.671798838666874, -7.624682065418566 ], [ 110.671799045387189, -7.624410698465799 ], [ 110.671889707614682, -7.624410767204885 ], [ 110.671889983154941, -7.624048944592214 ], [ 110.671799320999298, -7.624048875862112 ], [ 110.671799458800862, -7.623867964551285 ], [ 110.67152747245072, -7.623867758235214 ], [ 110.671527403496043, -7.623958213886135 ], [ 110.671436741358363, -7.623958145084168 ], [ 110.671436810339998, -7.623867689433246 ], [ 110.671074161888114, -7.623867414000797 ], [ 110.67107409283463, -7.623957869651719 ], [ 110.670983430705931, -7.623957800741954 ], [ 110.670982809026839, -7.624771901537368 ] ] ] } },
{ "type": "Feature", "properties": { "cluster_id": -948135934, "count": 86, "area_m2": 8600.000017787097, "area_ha": 0.86000000177870972, "kelas_sawah": "unlabeled", "varietas": "unlabeled", "usia_fase": null, "overlap_ratio": 0.0, "is_ground_truth": false }, "geometry": { "type": "Polygon", "coordinates": [ [ [ 110.670986607121833, -7.619796840655815 ], [ 110.671621235914117, -7.619797322323487 ], [ 110.671621167013328, -7.619887777992376 ], [ 110.671802489572897, -7.619887915443598 ], [ 110.671802765023315, -7.619526092759061 ], [ 110.671893426226745, -7.619526161453231 ], [ 110.671893770416233, -7.619073883090824 ], [ 110.671803109302644, -7.619073814405637 ], [ 110.671803178158513, -7.618983358727766 ], [ 110.670987228387702, -7.618982739671754 ], [ 110.670987090334606, -7.61916365100953 ], [ 110.671077751448195, -7.619163719865397 ], [ 110.671077613431038, -7.619344631203173 ], [ 110.670986952272528, -7.619344562338324 ], [ 110.670986607121833, -7.619796840655815 ] ] ] } },
{ "type": "Feature", "properties": { "cluster_id": 1245114613, "count": 80, "area_m2": 7999.999932521896, "area_ha": 0.79999999325218962, "kelas_sawah": "unlabeled", "varietas": "unlabeled", "usia_fase": null, "overlap_ratio": 0.0, "is_ground_truth": false }, "geometry": { "type": "Polygon", "coordinates": [ [ [ 110.670987228387702, -7.618982739671754 ], [ 110.671803178158513, -7.618983358727766 ], [ 110.671803591266766, -7.618440624678504 ], [ 110.671894252245608, -7.618440693363691 ], [ 110.671894389903443, -7.618259782007948 ], [ 110.671803728969508, -7.618259713322761 ], [ 110.671803797816395, -7.618169257653873 ], [ 110.671713136900436, -7.61816918895072 ], [ 110.671713068026605, -7.618259644628592 ], [ 110.671531746158735, -7.618259507168387 ], [ 110.671531815059524, -7.618169051490516 ], [ 110.671078510488684, -7.61816870751661 ], [ 110.671078441489087, -7.618259163185498 ], [ 110.670987780564133, -7.618259094329631 ], [ 110.670987228387702, -7.618982739671754 ] ] ] } },
{ "type": "Feature", "properties": { "cluster_id": 791507681, "count": 84, "area_m2": 8400.000010287622, "area_ha": 0.84000000102876216, "kelas_sawah": "unlabeled", "varietas": "unlabeled", "usia_fase": null, "overlap_ratio": 0.0, "is_ground_truth": false }, "geometry": { "type": "Polygon", "coordinates": [ [ [ 110.670987780564133, -7.618259094329631 ], [ 110.671078441489087, -7.618259163185498 ], [ 110.671078510488684, -7.61816870751661 ], [ 110.671531815059524, -7.618169051490516 ], [ 110.671531746158735, -7.618259507168387 ], [ 110.671713068026605, -7.618259644628592 ], [ 110.671713136900436, -7.61816918895072 ], [ 110.671803797816395, -7.618169257653873 ], [ 110.671803866663282, -7.618078801976002 ], [ 110.671894527561278, -7.618078870652205 ], [ 110.67189500932777, -7.617445680898123 ], [ 110.671804348564507, -7.617445612221919 ], [ 110.671804417402413, -7.617355156544048 ], [ 110.671351113675996, -7.617354812884552 ], [ 110.671351044739282, -7.617445268562424 ], [ 110.670988401695254, -7.617444993291672 ], [ 110.670988332686676, -7.617535448969543 ], [ 110.671078993458906, -7.617535517816426 ], [ 110.671078786478091, -7.617806884832074 ], [ 110.670988125642964, -7.61780681598519 ], [ 110.670987780564133, -7.618259094329631 ] ] ] } },
{ "type": "Feature", "properties": { "cluster_id": 1941490531, "count": 79, "area_m2": 7900.0000036286656, "area_ha": 0.79000000036286655, "kelas_sawah": "unlabeled", "varietas": "unlabeled", "usia_fase": null, "overlap_ratio": 0.0, "is_ground_truth": false }, "geometry": { "type": "Polygon", "coordinates": [ [ [ 110.670988746738161, -7.616992714929264 ], [ 110.671079407402587, -7.616992783767165 ], [ 110.671079062458503, -7.617445062138555 ], [ 110.671351044739282, -7.617445268562424 ], [ 110.671351113675996, -7.617354812884552 ], [ 110.671804417402413, -7.617355156544048 ], [ 110.671805036916567, -7.61654105539829 ], [ 110.67107975233769, -7.616540505386791 ], [ 110.671079683347088, -7.616630961064662 ], [ 110.670989022763493, -7.616630892226762 ], [ 110.670988746738161, -7.616992714929264 ] ] ] } },
{ "type": "Feature", "properties": { "cluster_id": 1188553900, "count": 81, "area_m2": 8099.9999657410081, "area_ha": 0.80999999657410082, "kelas_sawah": "unlabeled", "varietas": "unlabeled", "usia_fase": null, "overlap_ratio": 0.0, "is_ground_truth": false }, "geometry": { "type": "Polygon", "coordinates": [ [ [ 110.670989022763493, -7.616630892226762 ], [ 110.671079683347088, -7.616630961064662 ], [ 110.67107975233769, -7.616540505386791 ], [ 110.671805036916567, -7.61654105539829 ], [ 110.671805243412294, -7.616269688346709 ], [ 110.671895903933006, -7.61626975701393 ], [ 110.671896247969798, -7.615817478579658 ], [ 110.671805587547908, -7.61581740992142 ], [ 110.671805656367837, -7.615726954234566 ], [ 110.670989712759464, -7.615726335448048 ], [ 110.670989643759867, -7.61581679112592 ], [ 110.671080304172776, -7.615816859954837 ], [ 110.671079890300959, -7.616359594031048 ], [ 110.670989229771266, -7.616359525193148 ], [ 110.670989022763493, -7.616630892226762 ] ] ] } },
{ "type": "Feature", "properties": { "cluster_id": 1205118225, "count": 79, "area_m2": 7899.9999859186937, "area_ha": 0.78999999859186942, "kelas_sawah": "unlabeled", "varietas": "unlabeled", "usia_fase": null, "overlap_ratio": 0.0, "is_ground_truth": false }, "geometry": { "type": "Polygon", "coordinates": [ [ [ 110.670989712759464, -7.615726335448048 ], [ 110.67171499596391, -7.615726885558362 ], [ 110.671715064810797, -7.615636429871508 ], [ 110.671805725196748, -7.615636498547711 ], [ 110.671806275756225, -7.614912853034909 ], [ 110.671080993908234, -7.614912303140191 ], [ 110.67108092493558, -7.615002758818062 ], [ 110.670990264693359, -7.615002689998128 ], [ 110.670989712759464, -7.615726335448048 ] ] ] } },
{ "type": "Feature", "properties": { "cluster_id": -2061169481, "count": 72, "area_m2": 7200.0000488746446, "area_ha": 0.72000000488746441, "kelas_sawah": "unlabeled", "varietas": "unlabeled", "usia_fase": null, "overlap_ratio": 0.0, "is_ground_truth": false }, "geometry": { "type": "Polygon", "coordinates": [ [ [ 110.670990885554986, -7.614188588834404 ], [ 110.671081545626535, -7.614188657654338 ], [ 110.671081062871892, -7.614821847453336 ], [ 110.671171723078189, -7.614821916255304 ], [ 110.671171654132493, -7.614912371942158 ], [ 110.671806275756225, -7.614912853034909 ], [ 110.671806895063767, -7.614098751799319 ], [ 110.670990954527625, -7.614098133147549 ], [ 110.670990885554986, -7.614188588834404 ] ] ] } },
{ "type": "Feature", "properties": { "cluster_id": 1138226827, "count": 68, "area_m2": 6799.9999653699342, "area_ha": 0.67999999653699339, "kelas_sawah": "unlabeled", "varietas": "unlabeled", "usia_fase": null, "overlap_ratio": 0.0, "is_ground_truth": false }, "geometry": { "type": "Polygon", "coordinates": [ [ [ 110.670990954527625, -7.614098133147549 ], [ 110.671806895063767, -7.614098751799319 ], [ 110.671807445515441, -7.613375106241601 ], [ 110.671082166245611, -7.613374556454681 ], [ 110.67108189042689, -7.613736379211081 ], [ 110.670991230445168, -7.613736310400131 ], [ 110.670990954527625, -7.614098133147549 ] ] ] } },
{ "type": "Feature", "properties": { "cluster_id": 932696856, "count": 1, "area_m2": 100.00000497995642, "area_ha": 0.010000000497995641, "kelas_sawah": "unlabeled", "varietas": "unlabeled", "usia_fase": null, "overlap_ratio": 0.0, "is_ground_truth": false }, "geometry": { "type": "Polygon", "coordinates": [ [ [ 110.671717404958045, -7.612560936302859 ], [ 110.671808064697217, -7.612561004952113 ], [ 110.671808133490202, -7.612470549247291 ], [ 110.671717473768993, -7.612470480598038 ], [ 110.671717404958045, -7.612560936302859 ] ] ] } },
{ "type": "Feature", "properties": { "cluster_id": 1783134520, "count": 54, "area_m2": 5400.0000041298335, "area_ha": 0.54000000041298335, "kelas_sawah": "unlabeled", "varietas": "unlabeled", "usia_fase": null, "overlap_ratio": 0.0, "is_ground_truth": false }, "geometry": { "type": "Polygon", "coordinates": [ [ [ 110.671064347991276, -7.636712112011995 ], [ 110.671880331368058, -7.636712732352598 ], [ 110.67188074535666, -7.636169998743511 ], [ 110.671064763012936, -7.636169378447824 ], [ 110.671064347991276, -7.636712112011995 ] ] ] } },
{ "type": "Feature", "properties": { "cluster_id": -81454977, "count": 77, "area_m2": 7700.000005796901, "area_ha": 0.77000000057969009, "kelas_sawah": "unlabeled", "varietas": "unlabeled", "usia_fase": null, "overlap_ratio": 0.0, "is_ground_truth": false }, "geometry": { "type": "Polygon", "coordinates": [ [ [ 110.670974720946361, -7.635355209066037 ], [ 110.671337379073094, -7.63535548499256 ], [ 110.671337448171514, -7.635265029386553 ], [ 110.671790770744593, -7.635265373863516 ], [ 110.671791046760944, -7.634903551439491 ], [ 110.671881711207291, -7.634903620268408 ], [ 110.671881987133816, -7.6345417978354 ], [ 110.671066007871303, -7.63454117767446 ], [ 110.671065800414368, -7.634812544474513 ], [ 110.67097513600396, -7.634812475474916 ], [ 110.670974720946361, -7.635355209066037 ] ] ] } },
{ "type": "Feature", "properties": { "cluster_id": -1648813555, "count": 81, "area_m2": 8100.0000114465365, "area_ha": 0.81000000114465365, "kelas_sawah": "unlabeled", "varietas": "unlabeled", "usia_fase": null, "overlap_ratio": 0.0, "is_ground_truth": false }, "geometry": { "type": "Polygon", "coordinates": [ [ [ 110.671066007871303, -7.63454117767446 ], [ 110.671881987133816, -7.6345417978354 ], [ 110.671882607914583, -7.633727697336429 ], [ 110.67106663020617, -7.633727077238372 ], [ 110.671066007871303, -7.63454117767446 ] ] ] } },
{ "type": "Feature", "properties": { "cluster_id": 658728251, "count": 88, "area_m2": 8799.9999973518425, "area_ha": 0.87999999973518428, "kelas_sawah": "unlabeled", "varietas": "unlabeled", "usia_fase": null, "overlap_ratio": 0.0, "is_ground_truth": false }, "geometry": { "type": "Polygon", "coordinates": [ [ [ 110.670977833114748, -7.631284706786778 ], [ 110.671159160453357, -7.631284844705123 ], [ 110.671159229560743, -7.631194389090134 ], [ 110.671793875160517, -7.63119487122493 ], [ 110.671793806187864, -7.631285326848903 ], [ 110.671884469870648, -7.63128539565087 ], [ 110.67188515932763, -7.630380839402163 ], [ 110.67143184188393, -7.630380495248594 ], [ 110.671431772848393, -7.630470950872566 ], [ 110.670978455341825, -7.630470606233907 ], [ 110.670977833114748, -7.631284706786778 ] ] ] } },
{ "type": "Feature", "properties": { "cluster_id": -198048422, "count": 72, "area_m2": 7199.9999801287777, "area_ha": 0.71999999801287773, "kelas_sawah": "unlabeled", "varietas": "unlabeled", "usia_fase": null, "overlap_ratio": 0.0, "is_ground_truth": false }, "geometry": { "type": "Polygon", "coordinates": [ [ [ 110.671071606387756, -7.627214272671682 ], [ 110.671524920471754, -7.627214617058812 ], [ 110.671524989462355, -7.627124161425857 ], [ 110.671796977860652, -7.627124367822777 ], [ 110.671797253571583, -7.626762545264005 ], [ 110.67188791630214, -7.626762614021056 ], [ 110.671888191923244, -7.626400791453301 ], [ 110.671162890743503, -7.626400240866881 ], [ 110.671162821690004, -7.62649069650882 ], [ 110.67107215902233, -7.626490627599054 ], [ 110.671071606387756, -7.627214272671682 ] ] ] } },
{ "type": "Feature", "properties": { "cluster_id": -959944573, "count": 77, "area_m2": 7700.0000075253774, "area_ha": 0.77000000075253772, "kelas_sawah": "unlabeled", "varietas": "unlabeled", "usia_fase": null, "overlap_ratio": 0.0, "is_ground_truth": false }, "geometry": { "type": "Polygon", "coordinates": [ [ [ 110.670983430705931, -7.623957800741954 ], [ 110.67107409283463, -7.623957869651719 ], [ 110.671074161888114, -7.623867414000797 ], [ 110.671436810339998, -7.623867689433246 ], [ 110.671436741358363, -7.623958145084168 ], [ 110.671527403496043, -7.623958213886135 ], [ 110.67152747245072, -7.623867758235214 ], [ 110.671799458800862, -7.623867964551285 ], [ 110.671799389900073, -7.623958420202207 ], [ 110.671890052037753, -7.623958488941293 ], [ 110.671890671938172, -7.62314438803808 ], [ 110.671074714280152, -7.623143768820371 ], [ 110.671074299986131, -7.623686502707936 ], [ 110.670983637920315, -7.623686433807154 ], [ 110.670983430705931, -7.623957800741954 ] ] ] } },
{ "type": "Feature", "properties": { "cluster_id": 1419732960, "count": 75, "area_m2": 7500.0000224247924, "area_ha": 0.7500000022424792, "kelas_sawah": "unlabeled", "varietas": "unlabeled", "usia_fase": null, "overlap_ratio": 0.0, "is_ground_truth": false }, "geometry": { "type": "Polygon", "coordinates": [ [ [ 110.671075335653825, -7.622329667953091 ], [ 110.671256659228476, -7.62232980568279 ], [ 110.671256728228073, -7.622239350022885 ], [ 110.671710037083884, -7.62223969399679 ], [ 110.671709968183094, -7.622330149656696 ], [ 110.671891291766741, -7.622330287116901 ], [ 110.671891911532427, -7.621516186150806 ], [ 110.671166618572272, -7.621515635923711 ], [ 110.671166549563694, -7.621606091583616 ], [ 110.671075887920097, -7.621606022718766 ], [ 110.671075335653825, -7.622329667953091 ] ] ] } },
{ "type": "Feature", "properties": { "cluster_id": -1625534717, "count": 79, "area_m2": 7900.0000068658846, "area_ha": 0.79000000068658849, "kelas_sawah": "unlabeled", "varietas": "unlabeled", "usia_fase": null, "overlap_ratio": 0.0, "is_ground_truth": false }, "geometry": { "type": "Polygon", "coordinates": [ [ [ 110.671790701744996, -7.635355829469521 ], [ 110.672244024434846, -7.635356173470377 ], [ 110.672244093344617, -7.635265717855387 ], [ 110.67260675143541, -7.635265992712915 ], [ 110.672607026769057, -7.634904170252957 ], [ 110.67269769121539, -7.634904238920178 ], [ 110.672697966459197, -7.634542416451238 ], [ 110.672244644604774, -7.634542072971406 ], [ 110.672244713505549, -7.634451617356416 ], [ 110.6720633848105, -7.634451479824346 ], [ 110.672063315864804, -7.634541935439335 ], [ 110.671881987133816, -7.6345417978354 ], [ 110.671881711207291, -7.634903620268408 ], [ 110.671791046760944, -7.634903551439491 ], [ 110.671790701744996, -7.635355829469521 ] ] ] } },
{ "type": "Feature", "properties": { "cluster_id": -837514833, "count": 5, "area_m2": 500.00001215608791, "area_ha": 0.05000000121560879, "kelas_sawah": "unlabeled", "varietas": "unlabeled", "usia_fase": null, "overlap_ratio": 0.0, "is_ground_truth": false }, "geometry": { "type": "Polygon", "coordinates": [ [ [ 110.671808064697217, -7.612561004952113 ], [ 110.672261363411039, -7.612561347910922 ], [ 110.672261432105202, -7.612470892206101 ], [ 110.671808133490202, -7.612470549247291 ], [ 110.671808064697217, -7.612561004952113 ] ] ] } },
{ "type": "Feature", "properties": { "cluster_id": 954448765, "count": 77, "area_m2": 7699.9999373726314, "area_ha": 0.76999999373726313, "kelas_sawah": "unlabeled", "varietas": "unlabeled", "usia_fase": null, "overlap_ratio": 0.0, "is_ground_truth": false }, "geometry": { "type": "Polygon", "coordinates": [ [ [ 110.671890052037753, -7.623958488941293 ], [ 110.672615349157098, -7.623959038126341 ], [ 110.672615967692096, -7.623144937169229 ], [ 110.672343981773139, -7.623144731392148 ], [ 110.672344050557143, -7.623054275732242 ], [ 110.671890740812017, -7.623053932387157 ], [ 110.671890052037753, -7.623958488941293 ] ] ] } },
{ "type": "Feature", "properties": { "cluster_id": -1516306408, "count": 76, "area_m2": 7600.0000119229662, "area_ha": 0.7600000011922966, "kelas_sawah": "unlabeled", "varietas": "unlabeled", "usia_fase": null, "overlap_ratio": 0.0, "is_ground_truth": false }, "geometry": { "type": "Polygon", "coordinates": [ [ [ 110.671801318789605, -7.621425661778765 ], [ 110.671891980388295, -7.6214257304909 ], [ 110.671891911532427, -7.621516186150806 ], [ 110.672617204546469, -7.621516735165175 ], [ 110.672617822874855, -7.620702634118231 ], [ 110.672436499955964, -7.620702496990403 ], [ 110.672436568695048, -7.620612041321515 ], [ 110.672164584384078, -7.620611835490534 ], [ 110.672164515591092, -7.620702291159422 ], [ 110.671892531226234, -7.620702085166744 ], [ 110.67189204924415, -7.621335274822012 ], [ 110.671801387663436, -7.621335206118859 ], [ 110.671801318789605, -7.621425661778765 ] ] ] } },
{ "type": "Feature", "properties": { "cluster_id": -971620096, "count": 86, "area_m2": 8600.0000190146966, "area_ha": 0.86000000190146964, "kelas_sawah": "unlabeled", "varietas": "unlabeled", "usia_fase": null, "overlap_ratio": 0.0, "is_ground_truth": false }, "geometry": { "type": "Polygon", "coordinates": [ [ [ 110.67171120832532, -7.620701947733489 ], [ 110.672164515591092, -7.620702291159422 ], [ 110.672164584384078, -7.620611835490534 ], [ 110.672436568695048, -7.620612041321515 ], [ 110.672436499955964, -7.620702496990403 ], [ 110.672617822874855, -7.620702634118231 ], [ 110.672618441131362, -7.619888533035355 ], [ 110.67243711855383, -7.619888395925494 ], [ 110.672437187283933, -7.619797940247622 ], [ 110.671983880961378, -7.619797597145083 ], [ 110.671983812132467, -7.619888052822954 ], [ 110.671802489572897, -7.619887915443598 ], [ 110.671802076383798, -7.620430649456926 ], [ 110.671711414991734, -7.620430580735808 ], [ 110.67171120832532, -7.620701947733489 ] ] ] } },
{ "type": "Feature", "properties": { "cluster_id": 1332190620, "count": 81, "area_m2": 8100.0000455512782, "area_ha": 0.81000000455512777, "kelas_sawah": "unlabeled", "varietas": "unlabeled", "usia_fase": null, "overlap_ratio": 0.0, "is_ground_truth": false }, "geometry": { "type": "Polygon", "coordinates": [ [ [ 110.67171499596391, -7.615726885558362 ], [ 110.671805656367837, -7.615726954234566 ], [ 110.671805587547908, -7.61581740992142 ], [ 110.671986908400669, -7.615817547219928 ], [ 110.671986977184673, -7.615727091533073 ], [ 110.672621600057056, -7.615727571484964 ], [ 110.672622149251083, -7.615003925909279 ], [ 110.6724408287307, -7.615003788889249 ], [ 110.672440897415882, -7.614913333193411 ], [ 110.671896935989466, -7.614912921684162 ], [ 110.671896867187499, -7.615003377371017 ], [ 110.671806206936296, -7.615003308721763 ], [ 110.671805725196748, -7.615636498547711 ], [ 110.671715064810797, -7.615636429871508 ], [ 110.67171499596391, -7.615726885558362 ] ] ] } },
{ "type": "Feature", "properties": { "cluster_id": -1339175832, "count": 91, "area_m2": 9100.0000347959576, "area_ha": 0.91000000347959575, "kelas_sawah": "unlabeled", "varietas": "unlabeled", "usia_fase": null, "overlap_ratio": 0.0, "is_ground_truth": false }, "geometry": { "type": "Polygon", "coordinates": [ [ [ 110.671807445515441, -7.613375106241601 ], [ 110.672623384749016, -7.61337572329437 ], [ 110.672623453380297, -7.613285267589549 ], [ 110.672714113281174, -7.61328533605914 ], [ 110.672714662142823, -7.612561690393624 ], [ 110.672442682898364, -7.612561484957902 ], [ 110.672442751556602, -7.61247102925308 ], [ 110.672261432105202, -7.612470892206101 ], [ 110.672261363411039, -7.612561347910922 ], [ 110.671808064697217, -7.612561004952113 ], [ 110.671807445515441, -7.613375106241601 ] ] ] } },
{ "type": "Feature", "properties": { "cluster_id": 679054243, "count": 80, "area_m2": 8000.0000320063555, "area_ha": 0.80000000320063558, "kelas_sawah": "unlabeled", "varietas": "unlabeled", "usia_fase": null, "overlap_ratio": 0.0, "is_ground_truth": false }, "geometry": { "type": "Polygon", "coordinates": [ [ [ 110.671793185434041, -7.632099427437705 ], [ 110.67224650470132, -7.632099771285846 ], [ 110.672246573575151, -7.632009315661874 ], [ 110.672609228926092, -7.63200959040262 ], [ 110.672609779332845, -7.631285945374908 ], [ 110.672519115650076, -7.631285876725654 ], [ 110.672519184461024, -7.631195421092698 ], [ 110.67197520248115, -7.631195008810899 ], [ 110.671975133544436, -7.631285464434871 ], [ 110.671793806187864, -7.631285326848903 ], [ 110.671793737215225, -7.631375782472875 ], [ 110.671884400915957, -7.631375851274843 ], [ 110.671884194060894, -7.631647218137776 ], [ 110.67179353030626, -7.631647149335809 ], [ 110.671793185434041, -7.632099427437705 ] ] ] } },
{ "type": "Feature", "properties": { "cluster_id": 1368287166, "count": 85, "area_m2": 8500.0000314752106, "area_ha": 0.85000000314752111, "kelas_sawah": "unlabeled", "varietas": "unlabeled", "usia_fase": null, "overlap_ratio": 0.0, "is_ground_truth": false }, "geometry": { "type": "Polygon", "coordinates": [ [ [ 110.67179814955125, -7.625586621900835 ], [ 110.672614111898483, -7.625587239950733 ], [ 110.672614455611878, -7.625134961678158 ], [ 110.672705118001076, -7.625135030255547 ], [ 110.672705255443304, -7.62495411894472 ], [ 110.672614593090046, -7.624954050367331 ], [ 110.672614730559232, -7.624773139056503 ], [ 110.67252406825088, -7.624773070470131 ], [ 110.672524137007926, -7.624682614810227 ], [ 110.671980163247639, -7.62468220287877 ], [ 110.671980094373808, -7.624772658529692 ], [ 110.671889432065456, -7.624772589808573 ], [ 110.671889156507248, -7.625134412403277 ], [ 110.671798494118036, -7.625134343664191 ], [ 110.67179814955125, -7.625586621900835 ] ] ] } },
{ "type": "Feature", "properties": { "cluster_id": 428560304, "count": 83, "area_m2": 8299.9999719666084, "area_ha": 0.82999999719666084, "kelas_sawah": "unlabeled", "varietas": "unlabeled", "usia_fase": null, "overlap_ratio": 0.0, "is_ground_truth": false }, "geometry": { "type": "Polygon", "coordinates": [ [ [ 110.671804348564507, -7.617445612221919 ], [ 110.672257652407723, -7.617445955405307 ], [ 110.672257721146806, -7.617355499718452 ], [ 110.672620364163876, -7.61735577392021 ], [ 110.672620913483669, -7.616632128407407 ], [ 110.672530252882112, -7.6166320598929 ], [ 110.672530321558312, -7.616541604206046 ], [ 110.671986358074761, -7.616541192714764 ], [ 110.671986289281776, -7.616631648401619 ], [ 110.671804968087642, -7.616631511085144 ], [ 110.671804348564507, -7.617445612221919 ] ] ] } },
{ "type": "Feature", "properties": { "cluster_id": 1252148573, "count": 58, "area_m2": 5800.0000049406663, "area_ha": 0.58000000049406664, "kelas_sawah": "unlabeled", "varietas": "unlabeled", "usia_fase": null, "overlap_ratio": 0.0, "is_ground_truth": false }, "geometry": { "type": "Polygon", "coordinates": [ [ [ 110.671880331368058, -7.636712732352598 ], [ 110.672696314807737, -7.636713351148098 ], [ 110.672696727772248, -7.636170617494095 ], [ 110.672606063056421, -7.636170548826875 ], [ 110.672606131894312, -7.636080093211886 ], [ 110.672243473111806, -7.636079818327409 ], [ 110.672243404193068, -7.636170273933415 ], [ 110.67188074535666, -7.636169998743511 ], [ 110.671880331368058, -7.636712732352598 ] ] ] } },
{ "type": "Feature", "properties": { "cluster_id": -1441394717, "count": 77, "area_m2": 7699.9999371886952, "area_ha": 0.76999999371886951, "kelas_sawah": "unlabeled", "varietas": "unlabeled", "usia_fase": null, "overlap_ratio": 0.0, "is_ground_truth": false }, "geometry": { "type": "Polygon", "coordinates": [ [ [ 110.671790080649799, -7.636169929896627 ], [ 110.672243404193068, -7.636170273933415 ], [ 110.672243473111806, -7.636079818327409 ], [ 110.672606131894312, -7.636080093211886 ], [ 110.672606338416998, -7.635808726384884 ], [ 110.672697003051994, -7.635808795052104 ], [ 110.672697140691852, -7.635627883831109 ], [ 110.672606476092795, -7.635627815163889 ], [ 110.67260675143541, -7.635265992712915 ], [ 110.672244093344617, -7.635265717855387 ], [ 110.672244024434846, -7.635356173470377 ], [ 110.67188136628117, -7.635355898307422 ], [ 110.671880952337489, -7.635898631934475 ], [ 110.67179028768453, -7.635898563087592 ], [ 110.671790080649799, -7.636169929896627 ] ] ] } },
{ "type": "Feature", "properties": { "cluster_id": 861210708, "count": 87, "area_m2": 8700.0000041324529, "area_ha": 0.87000000041324532, "kelas_sawah": "unlabeled", "varietas": "unlabeled", "usia_fase": null, "overlap_ratio": 0.0, "is_ground_truth": false }, "geometry": { "type": "Polygon", "coordinates": [ [ [ 110.671792564617334, -7.632913527990575 ], [ 110.672517876819398, -7.632914077984108 ], [ 110.672517945648309, -7.632823622360135 ], [ 110.672608609654475, -7.632823691018372 ], [ 110.672608678465437, -7.632733235403383 ], [ 110.672699342462622, -7.632733304043654 ], [ 110.672699823977581, -7.632100114657881 ], [ 110.672609160124125, -7.632100046026593 ], [ 110.672609228926092, -7.63200959040262 ], [ 110.672246573575151, -7.632009315661874 ], [ 110.67224650470132, -7.632099771285846 ], [ 110.671883849287497, -7.632099496239673 ], [ 110.671883573450799, -7.632461318717596 ], [ 110.671792909525479, -7.632461249906645 ], [ 110.671792564617334, -7.632913527990575 ] ] ] } },
{ "type": "Feature", "properties": { "cluster_id": -1003200516, "count": 72, "area_m2": 7200.000009565556, "area_ha": 0.72000000095655559, "kelas_sawah": "unlabeled", "varietas": "unlabeled", "usia_fase": null, "overlap_ratio": 0.0, "is_ground_truth": false }, "geometry": { "type": "Polygon", "coordinates": [ [ [ 110.671884469870648, -7.63128539565087 ], [ 110.671975133544436, -7.631285464434871 ], [ 110.67197520248115, -7.631195008810899 ], [ 110.672519184461024, -7.631195421092698 ], [ 110.672519115650076, -7.631285876725654 ], [ 110.672609779332845, -7.631285945374908 ], [ 110.672610467262686, -7.630381389054335 ], [ 110.672066486306903, -7.63038097692525 ], [ 110.672066417397133, -7.630471432558205 ], [ 110.67188509038192, -7.630471295026135 ], [ 110.671884469870648, -7.63128539565087 ] ] ] } },
{ "type": "Feature", "properties": { "cluster_id": -100364150, "count": 81, "area_m2": 8100.0000087521039, "area_ha": 0.8100000008752104, "kelas_sawah": "unlabeled", "varietas": "unlabeled", "usia_fase": null, "overlap_ratio": 0.0, "is_ground_truth": false }, "geometry": { "type": "Polygon", "coordinates": [ [ [ 110.671795047488914, -7.629657125590449 ], [ 110.672067037504178, -7.629657331888554 ], [ 110.672067106395971, -7.629566876255598 ], [ 110.672701749651139, -7.62956735695309 ], [ 110.672702162211408, -7.629024623119424 ], [ 110.672611499004745, -7.629024554515086 ], [ 110.672611636554777, -7.628843643231209 ], [ 110.671795668036125, -7.628843024911815 ], [ 110.671795047488914, -7.629657125590449 ] ] ] } },
{ "type": "Feature", "properties": { "cluster_id": 730339466, "count": 81, "area_m2": 8099.9999888363527, "area_ha": 0.80999999888363527, "kelas_sawah": "unlabeled", "varietas": "unlabeled", "usia_fase": null, "overlap_ratio": 0.0, "is_ground_truth": false }, "geometry": { "type": "Polygon", "coordinates": [ [ [ 110.671795668036125, -7.628843024911815 ], [ 110.672611636554777, -7.628843643231209 ], [ 110.672612255494016, -7.628029542462743 ], [ 110.671796288520454, -7.628028924206231 ], [ 110.671795668036125, -7.628843024911815 ] ] ] } },
{ "type": "Feature", "properties": { "cluster_id": -596271430, "count": 84, "area_m2": 8400.0000437177368, "area_ha": 0.84000000437177369, "kelas_sawah": "unlabeled", "varietas": "unlabeled", "usia_fase": null, "overlap_ratio": 0.0, "is_ground_truth": false }, "geometry": { "type": "Polygon", "coordinates": [ [ [ 110.671886951511524, -7.628028992972267 ], [ 110.672612255494016, -7.628029542462743 ], [ 110.672612324260044, -7.627939086820803 ], [ 110.672702987242133, -7.627939155416159 ], [ 110.672703399712574, -7.62739642154656 ], [ 110.672612736838289, -7.627396352951205 ], [ 110.672612805604331, -7.627305897300283 ], [ 110.672703468451672, -7.627305965895638 ], [ 110.672703537190756, -7.627215510244716 ], [ 110.672612874361377, -7.627215441658344 ], [ 110.672612943118423, -7.627124986007423 ], [ 110.672159629079346, -7.627124642761152 ], [ 110.672159560223477, -7.627215098403092 ], [ 110.671887571753317, -7.62721489223075 ], [ 110.671886951511524, -7.628028992972267 ] ] ] } },
{ "type": "Feature", "properties": { "cluster_id": 2113978837, "count": 78, "area_m2": 7799.9999957045657, "area_ha": 0.77999999957045651, "kelas_sawah": "unlabeled", "varietas": "unlabeled", "usia_fase": null, "overlap_ratio": 0.0, "is_ground_truth": false }, "geometry": { "type": "Polygon", "coordinates": [ [ [ 110.671796908932919, -7.627214823464715 ], [ 110.672159560223477, -7.627215098403092 ], [ 110.672159629079346, -7.627124642761152 ], [ 110.672612943118423, -7.627124986007423 ], [ 110.672613218146637, -7.626763163421701 ], [ 110.672703880886175, -7.626763232008074 ], [ 110.672704087085464, -7.626491865055307 ], [ 110.672613424408809, -7.626491796468936 ], [ 110.672613561913934, -7.626310885167092 ], [ 110.672341574000725, -7.626310679300178 ], [ 110.672341505189777, -7.6264011349511 ], [ 110.671888191923244, -7.626400791453301 ], [ 110.67188791630214, -7.626762614021056 ], [ 110.671797253571583, -7.626762545264005 ], [ 110.671796908932919, -7.627214823464715 ] ] ] } },
{ "type": "Feature", "properties": { "cluster_id": 1116044184, "count": 77, "area_m2": 7700.0000063184416, "area_ha": 0.77000000063184415, "kelas_sawah": "unlabeled", "varietas": "unlabeled", "usia_fase": null, "overlap_ratio": 0.0, "is_ground_truth": false }, "geometry": { "type": "Polygon", "coordinates": [ [ [ 110.671891291766741, -7.622330287116901 ], [ 110.672435262553606, -7.622330699030391 ], [ 110.672435331301671, -7.622240243361502 ], [ 110.672707316645699, -7.622240449066719 ], [ 110.672707797486922, -7.621607259375519 ], [ 110.672617135843325, -7.621607190834062 ], [ 110.672617204546469, -7.621516735165175 ], [ 110.671891911532427, -7.621516186150806 ], [ 110.671891291766741, -7.622330287116901 ] ] ] } },
{ "type": "Feature", "properties": { "cluster_id": -691118336, "count": 87, "area_m2": 8699.999933365325, "area_ha": 0.86999999333653255, "kelas_sawah": "unlabeled", "varietas": "unlabeled", "usia_fase": null, "overlap_ratio": 0.0, "is_ground_truth": false }, "geometry": { "type": "Polygon", "coordinates": [ [ [ 110.671802489572897, -7.619887915443598 ], [ 110.671983812132467, -7.619888052822954 ], [ 110.671983880961378, -7.619797597145083 ], [ 110.672437187283933, -7.619797940247622 ], [ 110.67243711855383, -7.619888395925494 ], [ 110.672709102415638, -7.619888601558845 ], [ 110.67270972043859, -7.619074500440036 ], [ 110.672619059324987, -7.619074431925529 ], [ 110.672619128001188, -7.618983976247659 ], [ 110.671984500340784, -7.618983496089156 ], [ 110.671984431520855, -7.619073951758044 ], [ 110.671893770416233, -7.619073883090824 ], [ 110.671893426226745, -7.619526161453231 ], [ 110.671802765023315, -7.619526092759061 ], [ 110.671802489572897, -7.619887915443598 ] ] ] } },
{ "type": "Feature", "properties": { "cluster_id": -1432211450, "count": 78, "area_m2": 7800.0000529229874, "area_ha": 0.78000000529229874, "kelas_sawah": "unlabeled", "varietas": "unlabeled", "usia_fase": null, "overlap_ratio": 0.0, "is_ground_truth": false }, "geometry": { "type": "Polygon", "coordinates": [ [ [ 110.671803109302644, -7.619073814405637 ], [ 110.671984431520855, -7.619073951758044 ], [ 110.671984500340784, -7.618983496089156 ], [ 110.672619128001188, -7.618983976247659 ], [ 110.672619746122962, -7.6181698751019 ], [ 110.67225710242316, -7.618169600864211 ], [ 110.672257033666114, -7.618260056551065 ], [ 110.672166372723197, -7.618259987937743 ], [ 110.67216644149822, -7.618169532259873 ], [ 110.671985119657307, -7.618169394997297 ], [ 110.671985050846359, -7.618259850675169 ], [ 110.671894389903443, -7.618259782007948 ], [ 110.671894252245608, -7.618440693363691 ], [ 110.671803591266766, -7.618440624678504 ], [ 110.671803109302644, -7.619073814405637 ] ] ] } },
{ "type": "Feature", "properties": { "cluster_id": 585633920, "count": 76, "area_m2": 7600.0000267438008, "area_ha": 0.76000000267438006, "kelas_sawah": "unlabeled", "varietas": "unlabeled", "usia_fase": null, "overlap_ratio": 0.0, "is_ground_truth": false }, "geometry": { "type": "Polygon", "coordinates": [ [ [ 110.671803728969508, -7.618259713322761 ], [ 110.671985050846359, -7.618259850675169 ], [ 110.671985119657307, -7.618169394997297 ], [ 110.67216644149822, -7.618169532259873 ], [ 110.672166372723197, -7.618259987937743 ], [ 110.672257033666114, -7.618260056551065 ], [ 110.67225710242316, -7.618169600864211 ], [ 110.672619746122962, -7.6181698751019 ], [ 110.672619814790181, -7.618079419415046 ], [ 110.67271047570614, -7.61807948792057 ], [ 110.67271075032113, -7.617717665182135 ], [ 110.672620089486003, -7.617717596676611 ], [ 110.672620364163876, -7.61735577392021 ], [ 110.672257721146806, -7.617355499718452 ], [ 110.672257652407723, -7.617445955405307 ], [ 110.67189500932777, -7.617445680898123 ], [ 110.671894527561278, -7.618078870652205 ], [ 110.671803866663282, -7.618078801976002 ], [ 110.671803728969508, -7.618259713322761 ] ] ] } },
{ "type": "Feature", "properties": { "cluster_id": -3185239, "count": 85, "area_m2": 8499.9999528747867, "area_ha": 0.84999999528747872, "kelas_sawah": "unlabeled", "varietas": "unlabeled", "usia_fase": null, "overlap_ratio": 0.0, "is_ground_truth": false }, "geometry": { "type": "Polygon", "coordinates": [ [ [ 110.671804968087642, -7.616631511085144 ], [ 110.671986289281776, -7.616631648401619 ], [ 110.671986358074761, -7.616541192714764 ], [ 110.672530321558312, -7.616541604206046 ], [ 110.672530252882112, -7.6166320598929 ], [ 110.672620913483669, -7.616632128407407 ], [ 110.672620982141908, -7.616541672720553 ], [ 110.672711642725488, -7.616541741217094 ], [ 110.672712191829689, -7.615818095668359 ], [ 110.672621531398818, -7.615818027180802 ], [ 110.672621600057056, -7.615727571484964 ], [ 110.671986977184673, -7.615727091533073 ], [ 110.671986908400669, -7.615817547219928 ], [ 110.671896247969798, -7.615817478579658 ], [ 110.671895903933006, -7.61626975701393 ], [ 110.671805243412294, -7.616269688346709 ], [ 110.671804968087642, -7.616631511085144 ] ] ] } },
{ "type": "Feature", "properties": { "cluster_id": 1689458744, "count": 80, "area_m2": 7999.9999952476355, "area_ha": 0.79999999952476353, "kelas_sawah": "unlabeled", "varietas": "unlabeled", "usia_fase": null, "overlap_ratio": 0.0, "is_ground_truth": false }, "geometry": { "type": "Polygon", "coordinates": [ [ [ 110.671806206936296, -7.615003308721763 ], [ 110.671896867187499, -7.615003377371017 ], [ 110.671896935989466, -7.614912921684162 ], [ 110.672440897415882, -7.614913333193411 ], [ 110.6724408287307, -7.615003788889249 ], [ 110.672622149251083, -7.615003925909279 ], [ 110.67262283567176, -7.61409936891497 ], [ 110.672169535323007, -7.614099026261588 ], [ 110.672169466592905, -7.614189481957426 ], [ 110.6718068262618, -7.614189207495157 ], [ 110.671806206936296, -7.615003308721763 ] ] ] } },
{ "type": "Feature", "properties": { "cluster_id": -1075691239, "count": 79, "area_m2": 7899.9999146326445, "area_ha": 0.78999999146326449, "kelas_sawah": "unlabeled", "varietas": "unlabeled", "usia_fase": null, "overlap_ratio": 0.0, "is_ground_truth": false }, "geometry": { "type": "Polygon", "coordinates": [ [ [ 110.6718068262618, -7.614189207495157 ], [ 110.672169466592905, -7.614189481957426 ], [ 110.672169535323007, -7.614099026261588 ], [ 110.67262283567176, -7.61409936891497 ], [ 110.672622904312036, -7.614008913219132 ], [ 110.672713564356627, -7.614008981688723 ], [ 110.672713770214557, -7.613737614583243 ], [ 110.672623110214886, -7.613737546104669 ], [ 110.672623384749016, -7.61337572329437 ], [ 110.671807445515441, -7.613375106241601 ], [ 110.6718068262618, -7.614189207495157 ] ] ] } },
{ "type": "Feature", "properties": { "cluster_id": -837514833, "count": 2, "area_m2": 200.00000845640898, "area_ha": 0.020000000845640898, "kelas_sawah": "unlabeled", "varietas": "unlabeled", "usia_fase": null, "overlap_ratio": 0.0, "is_ground_truth": false }, "geometry": { "type": "Polygon", "coordinates": [ [ [ 110.672442682898364, -7.612561484957902 ], [ 110.67262400239467, -7.612561621941999 ], [ 110.672624071016969, -7.612471166228195 ], [ 110.672442751556602, -7.61247102925308 ], [ 110.672442682898364, -7.612561484957902 ] ] ] } },
{ "type": "Feature", "properties": { "cluster_id": -1696711426, "count": 79, "area_m2": 7900.0000252432073, "area_ha": 0.79000000252432079, "kelas_sawah": "unlabeled", "varietas": "unlabeled", "usia_fase": null, "overlap_ratio": 0.0, "is_ground_truth": false }, "geometry": { "type": "Polygon", "coordinates": [ [ [ 110.671881987133816, -7.6345417978354 ], [ 110.672063315864804, -7.634541935439335 ], [ 110.6720633848105, -7.634451479824346 ], [ 110.672244713505549, -7.634451617356416 ], [ 110.672244644604774, -7.634542072971406 ], [ 110.672697966459197, -7.634542416451238 ], [ 110.672698585703856, -7.633728315889384 ], [ 110.671882607914583, -7.633727697336429 ], [ 110.671881987133816, -7.6345417978354 ] ] ] } },
{ "type": "Feature", "properties": { "cluster_id": 1808964844, "count": 86, "area_m2": 8599.9999945436139, "area_ha": 0.85999999945436134, "kelas_sawah": "unlabeled", "varietas": "unlabeled", "usia_fase": null, "overlap_ratio": 0.0, "is_ground_truth": false }, "geometry": { "type": "Polygon", "coordinates": [ [ [ 110.671791943728749, -7.633727628507512 ], [ 110.67260792150006, -7.63372824724013 ], [ 110.672608265590739, -7.633275969138235 ], [ 110.672698929695727, -7.633276037778505 ], [ 110.672699273669636, -7.632823759667627 ], [ 110.672517945648309, -7.632823622360135 ], [ 110.672517876819398, -7.632914077984108 ], [ 110.671792564617334, -7.632913527990575 ], [ 110.671792426645084, -7.633094439220553 ], [ 110.671883090705151, -7.633094508031504 ], [ 110.671883021741493, -7.633184963646493 ], [ 110.671792357654468, -7.633184894835543 ], [ 110.671791943728749, -7.633727628507512 ] ] ] } },
{ "type": "Feature", "properties": { "cluster_id": 606749785, "count": 84, "area_m2": 8399.9999940156704, "area_ha": 0.839999999401567, "kelas_sawah": "unlabeled", "varietas": "unlabeled", "usia_fase": null, "overlap_ratio": 0.0, "is_ground_truth": false }, "geometry": { "type": "Polygon", "coordinates": [ [ [ 110.671794495833495, -7.630380770609178 ], [ 110.67188515932763, -7.630380839402163 ], [ 110.67188509038192, -7.630471295026135 ], [ 110.672066417397133, -7.630471432558205 ], [ 110.672066486306903, -7.63038097692525 ], [ 110.672610467262686, -7.630381389054335 ], [ 110.672610536055672, -7.63029093342138 ], [ 110.672701199531843, -7.630291002043684 ], [ 110.672701337063913, -7.630110090777773 ], [ 110.67261067362368, -7.630110022155469 ], [ 110.672610948768664, -7.629748199614663 ], [ 110.672701612128051, -7.629748268227984 ], [ 110.672701749651139, -7.62956735695309 ], [ 110.672067106395971, -7.629566876255598 ], [ 110.672067037504178, -7.629657331888554 ], [ 110.671795047488914, -7.629657125590449 ], [ 110.671794495833495, -7.630380770609178 ] ] ] } },
{ "type": "Feature", "properties": { "cluster_id": 2099649776, "count": 78, "area_m2": 7800.0000439657015, "area_ha": 0.78000000439657013, "kelas_sawah": "unlabeled", "varietas": "unlabeled", "usia_fase": null, "overlap_ratio": 0.0, "is_ground_truth": false }, "geometry": { "type": "Polygon", "coordinates": [ [ [ 110.671888191923244, -7.626400791453301 ], [ 110.672341505189777, -7.6264011349511 ], [ 110.672341574000725, -7.626310679300178 ], [ 110.672613561913934, -7.626310885167092 ], [ 110.672613493165855, -7.626401340818013 ], [ 110.672704155824562, -7.626401409404385 ], [ 110.672704774386489, -7.625587308528122 ], [ 110.671888812030275, -7.625586690648904 ], [ 110.671888191923244, -7.626400791453301 ] ] ] } },
{ "type": "Feature", "properties": { "cluster_id": 1604531735, "count": 79, "area_m2": 7900.0000063935295, "area_ha": 0.79000000063935294, "kelas_sawah": "unlabeled", "varietas": "unlabeled", "usia_fase": null, "overlap_ratio": 0.0, "is_ground_truth": false }, "geometry": { "type": "Polygon", "coordinates": [ [ [ 110.671798769757103, -7.624772521069487 ], [ 110.671980094373808, -7.624772658529692 ], [ 110.671980163247639, -7.62468220287877 ], [ 110.672524137007926, -7.624682614810227 ], [ 110.67252406825088, -7.624773070470131 ], [ 110.672614730559232, -7.624773139056503 ], [ 110.672614799298316, -7.624682683396599 ], [ 110.672705461597687, -7.624682751973987 ], [ 110.67270601130376, -7.623959106694747 ], [ 110.671799389900073, -7.623958420202207 ], [ 110.671799320999298, -7.624048875862112 ], [ 110.671889983154941, -7.624048944592214 ], [ 110.671889707614682, -7.624410767204885 ], [ 110.671799045387189, -7.624410698465799 ], [ 110.671798769757103, -7.624772521069487 ] ] ] } },
{ "type": "Feature", "properties": { "cluster_id": 1910095765, "count": 79, "area_m2": 7900.0000017395359, "area_ha": 0.79000000017395355, "kelas_sawah": "unlabeled", "varietas": "unlabeled", "usia_fase": null, "overlap_ratio": 0.0, "is_ground_truth": false }, "geometry": { "type": "Polygon", "coordinates": [ [ [ 110.671890740812017, -7.623053932387157 ], [ 110.672344050557143, -7.623054275732242 ], [ 110.672343981773139, -7.623144731392148 ], [ 110.67270662966807, -7.623145005728652 ], [ 110.672707316645699, -7.622240449066719 ], [ 110.672435331301671, -7.622240243361502 ], [ 110.672435262553606, -7.622330699030391 ], [ 110.671891291766741, -7.622330287116901 ], [ 110.671890740812017, -7.623053932387157 ] ] ] } },
{ "type": "Feature", "properties": { "cluster_id": 1647583955, "count": 3, "area_m2": 300.00001383421471, "area_ha": 0.03000000138342147, "kelas_sawah": "unlabeled", "varietas": "unlabeled", "usia_fase": null, "overlap_ratio": 0.0, "is_ground_truth": false }, "geometry": { "type": "Polygon", "coordinates": [ [ [ 110.67262400239467, -7.612561621941999 ], [ 110.67289598163913, -7.61256182726094 ], [ 110.672896050207541, -7.612471371547136 ], [ 110.672624071016969, -7.612471166228195 ], [ 110.67262400239467, -7.612561621941999 ] ] ] } },
{ "type": "Feature", "properties": { "cluster_id": 2054108556, "count": 73, "area_m2": 7300.000030331139, "area_ha": 0.73000000303311385, "kelas_sawah": "unlabeled", "varietas": "unlabeled", "usia_fase": null, "overlap_ratio": 0.0, "is_ground_truth": false }, "geometry": { "type": "Polygon", "coordinates": [ [ [ 110.672620364163876, -7.61735577392021 ], [ 110.672801685681392, -7.61735591091329 ], [ 110.672801754303691, -7.617265455226436 ], [ 110.673164397266859, -7.617265728970053 ], [ 110.673164328707443, -7.617356184656908 ], [ 110.673436310997189, -7.617356389769236 ], [ 110.673436858942566, -7.616632744193551 ], [ 110.673074216509406, -7.616632470701464 ], [ 110.673074285077803, -7.616542015005626 ], [ 110.672620982141908, -7.616541672720553 ], [ 110.672620364163876, -7.61735577392021 ] ] ] } },
{ "type": "Feature", "properties": { "cluster_id": 557906995, "count": 90, "area_m2": 9000.0000246244599, "area_ha": 0.90000000246244594, "kelas_sawah": "unlabeled", "varietas": "unlabeled", "usia_fase": null, "overlap_ratio": 0.0, "is_ground_truth": false }, "geometry": { "type": "Polygon", "coordinates": [ [ [ 110.672615349157098, -7.623959038126341 ], [ 110.673431308494969, -7.623959654514357 ], [ 110.673431377045418, -7.623869198845468 ], [ 110.673522039183084, -7.623869267243194 ], [ 110.673522587460837, -7.623145621874122 ], [ 110.673159939538962, -7.623145348220337 ], [ 110.67316000815228, -7.623054892551449 ], [ 110.673069346194282, -7.623054824090842 ], [ 110.673069277562988, -7.623145279759729 ], [ 110.672615967692096, -7.623144937169229 ], [ 110.672615349157098, -7.623959038126341 ] ] ] } },
{ "type": "Feature", "properties": { "cluster_id": -1227627856, "count": 81, "area_m2": 8100.0000126558007, "area_ha": 0.81000000126558003, "kelas_sawah": "unlabeled", "varietas": "unlabeled", "usia_fase": null, "overlap_ratio": 0.0, "is_ground_truth": false }, "geometry": { "type": "Polygon", "coordinates": [ [ [ 110.672619746122962, -7.6181698751019 ], [ 110.673435694492397, -7.618170491013808 ], [ 110.673436310997189, -7.617356389769236 ], [ 110.673164328707443, -7.617356184656908 ], [ 110.673164397266859, -7.617265728970053 ], [ 110.672801754303691, -7.617265455226436 ], [ 110.672801685681392, -7.61735591091329 ], [ 110.672620364163876, -7.61735577392021 ], [ 110.672620089486003, -7.617717596676611 ], [ 110.67271075032113, -7.617717665182135 ], [ 110.67271047570614, -7.61807948792057 ], [ 110.672619814790181, -7.618079419415046 ], [ 110.672619746122962, -7.6181698751019 ] ] ] } },
{ "type": "Feature", "properties": { "cluster_id": -2005133754, "count": 87, "area_m2": 8700.000005432812, "area_ha": 0.87000000054328119, "kelas_sawah": "unlabeled", "varietas": "unlabeled", "usia_fase": null, "overlap_ratio": 0.0, "is_ground_truth": false }, "geometry": { "type": "Polygon", "coordinates": [ [ [ 110.672617822874855, -7.620702634118231 ], [ 110.673071130176567, -7.62070297659195 ], [ 110.673071198780903, -7.620612520914078 ], [ 110.673433844564784, -7.620612794549897 ], [ 110.673434118667728, -7.620250971820446 ], [ 110.673524780041831, -7.620251040182239 ], [ 110.673525054054949, -7.619889217443804 ], [ 110.673253070166197, -7.619889012322492 ], [ 110.673253138725613, -7.619798556635637 ], [ 110.672709171091839, -7.619798145880973 ], [ 110.672709102415638, -7.619888601558845 ], [ 110.672618441131362, -7.619888533035355 ], [ 110.672617822874855, -7.620702634118231 ] ] ] } },
{ "type": "Feature", "properties": { "cluster_id": 817727507, "count": 74, "area_m2": 7399.9999527086038, "area_ha": 0.73999999527086036, "kelas_sawah": "unlabeled", "varietas": "unlabeled", "usia_fase": null, "overlap_ratio": 0.0, "is_ground_truth": false }, "geometry": { "type": "Polygon", "coordinates": [ [ [ 110.672704155824562, -7.626401409404385 ], [ 110.673429457121074, -7.626401957403658 ], [ 110.673430074308584, -7.625587856473496 ], [ 110.673339411820578, -7.625587788048821 ], [ 110.673339480406938, -7.625497332388916 ], [ 110.673248817936894, -7.625497263946274 ], [ 110.673248749323577, -7.625587719606179 ], [ 110.673067424338555, -7.625587582658015 ], [ 110.673067492987812, -7.625497126998109 ], [ 110.672976830517769, -7.625497058492586 ], [ 110.672976761850535, -7.625587514152491 ], [ 110.672704774386489, -7.625587308528122 ], [ 110.672704155824562, -7.626401409404385 ] ] ] } },
{ "type": "Feature", "properties": { "cluster_id": 602044282, "count": 79, "area_m2": 7899.9999676295556, "area_ha": 0.78999999676295551, "kelas_sawah": "unlabeled", "varietas": "unlabeled", "usia_fase": null, "overlap_ratio": 0.0, "is_ground_truth": false }, "geometry": { "type": "Polygon", "coordinates": [ [ [ 110.672622767031498, -7.614189824619791 ], [ 110.672894747309016, -7.614190029983647 ], [ 110.672894815886409, -7.614099574278827 ], [ 110.67343877634265, -7.614099984494501 ], [ 110.673439187124259, -7.613557250238627 ], [ 110.673529847096987, -7.613557318537538 ], [ 110.673529983973296, -7.61337640710993 ], [ 110.673348664126635, -7.613376270503124 ], [ 110.67334873260522, -7.613285814789321 ], [ 110.6728954330829, -7.613285472926457 ], [ 110.672895364505521, -7.61337592864026 ], [ 110.672623384749016, -7.61337572329437 ], [ 110.672623110214886, -7.613737546104669 ], [ 110.672713770214557, -7.613737614583243 ], [ 110.672713564356627, -7.614008981688723 ], [ 110.672622904312036, -7.614008913219132 ], [ 110.672622767031498, -7.614189824619791 ] ] ] } },
{ "type": "Feature", "properties": { "cluster_id": 1444232292, "count": 60, "area_m2": 5999.9999873840716, "area_ha": 0.59999999873840715, "kelas_sawah": "unlabeled", "varietas": "unlabeled", "usia_fase": null, "overlap_ratio": 0.0, "is_ground_truth": false }, "geometry": { "type": "Polygon", "coordinates": [ [ [ 110.672696314807737, -7.636713351148098 ], [ 110.673421633486655, -7.636713899901956 ], [ 110.673421702162855, -7.636623444286966 ], [ 110.673512366977505, -7.63662351279249 ], [ 110.673512710250719, -7.63617123470856 ], [ 110.673422045525911, -7.63617116621202 ], [ 110.67342211419313, -7.636080710588048 ], [ 110.672787461290056, -7.636080230546326 ], [ 110.67278739248809, -7.636170686152332 ], [ 110.672696727772248, -7.636170617494095 ], [ 110.672696314807737, -7.636713351148098 ] ] ] } },
{ "type": "Feature", "properties": { "cluster_id": 1754456143, "count": 82, "area_m2": 8199.9999698158354, "area_ha": 0.81999999698158355, "kelas_sawah": "unlabeled", "varietas": "unlabeled", "usia_fase": null, "overlap_ratio": 0.0, "is_ground_truth": false }, "geometry": { "type": "Polygon", "coordinates": [ [ [ 110.672606063056421, -7.636170548826875 ], [ 110.67278739248809, -7.636170686152332 ], [ 110.672787461290056, -7.636080230546326 ], [ 110.67342211419313, -7.636080710588048 ], [ 110.673422594863666, -7.635447521265156 ], [ 110.673513259435779, -7.635447589761696 ], [ 110.673513328085036, -7.635357134137724 ], [ 110.673422663530886, -7.635357065641184 ], [ 110.673422732198105, -7.635266610026195 ], [ 110.67260675143541, -7.635265992712915 ], [ 110.672606476092795, -7.635627815163889 ], [ 110.672697140691852, -7.635627883831109 ], [ 110.672697003051994, -7.635808795052104 ], [ 110.672606338416998, -7.635808726384884 ], [ 110.672606063056421, -7.636170548826875 ] ] ] } },
{ "type": "Feature", "properties": { "cluster_id": 2050549073, "count": 82, "area_m2": 8199.9999826325802, "area_ha": 0.81999999826325798, "kelas_sawah": "unlabeled", "varietas": "unlabeled", "usia_fase": null, "overlap_ratio": 0.0, "is_ground_truth": false }, "geometry": { "type": "Polygon", "coordinates": [ [ [ 110.67260675143541, -7.635265992712915 ], [ 110.673513396725298, -7.635266678513752 ], [ 110.673513945847461, -7.634543033539939 ], [ 110.673423281472992, -7.634542965043399 ], [ 110.673423350122249, -7.634452509419426 ], [ 110.672879363974189, -7.634452098098824 ], [ 110.672879295208148, -7.634542553713813 ], [ 110.672697966459197, -7.634542416451238 ], [ 110.67269769121539, -7.634904238920178 ], [ 110.672607026769057, -7.634904170252957 ], [ 110.67260675143541, -7.635265992712915 ] ] ] } },
{ "type": "Feature", "properties": { "cluster_id": -967655120, "count": 76, "area_m2": 7599.9999393994221, "area_ha": 0.75999999393994222, "kelas_sawah": "unlabeled", "varietas": "unlabeled", "usia_fase": null, "overlap_ratio": 0.0, "is_ground_truth": false }, "geometry": { "type": "Polygon", "coordinates": [ [ [ 110.672697966459197, -7.634542416451238 ], [ 110.672879295208148, -7.634542553713813 ], [ 110.672879363974189, -7.634452098098824 ], [ 110.673423350122249, -7.634452509419426 ], [ 110.673423624737225, -7.634090686923536 ], [ 110.673514289021867, -7.634090755411093 ], [ 110.673514563547016, -7.63372893290622 ], [ 110.67342389934322, -7.633728864418663 ], [ 110.673423967992477, -7.633638408794691 ], [ 110.672879982868508, -7.633637997510021 ], [ 110.672879914102467, -7.633728453133993 ], [ 110.672698585703856, -7.633728315889384 ], [ 110.672697966459197, -7.634542416451238 ] ] ] } },
{ "type": "Feature", "properties": { "cluster_id": 1975395828, "count": 84, "area_m2": 8399.9999769506394, "area_ha": 0.83999999769506395, "kelas_sawah": "unlabeled", "varietas": "unlabeled", "usia_fase": null, "overlap_ratio": 0.0, "is_ground_truth": false }, "geometry": { "type": "Polygon", "coordinates": [ [ [ 110.67260792150006, -7.63372824724013 ], [ 110.672879914102467, -7.633728453133993 ], [ 110.672879982868508, -7.633637997510021 ], [ 110.673514632178311, -7.633638477273265 ], [ 110.673514906685497, -7.633276654759409 ], [ 110.673424242571528, -7.633276586280835 ], [ 110.673424379861046, -7.633095675023907 ], [ 110.673515043930109, -7.633095743502481 ], [ 110.673515181183703, -7.63291483223657 ], [ 110.673424517141598, -7.632914763766979 ], [ 110.673424585781859, -7.632824308134023 ], [ 110.672789937675802, -7.632823828289931 ], [ 110.672789868900779, -7.632914283913903 ], [ 110.67269920487665, -7.632914215291598 ], [ 110.672698929695727, -7.633276037778505 ], [ 110.672608265590739, -7.633275969138235 ], [ 110.67260792150006, -7.63372824724013 ] ] ] } },
{ "type": "Feature", "properties": { "cluster_id": -454748267, "count": 80, "area_m2": 7999.9999263000791, "area_ha": 0.79999999263000787, "kelas_sawah": "unlabeled", "varietas": "unlabeled", "usia_fase": null, "overlap_ratio": 0.0, "is_ground_truth": false }, "geometry": { "type": "Polygon", "coordinates": [ [ [ 110.672608609654475, -7.632823691018372 ], [ 110.672699273669636, -7.632823759667627 ], [ 110.67269920487665, -7.632914215291598 ], [ 110.672789868900779, -7.632914283913903 ], [ 110.672789937675802, -7.632823828289931 ], [ 110.67351524979702, -7.632824376603614 ], [ 110.673515798739516, -7.632100731539969 ], [ 110.673425134877078, -7.632100663079362 ], [ 110.673425203508373, -7.632010207446406 ], [ 110.67288122045052, -7.632009796251568 ], [ 110.672881151702455, -7.63210025187554 ], [ 110.672699823977581, -7.632100114657881 ], [ 110.672699342462622, -7.632733304043654 ], [ 110.672608678465437, -7.632733235403383 ], [ 110.672608609654475, -7.632823691018372 ] ] ] } },
{ "type": "Feature", "properties": { "cluster_id": -1836058675, "count": 84, "area_m2": 8399.999985837203, "area_ha": 0.83999999858372032, "kelas_sawah": "unlabeled", "varietas": "unlabeled", "usia_fase": null, "overlap_ratio": 0.0, "is_ground_truth": false }, "geometry": { "type": "Polygon", "coordinates": [ [ [ 110.672609160124125, -7.632100046026593 ], [ 110.672881151702455, -7.63210025187554 ], [ 110.67288122045052, -7.632009796251568 ], [ 110.673425203508373, -7.632010207446406 ], [ 110.673425409402228, -7.631738840538556 ], [ 110.6735160731928, -7.631738908999163 ], [ 110.673516279023787, -7.631467542091314 ], [ 110.673425615287115, -7.631467473630706 ], [ 110.673425821171989, -7.631196106722856 ], [ 110.672881839138228, -7.631195695572933 ], [ 110.672881770399144, -7.631286151205889 ], [ 110.672609779332845, -7.631285945374908 ], [ 110.672609160124125, -7.632100046026593 ] ] ] } },
{ "type": "Feature", "properties": { "cluster_id": 919294757, "count": 86, "area_m2": 8600.0000326783629, "area_ha": 0.86000000326783632, "kelas_sawah": "unlabeled", "varietas": "unlabeled", "usia_fase": null, "overlap_ratio": 0.0, "is_ground_truth": false }, "geometry": { "type": "Polygon", "coordinates": [ [ [ 110.672609779332845, -7.631285945374908 ], [ 110.672881770399144, -7.631286151205889 ], [ 110.672881839138228, -7.631195695572933 ], [ 110.673516484845791, -7.631196175183463 ], [ 110.673516553450128, -7.631105719541525 ], [ 110.673425889794302, -7.631105651080917 ], [ 110.673426095661213, -7.630834284164084 ], [ 110.673516759263137, -7.630834352624692 ], [ 110.67351703366252, -7.630472530056937 ], [ 110.673426370141442, -7.630472461605312 ], [ 110.673426438763755, -7.630382005972357 ], [ 110.672882457754056, -7.63038159486735 ], [ 110.672882389023954, -7.630472050500305 ], [ 110.6726103984697, -7.630471844687291 ], [ 110.672609779332845, -7.631285945374908 ] ] ] } },
{ "type": "Feature", "properties": { "cluster_id": -177107910, "count": 80, "area_m2": 8000.0000440512667, "area_ha": 0.80000000440512664, "kelas_sawah": "unlabeled", "varietas": "unlabeled", "usia_fase": null, "overlap_ratio": 0.0, "is_ground_truth": false }, "geometry": { "type": "Polygon", "coordinates": [ [ [ 110.6726103984697, -7.630471844687291 ], [ 110.672882389023954, -7.630472050500305 ], [ 110.672882457754056, -7.63038159486735 ], [ 110.673426438763755, -7.630382005972357 ], [ 110.673427056283643, -7.629567905185925 ], [ 110.672701749651139, -7.62956735695309 ], [ 110.672701612128051, -7.629748268227984 ], [ 110.672610948768664, -7.629748199614663 ], [ 110.67261067362368, -7.630110022155469 ], [ 110.672701337063913, -7.630110090777773 ], [ 110.672701199531843, -7.630291002043684 ], [ 110.672610536055672, -7.63029093342138 ], [ 110.6726103984697, -7.630471844687291 ] ] ] } },
{ "type": "Feature", "properties": { "cluster_id": -1796408405, "count": 80, "area_m2": 7999.9999449431198, "area_ha": 0.79999999449431203, "kelas_sawah": "unlabeled", "varietas": "unlabeled", "usia_fase": null, "overlap_ratio": 0.0, "is_ground_truth": false }, "geometry": { "type": "Polygon", "coordinates": [ [ [ 110.672611636554777, -7.628843643231209 ], [ 110.672883626075972, -7.628843848999307 ], [ 110.672883694788112, -7.628753393357369 ], [ 110.673518336902404, -7.628753872806202 ], [ 110.673518679807316, -7.628301594560575 ], [ 110.673428016744381, -7.628301526126918 ], [ 110.673428222530447, -7.628030159183135 ], [ 110.672612255494016, -7.628029542462743 ], [ 110.672611636554777, -7.628843643231209 ] ] ] } },
{ "type": "Feature", "properties": { "cluster_id": 655655232, "count": 84, "area_m2": 8400.0000309647294, "area_ha": 0.84000000309647294, "kelas_sawah": "unlabeled", "varietas": "unlabeled", "usia_fase": null, "overlap_ratio": 0.0, "is_ground_truth": false }, "geometry": { "type": "Polygon", "coordinates": [ [ [ 110.672612255494016, -7.628029542462743 ], [ 110.673428222530447, -7.628030159183135 ], [ 110.673428565498241, -7.627577880919542 ], [ 110.673519228417447, -7.627577949344217 ], [ 110.673519434131649, -7.627306582382468 ], [ 110.673428771275326, -7.627306513957793 ], [ 110.673428908448059, -7.62712560265595 ], [ 110.672794268741242, -7.627125123171183 ], [ 110.672794200020121, -7.627215578822105 ], [ 110.672703537190756, -7.627215510244716 ], [ 110.672703468451672, -7.627305965895638 ], [ 110.672612805604331, -7.627305897300283 ], [ 110.672612736838289, -7.627396352951205 ], [ 110.672703399712574, -7.62739642154656 ], [ 110.672702987242133, -7.627939155416159 ], [ 110.672612324260044, -7.627939086820803 ], [ 110.672612255494016, -7.628029542462743 ] ] ] } },
{ "type": "Feature", "properties": { "cluster_id": -1299047591, "count": 71, "area_m2": 7100.0000364927109, "area_ha": 0.71000000364927107, "kelas_sawah": "unlabeled", "varietas": "unlabeled", "usia_fase": null, "overlap_ratio": 0.0, "is_ground_truth": false }, "geometry": { "type": "Polygon", "coordinates": [ [ [ 110.672612874361377, -7.627215441658344 ], [ 110.672794200020121, -7.627215578822105 ], [ 110.672794268741242, -7.627125123171183 ], [ 110.673428908448059, -7.62712560265595 ], [ 110.673429457121074, -7.626401957403658 ], [ 110.672613493165855, -7.626401340818013 ], [ 110.672613424408809, -7.626491796468936 ], [ 110.672704087085464, -7.626491865055307 ], [ 110.672703880886175, -7.626763232008074 ], [ 110.672613218146637, -7.626763163421701 ], [ 110.672612874361377, -7.627215441658344 ] ] ] } },
{ "type": "Feature", "properties": { "cluster_id": 1556853602, "count": 79, "area_m2": 7900.0000204431126, "area_ha": 0.79000000204431131, "kelas_sawah": "unlabeled", "varietas": "unlabeled", "usia_fase": null, "overlap_ratio": 0.0, "is_ground_truth": false }, "geometry": { "type": "Polygon", "coordinates": [ [ [ 110.672614111898483, -7.625587239950733 ], [ 110.672976761850535, -7.625587514152491 ], [ 110.672976830517769, -7.625497058492586 ], [ 110.673067492987812, -7.625497126998109 ], [ 110.673067424338555, -7.625587582658015 ], [ 110.673248749323577, -7.625587719606179 ], [ 110.673248817936894, -7.625497263946274 ], [ 110.673339480406938, -7.625497332388916 ], [ 110.673339411820578, -7.625587788048821 ], [ 110.673430074308584, -7.625587856473496 ], [ 110.673430348600178, -7.625226033824893 ], [ 110.673521011016334, -7.625226102231601 ], [ 110.673521148117203, -7.625045190902808 ], [ 110.673430485736986, -7.625045122505083 ], [ 110.673430691433225, -7.624773755507401 ], [ 110.672614730559232, -7.624773139056503 ], [ 110.672614593090046, -7.624954050367331 ], [ 110.672705255443304, -7.62495411894472 ], [ 110.672705118001076, -7.625135030255547 ], [ 110.672614455611878, -7.625134961678158 ], [ 110.672614111898483, -7.625587239950733 ] ] ] } },
{ "type": "Feature", "properties": { "cluster_id": -1589207655, "count": 74, "area_m2": 7400.0000370049383, "area_ha": 0.74000000370049379, "kelas_sawah": "unlabeled", "varietas": "unlabeled", "usia_fase": null, "overlap_ratio": 0.0, "is_ground_truth": false }, "geometry": { "type": "Polygon", "coordinates": [ [ [ 110.672617135843325, -7.621607190834062 ], [ 110.672707797486922, -7.621607259375519 ], [ 110.672707247951521, -7.622330904735608 ], [ 110.673160556978004, -7.622331247191361 ], [ 110.67316062557336, -7.622240791522472 ], [ 110.673432610944332, -7.622240996760565 ], [ 110.673433227790497, -7.621426895677689 ], [ 110.673070581323898, -7.621426622005938 ], [ 110.673070512710567, -7.621517077683809 ], [ 110.672617204546469, -7.621516735165175 ], [ 110.672617135843325, -7.621607190834062 ] ] ] } },
{ "type": "Feature", "properties": { "cluster_id": 1825137460, "count": 83, "area_m2": 8300.0000290613389, "area_ha": 0.83000000290613385, "kelas_sawah": "unlabeled", "varietas": "unlabeled", "usia_fase": null, "overlap_ratio": 0.0, "is_ground_truth": false }, "geometry": { "type": "Polygon", "coordinates": [ [ [ 110.672617204546469, -7.621516735165175 ], [ 110.673070512710567, -7.621517077683809 ], [ 110.673070581323898, -7.621426622005938 ], [ 110.673433227790497, -7.621426895677689 ], [ 110.673433501920385, -7.62106507295722 ], [ 110.673524163465174, -7.621065141327997 ], [ 110.673524300485198, -7.620884229963271 ], [ 110.673433638976348, -7.620884161601478 ], [ 110.673433844564784, -7.620612794549897 ], [ 110.673071198780903, -7.620612520914078 ], [ 110.673071130176567, -7.62070297659195 ], [ 110.672617822874855, -7.620702634118231 ], [ 110.672617204546469, -7.621516735165175 ] ] ] } },
{ "type": "Feature", "properties": { "cluster_id": -1784412225, "count": 86, "area_m2": 8599.999922568386, "area_ha": 0.85999999225683854, "kelas_sawah": "unlabeled", "varietas": "unlabeled", "usia_fase": null, "overlap_ratio": 0.0, "is_ground_truth": false }, "geometry": { "type": "Polygon", "coordinates": [ [ [ 110.672619059324987, -7.619074431925529 ], [ 110.673072364910922, -7.619074774327384 ], [ 110.673072433506277, -7.618984318640529 ], [ 110.673435077915741, -7.618984592222449 ], [ 110.673435694492397, -7.618170491013808 ], [ 110.672619746122962, -7.6181698751019 ], [ 110.672619059324987, -7.619074431925529 ] ] ] } },
{ "type": "Feature", "properties": { "cluster_id": -1422325724, "count": 90, "area_m2": 8999.9999775821925, "area_ha": 0.89999999775821926, "kelas_sawah": "unlabeled", "varietas": "unlabeled", "usia_fase": null, "overlap_ratio": 0.0, "is_ground_truth": false }, "geometry": { "type": "Polygon", "coordinates": [ [ [ 110.672621531398818, -7.615818027180802 ], [ 110.673437475321606, -7.61581864289508 ], [ 110.673437954680608, -7.615185452979301 ], [ 110.673528614985713, -7.615185521287195 ], [ 110.673528751897948, -7.615004609877553 ], [ 110.673438091628768, -7.615004541569659 ], [ 110.673438160107338, -7.614914085864839 ], [ 110.67289419862702, -7.614913675604248 ], [ 110.67289413004066, -7.615004131300085 ], [ 110.67280346977148, -7.615004062857444 ], [ 110.672803538384798, -7.614913607161607 ], [ 110.672712878142576, -7.614913538692016 ], [ 110.672712809511282, -7.615003994396837 ], [ 110.672622149251083, -7.615003925909279 ], [ 110.672621531398818, -7.615818027180802 ] ] ] } },
{ "type": "Feature", "properties": { "cluster_id": -908540311, "count": 85, "area_m2": 8500.0000429982902, "area_ha": 0.85000000429982903, "kelas_sawah": "unlabeled", "varietas": "unlabeled", "usia_fase": null, "overlap_ratio": 0.0, "is_ground_truth": false }, "geometry": { "type": "Polygon", "coordinates": [ [ [ 110.672622149251083, -7.615003925909279 ], [ 110.672712809511282, -7.615003994396837 ], [ 110.672712878142576, -7.614913538692016 ], [ 110.672803538384798, -7.614913607161607 ], [ 110.67280346977148, -7.615004062857444 ], [ 110.67289413004066, -7.615004131300085 ], [ 110.67289419862702, -7.614913675604248 ], [ 110.673438160107338, -7.614914085864839 ], [ 110.673438297055512, -7.614733174446213 ], [ 110.67352895727079, -7.614733242754108 ], [ 110.673529162625655, -7.614461875639646 ], [ 110.673438502464279, -7.614461807331751 ], [ 110.673438570942849, -7.614371351617947 ], [ 110.673529231077282, -7.614371419925841 ], [ 110.673529367971554, -7.614190508507217 ], [ 110.673438707873061, -7.614190440208305 ], [ 110.67343877634265, -7.614099984494501 ], [ 110.672894815886409, -7.614099574278827 ], [ 110.672894747309016, -7.614190029983647 ], [ 110.672622767031498, -7.614189824619791 ], [ 110.672622149251083, -7.615003925909279 ] ] ] } },
{ "type": "Feature", "properties": { "cluster_id": 156659463, "count": 81, "area_m2": 8099.9999705745722, "area_ha": 0.80999999705745718, "kelas_sawah": "unlabeled", "varietas": "unlabeled", "usia_fase": null, "overlap_ratio": 0.0, "is_ground_truth": false }, "geometry": { "type": "Polygon", "coordinates": [ [ [ 110.672623384749016, -7.61337572329437 ], [ 110.672895364505521, -7.61337592864026 ], [ 110.6728954330829, -7.613285472926457 ], [ 110.67334873260522, -7.613285814789321 ], [ 110.673348664126635, -7.613376270503124 ], [ 110.673439324045475, -7.613376338811019 ], [ 110.673439392506083, -7.613285883106198 ], [ 110.673530052415927, -7.613285951396126 ], [ 110.673530257734868, -7.613014584254715 ], [ 110.673439597878925, -7.613014515964786 ], [ 110.673439666339533, -7.612924060250982 ], [ 110.673530326168532, -7.61292412854091 ], [ 110.673530599912155, -7.612562305685694 ], [ 110.673439940155006, -7.612562237395767 ], [ 110.673440008606633, -7.612471781672979 ], [ 110.672896050207541, -7.612471371547136 ], [ 110.67289598163913, -7.61256182726094 ], [ 110.672714662142823, -7.612561690393624 ], [ 110.672714113281174, -7.61328533605914 ], [ 110.672623453380297, -7.613285267589549 ], [ 110.672623384749016, -7.61337572329437 ] ] ] } },
{ "type": "Feature", "properties": { "cluster_id": 788334647, "count": 82, "area_m2": 8200.0000085844658, "area_ha": 0.8200000008584466, "kelas_sawah": "unlabeled", "varietas": "unlabeled", "usia_fase": null, "overlap_ratio": 0.0, "is_ground_truth": false }, "geometry": { "type": "Polygon", "coordinates": [ [ [ 110.672611499004745, -7.629024554515086 ], [ 110.672702162211408, -7.629024623119424 ], [ 110.672701749651139, -7.62956735695309 ], [ 110.673427056283643, -7.629567905185925 ], [ 110.673427124896961, -7.629477449543987 ], [ 110.673517788202446, -7.629477517986627 ], [ 110.673518131143297, -7.629025239749985 ], [ 110.673608794367922, -7.62902530817466 ], [ 110.67360893149575, -7.628844396872815 ], [ 110.67351826831603, -7.628844328457124 ], [ 110.673518336902404, -7.628753872806202 ], [ 110.672883694788112, -7.628753393357369 ], [ 110.672883626075972, -7.628843848999307 ], [ 110.672611636554777, -7.628843643231209 ], [ 110.672611499004745, -7.629024554515086 ] ] ] } },
{ "type": "Feature", "properties": { "cluster_id": -1774202427, "count": 80, "area_m2": 7999.9999574222602, "area_ha": 0.79999999574222602, "kelas_sawah": "unlabeled", "varietas": "unlabeled", "usia_fase": null, "overlap_ratio": 0.0, "is_ground_truth": false }, "geometry": { "type": "Polygon", "coordinates": [ [ [ 110.672614730559232, -7.624773139056503 ], [ 110.673430691433225, -7.624773755507401 ], [ 110.673430828561052, -7.624592844178608 ], [ 110.673521490851442, -7.624592912576333 ], [ 110.67352197064163, -7.623959722912082 ], [ 110.67270601130376, -7.623959106694747 ], [ 110.672705461597687, -7.624682751973987 ], [ 110.672614799298316, -7.624682683396599 ], [ 110.672614730559232, -7.624773139056503 ] ] ] } },
{ "type": "Feature", "properties": { "cluster_id": -1447189807, "count": 84, "area_m2": 8399.999950947531, "area_ha": 0.83999999509475309, "kelas_sawah": "unlabeled", "varietas": "unlabeled", "usia_fase": null, "overlap_ratio": 0.0, "is_ground_truth": false }, "geometry": { "type": "Polygon", "coordinates": [ [ [ 110.67270662966807, -7.623145005728652 ], [ 110.673069277562988, -7.623145279759729 ], [ 110.673069346194282, -7.623054824090842 ], [ 110.67316000815228, -7.623054892551449 ], [ 110.673159939538962, -7.623145348220337 ], [ 110.673522587460837, -7.623145621874122 ], [ 110.673523272731671, -7.622241065140324 ], [ 110.67316062557336, -7.622240791522472 ], [ 110.673160556978004, -7.622331247191361 ], [ 110.672707247951521, -7.622330904735608 ], [ 110.67270662966807, -7.623145005728652 ] ] ] } },
{ "type": "Feature", "properties": { "cluster_id": -1849859858, "count": 78, "area_m2": 7799.9999839562224, "area_ha": 0.77999999839562228, "kelas_sawah": "unlabeled", "varietas": "unlabeled", "usia_fase": null, "overlap_ratio": 0.0, "is_ground_truth": false }, "geometry": { "type": "Polygon", "coordinates": [ [ [ 110.672709171091839, -7.619798145880973 ], [ 110.673253138725613, -7.619798556635637 ], [ 110.673253070166197, -7.619889012322492 ], [ 110.673434392752711, -7.619889149090994 ], [ 110.673434529790697, -7.619708237717285 ], [ 110.673525191048029, -7.619708306070095 ], [ 110.673525739020349, -7.618984660566276 ], [ 110.673072433506277, -7.618984318640529 ], [ 110.673072364910922, -7.619074774327384 ], [ 110.67270972043859, -7.619074500440036 ], [ 110.672709171091839, -7.619798145880973 ] ] ] } },
{ "type": "Feature", "properties": { "cluster_id": 860766517, "count": 77, "area_m2": 7699.9999941923306, "area_ha": 0.76999999941923303, "kelas_sawah": "unlabeled", "varietas": "unlabeled", "usia_fase": null, "overlap_ratio": 0.0, "is_ground_truth": false }, "geometry": { "type": "Polygon", "coordinates": [ [ [ 110.672711642725488, -7.616541741217094 ], [ 110.673074285077803, -7.616542015005626 ], [ 110.673074216509406, -7.616632470701464 ], [ 110.673527519553105, -7.616632812519412 ], [ 110.673528135761458, -7.615818711211958 ], [ 110.672712191829689, -7.615818095668359 ], [ 110.672711642725488, -7.616541741217094 ] ] ] } },
{ "type": "Feature", "properties": { "cluster_id": 1647583955, "count": 1, "area_m2": 100.00000979052872, "area_ha": 0.010000000979052872, "kelas_sawah": "unlabeled", "varietas": "unlabeled", "usia_fase": null, "overlap_ratio": 0.0, "is_ground_truth": false }, "geometry": { "type": "Polygon", "coordinates": [ [ [ 110.673439940155006, -7.612562237395767 ], [ 110.673530599912155, -7.612562305685694 ], [ 110.673530668345805, -7.612471849962907 ], [ 110.673440008606633, -7.612471781672979 ], [ 110.673439940155006, -7.612562237395767 ] ] ] } },
{ "type": "Feature", "properties": { "cluster_id": 322256152, "count": 78, "area_m2": 7799.9999996443512, "area_ha": 0.77999999996443514, "kelas_sawah": "unlabeled", "varietas": "unlabeled", "usia_fase": null, "overlap_ratio": 0.0, "is_ground_truth": false }, "geometry": { "type": "Polygon", "coordinates": [ [ [ 110.673522039183084, -7.623869267243194 ], [ 110.674247336275485, -7.623869813688382 ], [ 110.674247541432734, -7.623598446663751 ], [ 110.674338203516513, -7.623598514881813 ], [ 110.674338545325469, -7.623146236492457 ], [ 110.674247883340513, -7.623146168274394 ], [ 110.674247951711294, -7.623055712596522 ], [ 110.673975965810314, -7.62305550784352 ], [ 110.673976034243964, -7.622965052165648 ], [ 110.673885372303928, -7.622964983875721 ], [ 110.673885303843321, -7.623055439553592 ], [ 110.67352265599331, -7.623055166205234 ], [ 110.673522039183084, -7.623869267243194 ] ] ] } },
{ "type": "Feature", "properties": { "cluster_id": -1198388952, "count": 87, "area_m2": 8700.0000308436574, "area_ha": 0.87000000308436576, "kelas_sawah": "unlabeled", "varietas": "unlabeled", "usia_fase": null, "overlap_ratio": 0.0, "is_ground_truth": false }, "geometry": { "type": "MultiPolygon", "coordinates": [ [ [ [ 110.673513328085036, -7.635357134137724 ], [ 110.673513396725298, -7.635266678513752 ], [ 110.673422732198105, -7.635266610026195 ], [ 110.673422663530886, -7.635357065641184 ], [ 110.673513328085036, -7.635357134137724 ] ] ], [ [ [ 110.673513328085036, -7.635357134137724 ], [ 110.673513259435779, -7.635447589761696 ], [ 110.673422594863666, -7.635447521265156 ], [ 110.673422045525911, -7.63617116621202 ], [ 110.674238028067265, -7.636171782052063 ], [ 110.674238644527136, -7.635357681418345 ], [ 110.674147979973, -7.635357613074518 ], [ 110.674148048478528, -7.635267157450546 ], [ 110.673604061261472, -7.635266746992326 ], [ 110.673603992639173, -7.635357202616299 ], [ 110.673513328085036, -7.635357134137724 ] ] ] ] } },
{ "type": "Feature", "properties": { "cluster_id": 1360763078, "count": 51, "area_m2": 5099.999998586718, "area_ha": 0.50999999985867184, "kelas_sawah": "unlabeled", "varietas": "unlabeled", "usia_fase": null, "overlap_ratio": 0.0, "is_ground_truth": false }, "geometry": { "type": "Polygon", "coordinates": [ [ [ 110.673421633486655, -7.636713899901956 ], [ 110.674237617052086, -7.636714515786915 ], [ 110.674237754063128, -7.636533604547953 ], [ 110.674328418868797, -7.636533672882797 ], [ 110.674328555834933, -7.636352761634852 ], [ 110.674237891065204, -7.636352693300008 ], [ 110.674238028067265, -7.636171782052063 ], [ 110.673512710250719, -7.63617123470856 ], [ 110.673512366977505, -7.63662351279249 ], [ 110.673421702162855, -7.636623444286966 ], [ 110.673421633486655, -7.636713899901956 ] ] ] } },
{ "type": "Feature", "properties": { "cluster_id": -2061280037, "count": 86, "area_m2": 8599.9999644432683, "area_ha": 0.85999999644432679, "kelas_sawah": "unlabeled", "varietas": "unlabeled", "usia_fase": null, "overlap_ratio": 0.0, "is_ground_truth": false }, "geometry": { "type": "Polygon", "coordinates": [ [ [ 110.673423281472992, -7.634542965043399 ], [ 110.673876603381316, -7.634543307301522 ], [ 110.673876671940732, -7.634452851668566 ], [ 110.67423932940271, -7.634453125124722 ], [ 110.674239397890275, -7.634362669491766 ], [ 110.6743300622378, -7.634362737808643 ], [ 110.674330541462055, -7.633729548377954 ], [ 110.674239877249278, -7.63372948007006 ], [ 110.674239945727848, -7.633639024428121 ], [ 110.673695960558959, -7.633638614176514 ], [ 110.673695891972585, -7.63372906980947 ], [ 110.673514563547016, -7.63372893290622 ], [ 110.673514289021867, -7.634090755411093 ], [ 110.673423624737225, -7.634090686923536 ], [ 110.673423281472992, -7.634542965043399 ] ] ] } },
{ "type": "Feature", "properties": { "cluster_id": -1982901643, "count": 73, "area_m2": 7299.9999952988583, "area_ha": 0.72999999952988581, "kelas_sawah": "unlabeled", "varietas": "unlabeled", "usia_fase": null, "overlap_ratio": 0.0, "is_ground_truth": false }, "geometry": { "type": "MultiPolygon", "coordinates": [ [ [ [ 110.673515181183703, -7.63291483223657 ], [ 110.67351524979702, -7.632824376603614 ], [ 110.673424585781859, -7.632824308134023 ], [ 110.673424517141598, -7.632914763766979 ], [ 110.673515181183703, -7.63291483223657 ] ] ], [ [ [ 110.673515181183703, -7.63291483223657 ], [ 110.673515043930109, -7.633095743502481 ], [ 110.673424379861046, -7.633095675023907 ], [ 110.673424242571528, -7.633276586280835 ], [ 110.673514906685497, -7.633276654759409 ], [ 110.673514632178311, -7.633638477273265 ], [ 110.673423967992477, -7.633638408794691 ], [ 110.67342389934322, -7.633728864418663 ], [ 110.673695891972585, -7.63372906980947 ], [ 110.673695960558959, -7.633638614176514 ], [ 110.674149281533033, -7.633638956102261 ], [ 110.674149418517132, -7.63345804483635 ], [ 110.674240082676008, -7.63345811316221 ], [ 110.674240561981122, -7.632824923704572 ], [ 110.673787241860438, -7.632824581913572 ], [ 110.673787173301022, -7.632915037546527 ], [ 110.673515181183703, -7.63291483223657 ] ] ] ] } },
{ "type": "Feature", "properties": { "cluster_id": 2139330919, "count": 71, "area_m2": 7100.0000002197339, "area_ha": 0.71000000002197339, "kelas_sawah": "unlabeled", "varietas": "unlabeled", "usia_fase": null, "overlap_ratio": 0.0, "is_ground_truth": false }, "geometry": { "type": "Polygon", "coordinates": [ [ [ 110.673515181183703, -7.63291483223657 ], [ 110.673787173301022, -7.632915037546527 ], [ 110.673787241860438, -7.632824581913572 ], [ 110.674331226005251, -7.632824992003482 ], [ 110.67433149979378, -7.63246316944471 ], [ 110.674240835841516, -7.6324631011458 ], [ 110.674240904311105, -7.632372645512844 ], [ 110.674331568236425, -7.632372713811755 ], [ 110.674331636688052, -7.632282258169816 ], [ 110.674240972771713, -7.632282189870906 ], [ 110.67424110970191, -7.632101278587028 ], [ 110.673606462610948, -7.632100799991594 ], [ 110.673606394015593, -7.63219125562455 ], [ 110.673515730126198, -7.632191187172925 ], [ 110.673515181183703, -7.63291483223657 ] ] ] } },
{ "type": "Feature", "properties": { "cluster_id": 1142511916, "count": 90, "area_m2": 8999.9999057300738, "area_ha": 0.89999999057300739, "kelas_sawah": "unlabeled", "varietas": "unlabeled", "usia_fase": null, "overlap_ratio": 0.0, "is_ground_truth": false }, "geometry": { "type": "Polygon", "coordinates": [ [ [ 110.673425752540709, -7.631286562355812 ], [ 110.674241725820437, -7.631287177800596 ], [ 110.67424199963591, -7.630925355223858 ], [ 110.674332663255811, -7.630925423504802 ], [ 110.674333005406126, -7.63047314526816 ], [ 110.674242341876067, -7.630473076987214 ], [ 110.674242410327693, -7.630382621345276 ], [ 110.673426438763755, -7.630382005972357 ], [ 110.673426370141442, -7.630472461605312 ], [ 110.67351703366252, -7.630472530056937 ], [ 110.673516759263137, -7.630834352624692 ], [ 110.673426095661213, -7.630834284164084 ], [ 110.673425889794302, -7.631105651080917 ], [ 110.673516553450128, -7.631105719541525 ], [ 110.673516484845791, -7.631196175183463 ], [ 110.673425821171989, -7.631196106722856 ], [ 110.673425752540709, -7.631286562355812 ] ] ] } },
{ "type": "Feature", "properties": { "cluster_id": -269210840, "count": 87, "area_m2": 8700.0000081805047, "area_ha": 0.87000000081805051, "kelas_sawah": "unlabeled", "varietas": "unlabeled", "usia_fase": null, "overlap_ratio": 0.0, "is_ground_truth": false }, "geometry": { "type": "Polygon", "coordinates": [ [ [ 110.673426438763755, -7.630382005972357 ], [ 110.674242410327693, -7.630382621345276 ], [ 110.674242547212984, -7.630201710043432 ], [ 110.674333210689142, -7.630201778324377 ], [ 110.674333621228214, -7.629659044418846 ], [ 110.674242957868827, -7.629658976146883 ], [ 110.674243026302491, -7.629568520495962 ], [ 110.673427056283643, -7.629567905185925 ], [ 110.673426438763755, -7.630382005972357 ] ] ] } },
{ "type": "Feature", "properties": { "cluster_id": -824096607, "count": 68, "area_m2": 6800.000028963259, "area_ha": 0.68000000289632589, "kelas_sawah": "unlabeled", "varietas": "unlabeled", "usia_fase": null, "overlap_ratio": 0.0, "is_ground_truth": false }, "geometry": { "type": "Polygon", "coordinates": [ [ [ 110.673427056283643, -7.629567905185925 ], [ 110.674243026302491, -7.629568520495962 ], [ 110.674243163178787, -7.629387609185135 ], [ 110.674333826484272, -7.629387677457096 ], [ 110.674334168562723, -7.62893539918452 ], [ 110.67424350535606, -7.628935330921542 ], [ 110.674243573789724, -7.62884487527062 ], [ 110.67360893149575, -7.628844396872815 ], [ 110.673608794367922, -7.62902530817466 ], [ 110.673518131143297, -7.629025239749985 ], [ 110.673517788202446, -7.629477517986627 ], [ 110.673427124896961, -7.629477449543987 ], [ 110.673427056283643, -7.629567905185925 ] ] ] } },
{ "type": "Feature", "properties": { "cluster_id": -2091208381, "count": 80, "area_m2": 8000.0000127349631, "area_ha": 0.80000000127349635, "kelas_sawah": "unlabeled", "varietas": "unlabeled", "usia_fase": null, "overlap_ratio": 0.0, "is_ground_truth": false }, "geometry": { "type": "Polygon", "coordinates": [ [ [ 110.673428016744381, -7.628301526126918 ], [ 110.673518679807316, -7.628301594560575 ], [ 110.67351826831603, -7.628844328457124 ], [ 110.674243573789724, -7.62884487527062 ], [ 110.674243984364722, -7.628302141329156 ], [ 110.674334647436638, -7.628302209592134 ], [ 110.674334715843344, -7.62821175393223 ], [ 110.67424405278939, -7.628211685678234 ], [ 110.674244258063425, -7.627940318698519 ], [ 110.673881606081167, -7.627940045484909 ], [ 110.67388153758462, -7.62803050113583 ], [ 110.673428222530447, -7.628030159183135 ], [ 110.673428016744381, -7.628301526126918 ] ] ] } },
{ "type": "Feature", "properties": { "cluster_id": 520295725, "count": 84, "area_m2": 8400.0000166674727, "area_ha": 0.84000000166674726, "kelas_sawah": "unlabeled", "varietas": "unlabeled", "usia_fase": null, "overlap_ratio": 0.0, "is_ground_truth": false }, "geometry": { "type": "Polygon", "coordinates": [ [ [ 110.673428222530447, -7.628030159183135 ], [ 110.67388153758462, -7.62803050113583 ], [ 110.673881606081167, -7.627940045484909 ], [ 110.674244258063425, -7.627940318698519 ], [ 110.674244463328463, -7.627668951727787 ], [ 110.674335126274613, -7.627669019981782 ], [ 110.674335331476783, -7.627397652993085 ], [ 110.674244668593502, -7.627397584748072 ], [ 110.674244873840578, -7.627126217759374 ], [ 110.673610234088855, -7.62712573947835 ], [ 110.673610165538406, -7.627216195129273 ], [ 110.673428839861685, -7.627216058306871 ], [ 110.673428771275326, -7.627306513957793 ], [ 110.673519434131649, -7.627306582382468 ], [ 110.673519228417447, -7.627577949344217 ], [ 110.673428565498241, -7.627577880919542 ], [ 110.673428222530447, -7.628030159183135 ] ] ] } },
{ "type": "Feature", "properties": { "cluster_id": -779805821, "count": 95, "area_m2": 9500.0000138324685, "area_ha": 0.95000000138324681, "kelas_sawah": "unlabeled", "varietas": "unlabeled", "usia_fase": null, "overlap_ratio": 0.0, "is_ground_truth": false }, "geometry": { "type": "Polygon", "coordinates": [ [ [ 110.673429457121074, -7.626401957403658 ], [ 110.674245421139162, -7.626402572453184 ], [ 110.674245489554863, -7.626312116784296 ], [ 110.674336152204575, -7.626312185029308 ], [ 110.674336699296546, -7.625588539687185 ], [ 110.674246036790564, -7.625588471451157 ], [ 110.67424610519727, -7.625498015782268 ], [ 110.673702130314098, -7.625497605970835 ], [ 110.673702061799588, -7.625588061639724 ], [ 110.673430074308584, -7.625587856473496 ], [ 110.673429457121074, -7.626401957403658 ] ] ] } },
{ "type": "Feature", "properties": { "cluster_id": -786715106, "count": 85, "area_m2": 8499.9999756555189, "area_ha": 0.84999999756555189, "kelas_sawah": "unlabeled", "varietas": "unlabeled", "usia_fase": null, "overlap_ratio": 0.0, "is_ground_truth": false }, "geometry": { "type": "Polygon", "coordinates": [ [ [ 110.673430074308584, -7.625587856473496 ], [ 110.673702061799588, -7.625588061639724 ], [ 110.673702130314098, -7.625497605970835 ], [ 110.67424610519727, -7.625498015782268 ], [ 110.674246378788183, -7.625136193106715 ], [ 110.674337041195344, -7.625136261342744 ], [ 110.674337314705397, -7.624774438649225 ], [ 110.674246652379082, -7.62477437042218 ], [ 110.674246720767826, -7.624683914753291 ], [ 110.673521422300993, -7.624683368245222 ], [ 110.67352135375954, -7.62477382391411 ], [ 110.673430691433225, -7.624773755507401 ], [ 110.673430485736986, -7.625045122505083 ], [ 110.673521148117203, -7.625045190902808 ], [ 110.673521011016334, -7.625226102231601 ], [ 110.673430348600178, -7.625226033824893 ], [ 110.673430074308584, -7.625587856473496 ] ] ] } },
{ "type": "Feature", "properties": { "cluster_id": 474497179, "count": 78, "area_m2": 7800.0000152181019, "area_ha": 0.78000000152181015, "kelas_sawah": "unlabeled", "varietas": "unlabeled", "usia_fase": null, "overlap_ratio": 0.0, "is_ground_truth": false }, "geometry": { "type": "Polygon", "coordinates": [ [ [ 110.673430691433225, -7.624773755507401 ], [ 110.67352135375954, -7.62477382391411 ], [ 110.673521422300993, -7.624683368245222 ], [ 110.674246720767826, -7.624683914753291 ], [ 110.674246994331781, -7.624322092059772 ], [ 110.674337656568269, -7.624322160286818 ], [ 110.674337861680598, -7.624050793262187 ], [ 110.674247199497998, -7.624050725035141 ], [ 110.674247336275485, -7.623869813688382 ], [ 110.673431377045418, -7.623869198845468 ], [ 110.673431308494969, -7.623959654514357 ], [ 110.67352197064163, -7.623959722912082 ], [ 110.673521490851442, -7.624592912576333 ], [ 110.673430828561052, -7.624592844178608 ], [ 110.673430691433225, -7.624773755507401 ] ] ] } },
{ "type": "Feature", "properties": { "cluster_id": 771136924, "count": 71, "area_m2": 7100.0000112183625, "area_ha": 0.71000000112183626, "kelas_sawah": "unlabeled", "varietas": "unlabeled", "usia_fase": null, "overlap_ratio": 0.0, "is_ground_truth": false }, "geometry": { "type": "Polygon", "coordinates": [ [ [ 110.67352265599331, -7.623055166205234 ], [ 110.673885303843321, -7.623055439553592 ], [ 110.673885372303928, -7.622964983875721 ], [ 110.673976034243964, -7.622965052165648 ], [ 110.673975965810314, -7.62305550784352 ], [ 110.674247951711294, -7.623055712596522 ], [ 110.674248225221348, -7.622693889876054 ], [ 110.674338887116477, -7.622693958085134 ], [ 110.67433916053669, -7.622332135355681 ], [ 110.674248498713439, -7.622332067155585 ], [ 110.674248567084206, -7.622241611468731 ], [ 110.67388591989895, -7.62224133845275 ], [ 110.673885851456319, -7.622331794139604 ], [ 110.67352320420818, -7.622331520818196 ], [ 110.67352265599331, -7.623055166205234 ] ] ] } },
{ "type": "Feature", "properties": { "cluster_id": 405856709, "count": 87, "area_m2": 8700.0000204096432, "area_ha": 0.87000000204096428, "kelas_sawah": "unlabeled", "varietas": "unlabeled", "usia_fase": null, "overlap_ratio": 0.0, "is_ground_truth": false }, "geometry": { "type": "Polygon", "coordinates": [ [ [ 110.673432610944332, -7.622240996760565 ], [ 110.673523272731671, -7.622241065140324 ], [ 110.67352320420818, -7.622331520818196 ], [ 110.673885851456319, -7.622331794139604 ], [ 110.67388591989895, -7.62224133845275 ], [ 110.674248567084206, -7.622241611468731 ], [ 110.674248772196535, -7.621970244426134 ], [ 110.674339433938954, -7.62197031262623 ], [ 110.674339775676046, -7.621518034200941 ], [ 110.674249114023468, -7.621517966000845 ], [ 110.674249182394249, -7.62142751031399 ], [ 110.673705212649423, -7.621427100727136 ], [ 110.673705144170853, -7.621517556405007 ], [ 110.673433159249043, -7.621517351355561 ], [ 110.673432610944332, -7.622240996760565 ] ] ] } },
{ "type": "Feature", "properties": { "cluster_id": 1810879662, "count": 84, "area_m2": 8400.0000397444819, "area_ha": 0.84000000397444818, "kelas_sawah": "unlabeled", "varietas": "unlabeled", "usia_fase": null, "overlap_ratio": 0.0, "is_ground_truth": false }, "geometry": { "type": "Polygon", "coordinates": [ [ [ 110.673433159249043, -7.621517351355561 ], [ 110.673705144170853, -7.621517556405007 ], [ 110.673705212649423, -7.621427100727136 ], [ 110.674249182394249, -7.62142751031399 ], [ 110.674249524194224, -7.620975231879717 ], [ 110.674340185730031, -7.620975300079813 ], [ 110.674340322408696, -7.620794388697122 ], [ 110.674249660917809, -7.620794320506008 ], [ 110.674249797623432, -7.620613409132299 ], [ 110.673433844564784, -7.620612794549897 ], [ 110.673433638976348, -7.620884161601478 ], [ 110.673524300485198, -7.620884229963271 ], [ 110.673524163465174, -7.621065141327997 ], [ 110.673433501920385, -7.62106507295722 ], [ 110.673433159249043, -7.621517351355561 ] ] ] } },
{ "type": "Feature", "properties": { "cluster_id": -140324038, "count": 76, "area_m2": 7599.9999692299752, "area_ha": 0.75999999692299758, "kelas_sawah": "unlabeled", "varietas": "unlabeled", "usia_fase": null, "overlap_ratio": 0.0, "is_ground_truth": false }, "geometry": { "type": "Polygon", "coordinates": [ [ [ 110.673433844564784, -7.620612794549897 ], [ 110.674249797623432, -7.620613409132299 ], [ 110.674250071043659, -7.620251586366915 ], [ 110.674340732426742, -7.620251654558028 ], [ 110.674341005748147, -7.619889831792643 ], [ 110.674250344445909, -7.61988976360153 ], [ 110.674250412798727, -7.619799307914676 ], [ 110.673887767670607, -7.619799034988526 ], [ 110.673887699245938, -7.619889490675381 ], [ 110.673525054054949, -7.619889217443804 ], [ 110.673524780041831, -7.620251040182239 ], [ 110.673434118667728, -7.620250971820446 ], [ 110.673433844564784, -7.620612794549897 ] ] ] } },
{ "type": "Feature", "properties": { "cluster_id": 962581539, "count": 73, "area_m2": 7300.0000284746056, "area_ha": 0.73000000284746058, "kelas_sawah": "unlabeled", "varietas": "unlabeled", "usia_fase": null, "overlap_ratio": 0.0, "is_ground_truth": false }, "geometry": { "type": "Polygon", "coordinates": [ [ [ 110.673434392752711, -7.619889149090994 ], [ 110.673887699245938, -7.619889490675381 ], [ 110.673887767670607, -7.619799034988526 ], [ 110.674250412798727, -7.619799307914676 ], [ 110.67425048114255, -7.619708852218838 ], [ 110.674341142408863, -7.619708920400968 ], [ 110.674341347386445, -7.619437553322438 ], [ 110.674250686183015, -7.619437485140308 ], [ 110.674250959558321, -7.619075662356957 ], [ 110.673525670532797, -7.619075116262113 ], [ 110.673525191048029, -7.619708306070095 ], [ 110.673434529790697, -7.619708237717285 ], [ 110.673434392752711, -7.619889149090994 ] ] ] } },
{ "type": "Feature", "properties": { "cluster_id": 2024417509, "count": 81, "area_m2": 8100.0000214335159, "area_ha": 0.81000000214335155, "kelas_sawah": "unlabeled", "varietas": "unlabeled", "usia_fase": null, "overlap_ratio": 0.0, "is_ground_truth": false }, "geometry": { "type": "Polygon", "coordinates": [ [ [ 110.673435077915741, -7.618984592222449 ], [ 110.673525739020349, -7.618984660566276 ], [ 110.673525670532797, -7.619075116262113 ], [ 110.674250959558321, -7.619075662356957 ], [ 110.674251027893163, -7.618985206670104 ], [ 110.674341689006752, -7.61898527484325 ], [ 110.674341757332613, -7.618894819147412 ], [ 110.674251096236986, -7.618894750965282 ], [ 110.67425157459887, -7.618261561085435 ], [ 110.673435625986869, -7.618260946700663 ], [ 110.673435077915741, -7.618984592222449 ] ] ] } },
{ "type": "Feature", "properties": { "cluster_id": 662730934, "count": 89, "area_m2": 8900.0000130996341, "area_ha": 0.89000000130996337, "kelas_sawah": "unlabeled", "varietas": "unlabeled", "usia_fase": null, "overlap_ratio": 0.0, "is_ground_truth": false }, "geometry": { "type": "Polygon", "coordinates": [ [ [ 110.673436242500657, -7.617446845465074 ], [ 110.674342850357746, -7.617447527942145 ], [ 110.674343396793944, -7.616723882312561 ], [ 110.674252736156461, -7.616723814148397 ], [ 110.67425280447334, -7.616633358443576 ], [ 110.673436858942566, -7.616632744193551 ], [ 110.673436242500657, -7.617446845465074 ] ] ] } },
{ "type": "Feature", "properties": { "cluster_id": -630474040, "count": 81, "area_m2": 8099.9999864431447, "area_ha": 0.80999999864431449, "kelas_sawah": "unlabeled", "varietas": "unlabeled", "usia_fase": null, "overlap_ratio": 0.0, "is_ground_truth": false }, "geometry": { "type": "Polygon", "coordinates": [ [ [ 110.673527519553105, -7.616632812519412 ], [ 110.67425280447334, -7.616633358443576 ], [ 110.674253077740843, -7.616271535624294 ], [ 110.674343738288499, -7.616271603770491 ], [ 110.674344079756111, -7.61581932522842 ], [ 110.674253419316244, -7.615819257082223 ], [ 110.674253487624142, -7.615728801368419 ], [ 110.673890845918621, -7.615728528594983 ], [ 110.673890777529877, -7.615818984299803 ], [ 110.673528135761458, -7.615818711211958 ], [ 110.673527519553105, -7.616632812519412 ] ] ] } },
{ "type": "Feature", "properties": { "cluster_id": 39528963, "count": 84, "area_m2": 8400.000007605704, "area_ha": 0.84000000076057035, "kelas_sawah": "unlabeled", "varietas": "unlabeled", "usia_fase": null, "overlap_ratio": 0.0, "is_ground_truth": false }, "geometry": { "type": "Polygon", "coordinates": [ [ [ 110.673437475321606, -7.61581864289508 ], [ 110.673890777529877, -7.615818984299803 ], [ 110.673890845918621, -7.615728528594983 ], [ 110.674253487624142, -7.615728801368419 ], [ 110.674253760864701, -7.61536697853117 ], [ 110.674344421214727, -7.615367046677367 ], [ 110.674344557785602, -7.615186135249759 ], [ 110.674253897471516, -7.615186067112544 ], [ 110.674254102386215, -7.614914699971132 ], [ 110.673619480609759, -7.61491422246266 ], [ 110.673619412176109, -7.615004678167481 ], [ 110.673528751897948, -7.615004609877553 ], [ 110.673528614985713, -7.615185521287195 ], [ 110.673437954680608, -7.615185452979301 ], [ 110.673437475321606, -7.61581864289508 ] ] ] } },
{ "type": "Feature", "properties": { "cluster_id": -1004496156, "count": 83, "area_m2": 8300.0000395384268, "area_ha": 0.83000000395384266, "kelas_sawah": "unlabeled", "varietas": "unlabeled", "usia_fase": null, "overlap_ratio": 0.0, "is_ground_truth": false }, "geometry": { "type": "Polygon", "coordinates": [ [ [ 110.673438091628768, -7.615004541569659 ], [ 110.673619412176109, -7.615004678167481 ], [ 110.673619480609759, -7.61491422246266 ], [ 110.674254102386215, -7.614914699971132 ], [ 110.674254238993015, -7.614733788543525 ], [ 110.674344899208293, -7.614733856680739 ], [ 110.674345308893962, -7.614191122388932 ], [ 110.674254648786473, -7.614191054260701 ], [ 110.67425471708539, -7.614100598537914 ], [ 110.673892076745304, -7.614100325818376 ], [ 110.673892008374523, -7.614190781532181 ], [ 110.673801348276029, -7.614190713305135 ], [ 110.673801416664773, -7.614100257591331 ], [ 110.67343877634265, -7.614099984494501 ], [ 110.673438707873061, -7.614190440208305 ], [ 110.673529367971554, -7.614190508507217 ], [ 110.673529231077282, -7.614371419925841 ], [ 110.673438570942849, -7.614371351617947 ], [ 110.673438502464279, -7.614461807331751 ], [ 110.673529162625655, -7.614461875639646 ], [ 110.67352895727079, -7.614733242754108 ], [ 110.673438297055512, -7.614733174446213 ], [ 110.673438091628768, -7.615004541569659 ] ] ] } },
{ "type": "Feature", "properties": { "cluster_id": 987546201, "count": 71, "area_m2": 7099.9999951271457, "area_ha": 0.70999999951271453, "kelas_sawah": "unlabeled", "varietas": "unlabeled", "usia_fase": null, "overlap_ratio": 0.0, "is_ground_truth": false }, "geometry": { "type": "Polygon", "coordinates": [ [ [ 110.67343877634265, -7.614099984494501 ], [ 110.673801416664773, -7.614100257591331 ], [ 110.673801348276029, -7.614190713305135 ], [ 110.673892008374523, -7.614190781532181 ], [ 110.673892076745304, -7.614100325818376 ], [ 110.67425471708539, -7.614100598537914 ], [ 110.674255263422779, -7.613376952800532 ], [ 110.673529983973296, -7.61337640710993 ], [ 110.673529847096987, -7.613557318537538 ], [ 110.673439187124259, -7.613557250238627 ], [ 110.67343877634265, -7.614099984494501 ] ] ] } },
{ "type": "Feature", "properties": { "cluster_id": 1182533405, "count": 86, "area_m2": 8600.0000052247196, "area_ha": 0.86000000052247194, "kelas_sawah": "unlabeled", "varietas": "unlabeled", "usia_fase": null, "overlap_ratio": 0.0, "is_ground_truth": false }, "geometry": { "type": "Polygon", "coordinates": [ [ [ 110.673439324045475, -7.613376338811019 ], [ 110.674255263422779, -7.613376952800532 ], [ 110.674255399993655, -7.613196041363942 ], [ 110.674346059894518, -7.61319610948319 ], [ 110.674346196429468, -7.613015198037616 ], [ 110.674255536573511, -7.613015129918367 ], [ 110.674255604854451, -7.61292467419558 ], [ 110.674346264692446, -7.612924742323811 ], [ 110.674346401227382, -7.612743830878237 ], [ 110.674255741425327, -7.612743762758989 ], [ 110.674255946268161, -7.612472395590627 ], [ 110.673530668345805, -7.612471849962907 ], [ 110.673530326168532, -7.61292412854091 ], [ 110.673439666339533, -7.612924060250982 ], [ 110.673439597878925, -7.613014515964786 ], [ 110.673530257734868, -7.613014584254715 ], [ 110.673530052415927, -7.613285951396126 ], [ 110.673439392506083, -7.613285883106198 ], [ 110.673439324045475, -7.613376338811019 ] ] ] } },
{ "type": "Feature", "properties": { "cluster_id": -1127098861, "count": 80, "area_m2": 8000.0000184169039, "area_ha": 0.8000000018416904, "kelas_sawah": "unlabeled", "varietas": "unlabeled", "usia_fase": null, "overlap_ratio": 0.0, "is_ground_truth": false }, "geometry": { "type": "Polygon", "coordinates": [ [ [ 110.673513328085036, -7.635357134137724 ], [ 110.673603992639173, -7.635357202616299 ], [ 110.673604061261472, -7.635266746992326 ], [ 110.674148048478528, -7.635267157450546 ], [ 110.674147979973, -7.635357613074518 ], [ 110.674329309090268, -7.635357749744205 ], [ 110.674329993777192, -7.634453193441599 ], [ 110.673876671940732, -7.634452851668566 ], [ 110.673876603381316, -7.634543307301522 ], [ 110.673513945847461, -7.634543033539939 ], [ 110.673513328085036, -7.635357134137724 ] ] ] } },
{ "type": "Feature", "properties": { "cluster_id": -1701761656, "count": 84, "area_m2": 8400.0000261320383, "area_ha": 0.84000000261320384, "kelas_sawah": "unlabeled", "varietas": "unlabeled", "usia_fase": null, "overlap_ratio": 0.0, "is_ground_truth": false }, "geometry": { "type": "Polygon", "coordinates": [ [ [ 110.673425134877078, -7.632100663079362 ], [ 110.673515798739516, -7.632100731539969 ], [ 110.673515730126198, -7.632191187172925 ], [ 110.673606394015593, -7.63219125562455 ], [ 110.673606462610948, -7.632100799991594 ], [ 110.67424110970191, -7.632101278587028 ], [ 110.674241383544341, -7.631739456019273 ], [ 110.674332047334914, -7.631739524309201 ], [ 110.674332389521169, -7.631287246090523 ], [ 110.673425752540709, -7.631286562355812 ], [ 110.673425615287115, -7.631467473630706 ], [ 110.673516279023787, -7.631467542091314 ], [ 110.6735160731928, -7.631738908999163 ], [ 110.673425409402228, -7.631738840538556 ], [ 110.673425134877078, -7.632100663079362 ] ] ] } },
{ "type": "Feature", "properties": { "cluster_id": 133916910, "count": 78, "area_m2": 7799.9999999097781, "area_ha": 0.7799999999909778, "kelas_sawah": "unlabeled", "varietas": "unlabeled", "usia_fase": null, "overlap_ratio": 0.0, "is_ground_truth": false }, "geometry": { "type": "Polygon", "coordinates": [ [ [ 110.673428839861685, -7.627216058306871 ], [ 110.673610165538406, -7.627216195129273 ], [ 110.673610234088855, -7.62712573947835 ], [ 110.674244873840578, -7.627126217759374 ], [ 110.674245079087655, -7.626854850770676 ], [ 110.674335741854151, -7.62685491902467 ], [ 110.674335947038344, -7.62658355202699 ], [ 110.67424528432575, -7.626583483781977 ], [ 110.674245352732456, -7.626493028122072 ], [ 110.674336015427087, -7.626493096358101 ], [ 110.674336083815831, -7.626402640698196 ], [ 110.673429457121074, -7.626401957403658 ], [ 110.673428839861685, -7.627216058306871 ] ] ] } },
{ "type": "Feature", "properties": { "cluster_id": 984110717, "count": 89, "area_m2": 8899.9999550307984, "area_ha": 0.88999999550307984, "kelas_sawah": "unlabeled", "varietas": "unlabeled", "usia_fase": null, "overlap_ratio": 0.0, "is_ground_truth": false }, "geometry": { "type": "Polygon", "coordinates": [ [ [ 110.673435625986869, -7.618260946700663 ], [ 110.67425157459887, -7.618261561085435 ], [ 110.674251642933712, -7.618171105389598 ], [ 110.674342303867633, -7.618171173553762 ], [ 110.674342850357746, -7.617447527942145 ], [ 110.673436242500657, -7.617446845465074 ], [ 110.673435625986869, -7.618260946700663 ] ] ] } },
{ "type": "Feature", "properties": { "cluster_id": 2081581076, "count": 73, "area_m2": 7299.99998427229, "area_ha": 0.72999999842722896, "kelas_sawah": "unlabeled", "varietas": "unlabeled", "usia_fase": null, "overlap_ratio": 0.0, "is_ground_truth": false }, "geometry": { "type": "Polygon", "coordinates": [ [ [ 110.674247883340513, -7.623146168274394 ], [ 110.674519869304376, -7.623146372856716 ], [ 110.674519937621255, -7.623055917178846 ], [ 110.675063909468122, -7.623056325831451 ], [ 110.67506445509585, -7.622332680327632 ], [ 110.674792469626055, -7.622332476104635 ], [ 110.674792537889033, -7.62224202041778 ], [ 110.674611214287424, -7.622241884179285 ], [ 110.674611145988521, -7.622332339866139 ], [ 110.67433916053669, -7.622332135355681 ], [ 110.674338887116477, -7.622693958085134 ], [ 110.674248225221348, -7.622693889876054 ], [ 110.674247883340513, -7.623146168274394 ] ] ] } },
{ "type": "Feature", "properties": { "cluster_id": -618921337, "count": 83, "area_m2": 8300.0000027977512, "area_ha": 0.83000000027977516, "kelas_sawah": "unlabeled", "varietas": "unlabeled", "usia_fase": null, "overlap_ratio": 0.0, "is_ground_truth": false }, "geometry": { "type": "Polygon", "coordinates": [ [ [ 110.674238028067265, -7.636171782052063 ], [ 110.675054010671502, -7.636172396355987 ], [ 110.675054625595266, -7.635358295659387 ], [ 110.674873296460035, -7.635358159295127 ], [ 110.674873364821821, -7.635267703662171 ], [ 110.67469203573151, -7.635267567226045 ], [ 110.674691967333786, -7.635358022850018 ], [ 110.674238644527136, -7.635357681418345 ], [ 110.674238028067265, -7.636171782052063 ] ] ] } },
{ "type": "Feature", "properties": { "cluster_id": -1915809034, "count": 80, "area_m2": 8000.0000200225622, "area_ha": 0.80000000200225618, "kelas_sawah": "unlabeled", "varietas": "unlabeled", "usia_fase": null, "overlap_ratio": 0.0, "is_ground_truth": false }, "geometry": { "type": "Polygon", "coordinates": [ [ [ 110.674245421139162, -7.626402572453184 ], [ 110.675061385238109, -7.626403185957607 ], [ 110.67506165818223, -7.626041363273071 ], [ 110.675152320787021, -7.62604143133842 ], [ 110.67515266185039, -7.625589152958047 ], [ 110.674880674323461, -7.6255889487081 ], [ 110.67488074259542, -7.625498493039212 ], [ 110.674699417619394, -7.625498356773767 ], [ 110.674699349311496, -7.625588812442655 ], [ 110.674336699296546, -7.625588539687185 ], [ 110.674336152204575, -7.626312185029308 ], [ 110.674245489554863, -7.626312116784296 ], [ 110.674245421139162, -7.626402572453184 ] ] ] } },
{ "type": "Feature", "properties": { "cluster_id": 385677028, "count": 87, "area_m2": 8700.0000153473229, "area_ha": 0.87000000153473234, "kelas_sawah": "unlabeled", "varietas": "unlabeled", "usia_fase": null, "overlap_ratio": 0.0, "is_ground_truth": false }, "geometry": { "type": "Polygon", "coordinates": [ [ [ 110.674246036790564, -7.625588471451157 ], [ 110.674699349311496, -7.625588812442655 ], [ 110.674699417619394, -7.625498356773767 ], [ 110.67488074259542, -7.625498493039212 ], [ 110.674880674323461, -7.6255889487081 ], [ 110.67515266185039, -7.625589152958047 ], [ 110.675153275723119, -7.624775051857204 ], [ 110.674881288708235, -7.624774847625225 ], [ 110.674881356971213, -7.624684391947353 ], [ 110.674790694653879, -7.624684323837088 ], [ 110.674790626372925, -7.62477477951496 ], [ 110.674609301702318, -7.624774643222564 ], [ 110.674609370019198, -7.624684187553677 ], [ 110.674428045393512, -7.624684051189417 ], [ 110.674427977040708, -7.624774506867288 ], [ 110.674337314705397, -7.624774438649225 ], [ 110.674337041195344, -7.625136261342744 ], [ 110.674246378788183, -7.625136193106715 ], [ 110.674246036790564, -7.625588471451157 ] ] ] } },
{ "type": "Feature", "properties": { "cluster_id": -1853336215, "count": 82, "area_m2": 8199.9999837306677, "area_ha": 0.81999999837306681, "kelas_sawah": "unlabeled", "varietas": "unlabeled", "usia_fase": null, "overlap_ratio": 0.0, "is_ground_truth": false }, "geometry": { "type": "Polygon", "coordinates": [ [ [ 110.674253419316244, -7.615819257082223 ], [ 110.674706721560455, -7.615819597633547 ], [ 110.674706789778512, -7.615729141919743 ], [ 110.675069431510991, -7.61572941401046 ], [ 110.675069704059851, -7.615367591137278 ], [ 110.675160364418858, -7.615367659112795 ], [ 110.675160500657356, -7.615186747676204 ], [ 110.675069840334274, -7.615186679700686 ], [ 110.67506997659973, -7.615005768264095 ], [ 110.674888656034426, -7.615005632268145 ], [ 110.674888724207563, -7.614915176554341 ], [ 110.674435422906598, -7.614914836227595 ], [ 110.674435354634639, -7.615005291950382 ], [ 110.674254034087298, -7.615005155684937 ], [ 110.674253897471516, -7.615186067112544 ], [ 110.674344557785602, -7.615186135249759 ], [ 110.674344421214727, -7.615367046677367 ], [ 110.674253760864701, -7.61536697853117 ], [ 110.674253419316244, -7.615819257082223 ] ] ] } },
{ "type": "Feature", "properties": { "cluster_id": 1127188005, "count": 76, "area_m2": 7600.0000268878648, "area_ha": 0.76000000268878654, "kelas_sawah": "unlabeled", "varietas": "unlabeled", "usia_fase": null, "overlap_ratio": 0.0, "is_ground_truth": false }, "geometry": { "type": "Polygon", "coordinates": [ [ [ 110.674329309090268, -7.635357749744205 ], [ 110.674691967333786, -7.635358022850018 ], [ 110.67469203573151, -7.635267567226045 ], [ 110.674873364821821, -7.635267703662171 ], [ 110.674873296460035, -7.635358159295127 ], [ 110.675054625595266, -7.635358295659387 ], [ 110.675055240447165, -7.634544194926854 ], [ 110.674964576045724, -7.63454412676269 ], [ 110.67496464438058, -7.634453671129735 ], [ 110.674420658142694, -7.63445326174051 ], [ 110.674420589700048, -7.634543717373465 ], [ 110.674329925307603, -7.634543649074555 ], [ 110.674329309090268, -7.635357749744205 ] ] ] } },
{ "type": "Feature", "properties": { "cluster_id": 1677644918, "count": 89, "area_m2": 8900.0000271276804, "area_ha": 0.89000000271276802, "kelas_sawah": "unlabeled", "varietas": "unlabeled", "usia_fase": null, "overlap_ratio": 0.0, "is_ground_truth": false }, "geometry": { "type": "Polygon", "coordinates": [ [ [ 110.674243573789724, -7.62884487527062 ], [ 110.675059542506006, -7.628845488972673 ], [ 110.675059952056927, -7.628302754995277 ], [ 110.675150615137824, -7.628302823087575 ], [ 110.675150819836929, -7.628031456089894 ], [ 110.674969493791906, -7.628031319896313 ], [ 110.674969562063865, -7.627940864227425 ], [ 110.674516247054598, -7.62794052341559 ], [ 110.674516178692812, -7.628030979075494 ], [ 110.674425515674784, -7.628030910857432 ], [ 110.674425584063528, -7.627940455197527 ], [ 110.674334921063476, -7.627940386961498 ], [ 110.67433485265677, -7.628030842621403 ], [ 110.674244189638742, -7.628030774358424 ], [ 110.67424405278939, -7.628211685678234 ], [ 110.674334715843344, -7.62821175393223 ], [ 110.674334647436638, -7.628302209592134 ], [ 110.674243984364722, -7.628302141329156 ], [ 110.674243573789724, -7.62884487527062 ] ] ] } },
{ "type": "Feature", "properties": { "cluster_id": -213337345, "count": 83, "area_m2": 8299.999982813315, "area_ha": 0.82999999828133153, "kelas_sawah": "unlabeled", "varietas": "unlabeled", "usia_fase": null, "overlap_ratio": 0.0, "is_ground_truth": false }, "geometry": { "type": "Polygon", "coordinates": [ [ [ 110.674249114023468, -7.621517966000845 ], [ 110.674702422259429, -7.621518306803696 ], [ 110.674702490531402, -7.621427851116843 ], [ 110.675065137060884, -7.621428123423154 ], [ 110.675065409825336, -7.621066300639804 ], [ 110.675156071379106, -7.62106636866922 ], [ 110.675156344053718, -7.62070454588587 ], [ 110.674975021089921, -7.620704409827036 ], [ 110.674975089290015, -7.620613954131199 ], [ 110.674612443452233, -7.620613681779971 ], [ 110.674612375171293, -7.620704137475808 ], [ 110.674249729270628, -7.620703864819154 ], [ 110.674249660917809, -7.620794320506008 ], [ 110.674340322408696, -7.620794388697122 ], [ 110.674340185730031, -7.620975300079813 ], [ 110.674249524194224, -7.620975231879717 ], [ 110.674249114023468, -7.621517966000845 ] ] ] } },
{ "type": "Feature", "properties": { "cluster_id": 941581425, "count": 88, "area_m2": 8800.0000211296719, "area_ha": 0.88000000211296725, "kelas_sawah": "unlabeled", "varietas": "unlabeled", "usia_fase": null, "overlap_ratio": 0.0, "is_ground_truth": false }, "geometry": { "type": "Polygon", "coordinates": [ [ [ 110.674149281533033, -7.633638956102261 ], [ 110.674239945727848, -7.633639024428121 ], [ 110.674239877249278, -7.63372948007006 ], [ 110.674693198340137, -7.633729821429868 ], [ 110.674693266719885, -7.633639365787929 ], [ 110.675055923535083, -7.633639638525433 ], [ 110.675056538243254, -7.632825537739 ], [ 110.674240561981122, -7.632824923704572 ], [ 110.674240082676008, -7.63345811316221 ], [ 110.674149418517132, -7.63345804483635 ], [ 110.674149281533033, -7.633638956102261 ] ] ] } },
{ "type": "Feature", "properties": { "cluster_id": 95004245, "count": 75, "area_m2": 7499.9999595643021, "area_ha": 0.74999999595643019, "kelas_sawah": "unlabeled", "varietas": "unlabeled", "usia_fase": null, "overlap_ratio": 0.0, "is_ground_truth": false }, "geometry": { "type": "Polygon", "coordinates": [ [ [ 110.674240835841516, -7.6324631011458 ], [ 110.67433149979378, -7.63246316944471 ], [ 110.674331226005251, -7.632824992003482 ], [ 110.67496587421013, -7.63282546958382 ], [ 110.67496594252701, -7.632735013941882 ], [ 110.675056606533175, -7.632735082088079 ], [ 110.67505681142093, -7.632463715153279 ], [ 110.675147475382175, -7.63246378328151 ], [ 110.675147543654148, -7.632373327630589 ], [ 110.675056879710851, -7.632373259502358 ], [ 110.675056948009768, -7.632282803860419 ], [ 110.675147611926107, -7.632282871979667 ], [ 110.675147748470025, -7.632101960686806 ], [ 110.675057084589625, -7.632101892558575 ], [ 110.675057152879546, -7.632011436916637 ], [ 110.674694497438779, -7.632011164233032 ], [ 110.674694429076979, -7.63210161987497 ], [ 110.674603765196579, -7.632101551656908 ], [ 110.674603833585323, -7.632011096014969 ], [ 110.67442250586943, -7.632010959515962 ], [ 110.674422437444761, -7.632101415157901 ], [ 110.67424110970191, -7.632101278587028 ], [ 110.674240972771713, -7.632282189870906 ], [ 110.674331636688052, -7.632282258169816 ], [ 110.674331568236425, -7.632372713811755 ], [ 110.674240904311105, -7.632372645512844 ], [ 110.674240835841516, -7.6324631011458 ] ] ] } },
{ "type": "Feature", "properties": { "cluster_id": -417275756, "count": 73, "area_m2": 7300.000048459915, "area_ha": 0.73000000484599148, "kelas_sawah": "unlabeled", "varietas": "unlabeled", "usia_fase": null, "overlap_ratio": 0.0, "is_ground_truth": false }, "geometry": { "type": "Polygon", "coordinates": [ [ [ 110.67424110970191, -7.632101278587028 ], [ 110.674422437444761, -7.632101415157901 ], [ 110.67442250586943, -7.632010959515962 ], [ 110.674603833585323, -7.632011096014969 ], [ 110.674603765196579, -7.632101551656908 ], [ 110.674694429076979, -7.63210161987497 ], [ 110.674694497438779, -7.632011164233032 ], [ 110.675057152879546, -7.632011436916637 ], [ 110.675057221169482, -7.631920981265714 ], [ 110.675147885013956, -7.631921049384962 ], [ 110.675148089820851, -7.631649682432196 ], [ 110.675057426030278, -7.631649614312948 ], [ 110.675057699172029, -7.631287791709261 ], [ 110.674332389521169, -7.631287246090523 ], [ 110.674332047334914, -7.631739524309201 ], [ 110.674241383544341, -7.631739456019273 ], [ 110.67424110970191, -7.632101278587028 ] ] ] } },
{ "type": "Feature", "properties": { "cluster_id": 2080971592, "count": 70, "area_m2": 7000.000015165424, "area_ha": 0.7000000015165424, "kelas_sawah": "unlabeled", "varietas": "unlabeled", "usia_fase": null, "overlap_ratio": 0.0, "is_ground_truth": false }, "geometry": { "type": "Polygon", "coordinates": [ [ [ 110.674242341876067, -7.630473076987214 ], [ 110.6744236689362, -7.630473213531138 ], [ 110.674423737351887, -7.630382757880215 ], [ 110.675149045475607, -7.630383303283358 ], [ 110.675149386745574, -7.629931024992815 ], [ 110.675058723323318, -7.629930956891534 ], [ 110.675058928130213, -7.629659589920801 ], [ 110.674605611306362, -7.62965924911795 ], [ 110.674605542944562, -7.629749704777854 ], [ 110.674333552803532, -7.629749500069767 ], [ 110.674333210689142, -7.630201778324377 ], [ 110.674242547212984, -7.630201710043432 ], [ 110.674242341876067, -7.630473076987214 ] ] ] } },
{ "type": "Feature", "properties": { "cluster_id": 1386418708, "count": 86, "area_m2": 8599.999989484495, "area_ha": 0.85999999894844947, "kelas_sawah": "unlabeled", "varietas": "unlabeled", "usia_fase": null, "overlap_ratio": 0.0, "is_ground_truth": false }, "geometry": { "type": "Polygon", "coordinates": [ [ [ 110.674242957868827, -7.629658976146883 ], [ 110.674333621228214, -7.629659044418846 ], [ 110.674333552803532, -7.629749500069767 ], [ 110.674605542944562, -7.629749704777854 ], [ 110.674605611306362, -7.62965924911795 ], [ 110.675149591498581, -7.629659658022083 ], [ 110.675150069213657, -7.629026468393765 ], [ 110.675059405980051, -7.629026400301466 ], [ 110.675059542506006, -7.628845488972673 ], [ 110.674243573789724, -7.62884487527062 ], [ 110.67424350535606, -7.628935330921542 ], [ 110.674334168562723, -7.62893539918452 ], [ 110.674333826484272, -7.629387677457096 ], [ 110.674243163178787, -7.629387609185135 ], [ 110.674242957868827, -7.629658976146883 ] ] ] } },
{ "type": "Feature", "properties": { "cluster_id": -1270309365, "count": 85, "area_m2": 8500.00000488566, "area_ha": 0.85000000048856605, "kelas_sawah": "unlabeled", "varietas": "unlabeled", "usia_fase": null, "overlap_ratio": 0.0, "is_ground_truth": false }, "geometry": { "type": "Polygon", "coordinates": [ [ [ 110.674244737009204, -7.627307129079184 ], [ 110.674335399874508, -7.627307197333179 ], [ 110.674335468272233, -7.627216741673275 ], [ 110.675151433907288, -7.627217355078883 ], [ 110.675151502134341, -7.627126899409995 ], [ 110.675060839304962, -7.627126831326679 ], [ 110.675060907549977, -7.627036375657791 ], [ 110.675151570361379, -7.627036443732123 ], [ 110.675151979696707, -7.626493709709811 ], [ 110.675061316993094, -7.626493641635479 ], [ 110.675061385238109, -7.626403185957607 ], [ 110.674336083815831, -7.626402640698196 ], [ 110.674336015427087, -7.626493096358101 ], [ 110.674245352732456, -7.626493028122072 ], [ 110.67424528432575, -7.626583483781977 ], [ 110.674335947038344, -7.62658355202699 ], [ 110.674335741854151, -7.62685491902467 ], [ 110.674245079087655, -7.626854850770676 ], [ 110.674244737009204, -7.627307129079184 ] ] ] } },
{ "type": "Feature", "properties": { "cluster_id": -249206290, "count": 86, "area_m2": 8599.999982418085, "area_ha": 0.85999999824180851, "kelas_sawah": "unlabeled", "varietas": "unlabeled", "usia_fase": null, "overlap_ratio": 0.0, "is_ground_truth": false }, "geometry": { "type": "Polygon", "coordinates": [ [ [ 110.674246652379082, -7.62477437042218 ], [ 110.674427977040708, -7.624774506867288 ], [ 110.674428045393512, -7.624684051189417 ], [ 110.674609370019198, -7.624684187553677 ], [ 110.674609301702318, -7.624774643222564 ], [ 110.674790626372925, -7.62477477951496 ], [ 110.674790694653879, -7.624684323837088 ], [ 110.674881356971213, -7.624684391947353 ], [ 110.674881288708235, -7.624774847625225 ], [ 110.675062613378842, -7.624774983800839 ], [ 110.675062818050989, -7.624503616758242 ], [ 110.675153480332398, -7.624503684814607 ], [ 110.675153821323889, -7.624051406407284 ], [ 110.675063159141303, -7.624051338359902 ], [ 110.675063295568449, -7.623870426995175 ], [ 110.674519322697492, -7.623870018297654 ], [ 110.674519254371631, -7.623960473975525 ], [ 110.674247267886741, -7.623960269366253 ], [ 110.674247199497998, -7.624050725035141 ], [ 110.674337861680598, -7.624050793262187 ], [ 110.674337656568269, -7.624322160286818 ], [ 110.674246994331781, -7.624322092059772 ], [ 110.674246652379082, -7.62477437042218 ] ] ] } },
{ "type": "Feature", "properties": { "cluster_id": 2072573777, "count": 82, "area_m2": 8199.9999760868377, "area_ha": 0.81999999760868381, "kelas_sawah": "unlabeled", "varietas": "unlabeled", "usia_fase": null, "overlap_ratio": 0.0, "is_ground_truth": false }, "geometry": { "type": "Polygon", "coordinates": [ [ [ 110.674248498713439, -7.622332067155585 ], [ 110.674611145988521, -7.622332339866139 ], [ 110.674611214287424, -7.622241884179285 ], [ 110.674792537889033, -7.62224202041778 ], [ 110.674792469626055, -7.622332476104635 ], [ 110.67506445509585, -7.622332680327632 ], [ 110.675064796087341, -7.621880401875393 ], [ 110.675155457820779, -7.621880469913792 ], [ 110.675155730522349, -7.621518647139426 ], [ 110.67506506886977, -7.621518579110009 ], [ 110.675065137060884, -7.621428123423154 ], [ 110.674702490531402, -7.621427851116843 ], [ 110.674702422259429, -7.621518306803696 ], [ 110.674339775676046, -7.621518034200941 ], [ 110.674339433938954, -7.62197031262623 ], [ 110.674248772196535, -7.621970244426134 ], [ 110.674248498713439, -7.622332067155585 ] ] ] } },
{ "type": "Feature", "properties": { "cluster_id": 1140714732, "count": 86, "area_m2": 8600.0000183584052, "area_ha": 0.86000000183584047, "kelas_sawah": "unlabeled", "varietas": "unlabeled", "usia_fase": null, "overlap_ratio": 0.0, "is_ground_truth": false }, "geometry": { "type": "Polygon", "coordinates": [ [ [ 110.674249729270628, -7.620703864819154 ], [ 110.674612375171293, -7.620704137475808 ], [ 110.674612443452233, -7.620613681779971 ], [ 110.674975089290015, -7.620613954131199 ], [ 110.674975021089921, -7.620704409827036 ], [ 110.675065682571812, -7.620704477865436 ], [ 110.675065750753944, -7.620614022169598 ], [ 110.675156412217888, -7.620614090190032 ], [ 110.675156616710382, -7.620342723093535 ], [ 110.675065955309321, -7.620342655073102 ], [ 110.675066023491453, -7.620252199377265 ], [ 110.675156684874537, -7.620252267397698 ], [ 110.675156957513224, -7.619890444596381 ], [ 110.675066296202004, -7.619890376584931 ], [ 110.675066364384136, -7.61979992088011 ], [ 110.67452239665154, -7.619799512407167 ], [ 110.674522328361618, -7.619889968103005 ], [ 110.674341005748147, -7.619889831792643 ], [ 110.674340732426742, -7.620251654558028 ], [ 110.674250071043659, -7.620251586366915 ], [ 110.674249729270628, -7.620703864819154 ] ] ] } },
{ "type": "Feature", "properties": { "cluster_id": 1113336757, "count": 81, "area_m2": 8099.9999623649637, "area_ha": 0.80999999623649632, "kelas_sawah": "unlabeled", "varietas": "unlabeled", "usia_fase": null, "overlap_ratio": 0.0, "is_ground_truth": false }, "geometry": { "type": "Polygon", "coordinates": [ [ [ 110.674250344445909, -7.61988976360153 ], [ 110.674522328361618, -7.619889968103005 ], [ 110.67452239665154, -7.619799512407167 ], [ 110.675066364384136, -7.61979992088011 ], [ 110.675066977942464, -7.618985819572655 ], [ 110.674251027893163, -7.618985206670104 ], [ 110.674250686183015, -7.619437485140308 ], [ 110.674341347386445, -7.619437553322438 ], [ 110.674341142408863, -7.619708920400968 ], [ 110.67425048114255, -7.619708852218838 ], [ 110.674250344445909, -7.61988976360153 ] ] ] } },
{ "type": "Feature", "properties": { "cluster_id": 1574949478, "count": 84, "area_m2": 8399.9999666507938, "area_ha": 0.83999999666507941, "kelas_sawah": "unlabeled", "varietas": "unlabeled", "usia_fase": null, "overlap_ratio": 0.0, "is_ground_truth": false }, "geometry": { "type": "Polygon", "coordinates": [ [ [ 110.674251096236986, -7.618894750965282 ], [ 110.674341757332613, -7.618894819147412 ], [ 110.674341689006752, -7.61898527484325 ], [ 110.675066977942464, -7.618985819572655 ], [ 110.675067250617076, -7.618623996753372 ], [ 110.675157911658815, -7.618624064755839 ], [ 110.6751581842436, -7.618262241936556 ], [ 110.675067523273739, -7.618262173934089 ], [ 110.675067591437895, -7.618171718229268 ], [ 110.674251642933712, -7.618171105389598 ], [ 110.674251096236986, -7.618894750965282 ] ] ] } },
{ "type": "Feature", "properties": { "cluster_id": -1052694404, "count": 85, "area_m2": 8500.0000192775042, "area_ha": 0.85000000192775038, "kelas_sawah": "unlabeled", "varietas": "unlabeled", "usia_fase": null, "overlap_ratio": 0.0, "is_ground_truth": false }, "geometry": { "type": "Polygon", "coordinates": [ [ [ 110.674342850357746, -7.617447527942145 ], [ 110.675158797505475, -7.617448140557236 ], [ 110.675159410695485, -7.616634039141983 ], [ 110.675068750075965, -7.616633971157483 ], [ 110.675068818222172, -7.616543515443679 ], [ 110.674706175797979, -7.616543243326013 ], [ 110.674706107579922, -7.616633699030833 ], [ 110.674343465092861, -7.616633426598757 ], [ 110.674342850357746, -7.617447527942145 ] ] ] } },
{ "type": "Feature", "properties": { "cluster_id": 1572501625, "count": 80, "area_m2": 7999.9999848540756, "area_ha": 0.79999999848540759, "kelas_sawah": "unlabeled", "varietas": "unlabeled", "usia_fase": null, "overlap_ratio": 0.0, "is_ground_truth": false }, "geometry": { "type": "Polygon", "coordinates": [ [ [ 110.674252736156461, -7.616723814148397 ], [ 110.674343396793944, -7.616723882312561 ], [ 110.674343465092861, -7.616633426598757 ], [ 110.674706107579922, -7.616633699030833 ], [ 110.674706175797979, -7.616543243326013 ], [ 110.675068818222172, -7.616543515443679 ], [ 110.675069090797976, -7.616181692588462 ], [ 110.675159751336651, -7.616181760572963 ], [ 110.675159955703379, -7.615910393422568 ], [ 110.675069295227587, -7.615910325447051 ], [ 110.675069431510991, -7.61572941401046 ], [ 110.674706789778512, -7.615729141919743 ], [ 110.674706721560455, -7.615819597633547 ], [ 110.674344079756111, -7.61581932522842 ], [ 110.674343738288499, -7.616271603770491 ], [ 110.674253077740843, -7.616271535624294 ], [ 110.674252736156461, -7.616723814148397 ] ] ] } },
{ "type": "Feature", "properties": { "cluster_id": -628427463, "count": 89, "area_m2": 8900.0000469380757, "area_ha": 0.89000000469380758, "kelas_sawah": "unlabeled", "varietas": "unlabeled", "usia_fase": null, "overlap_ratio": 0.0, "is_ground_truth": false }, "geometry": { "type": "Polygon", "coordinates": [ [ [ 110.674254648786473, -7.614191054260701 ], [ 110.674345308893962, -7.614191122388932 ], [ 110.674345240613022, -7.614281578102736 ], [ 110.674435900738459, -7.614281646221984 ], [ 110.674435969001436, -7.61419119050818 ], [ 110.675161249879253, -7.614191734734528 ], [ 110.675161726606191, -7.613558544657052 ], [ 110.675071066624469, -7.613558476699501 ], [ 110.675071202862966, -7.613377565244944 ], [ 110.674255263422779, -7.613376952800532 ], [ 110.674254648786473, -7.614191054260701 ] ] ] } },
{ "type": "Feature", "properties": { "cluster_id": 1672843231, "count": 93, "area_m2": 9299.9999908282189, "area_ha": 0.92999999908282194, "kelas_sawah": "unlabeled", "varietas": "unlabeled", "usia_fase": null, "overlap_ratio": 0.0, "is_ground_truth": false }, "geometry": { "type": "Polygon", "coordinates": [ [ [ 110.674255263422779, -7.613376952800532 ], [ 110.675071202862966, -7.613377565244944 ], [ 110.675071339092483, -7.613196653790387 ], [ 110.675161999002327, -7.613196721747938 ], [ 110.675162475657402, -7.612563531643512 ], [ 110.675071815891286, -7.612563463694944 ], [ 110.675071884001554, -7.612473007963174 ], [ 110.674255946268161, -7.612472395590627 ], [ 110.674255741425327, -7.612743762758989 ], [ 110.674346401227382, -7.612743830878237 ], [ 110.674346264692446, -7.612924742323811 ], [ 110.674255604854451, -7.61292467419558 ], [ 110.674255536573511, -7.613015129918367 ], [ 110.674346196429468, -7.613015198037616 ], [ 110.674346059894518, -7.61319610948319 ], [ 110.674255399993655, -7.613196041363942 ], [ 110.674255263422779, -7.613376952800532 ] ] ] } },
{ "type": "Feature", "properties": { "cluster_id": 591375627, "count": 58, "area_m2": 5799.9999629438389, "area_ha": 0.57999999629438392, "kelas_sawah": "unlabeled", "varietas": "unlabeled", "usia_fase": null, "overlap_ratio": 0.0, "is_ground_truth": false }, "geometry": { "type": "Polygon", "coordinates": [ [ [ 110.674237617052086, -7.636714515786915 ], [ 110.675144265548951, -7.636715198299918 ], [ 110.675144675414288, -7.636172464520151 ], [ 110.674238028067265, -7.636171782052063 ], [ 110.674237891065204, -7.636352693300008 ], [ 110.674328555834933, -7.636352761634852 ], [ 110.674328418868797, -7.636533672882797 ], [ 110.674237754063128, -7.636533604547953 ], [ 110.674237617052086, -7.636714515786915 ] ] ] } },
{ "type": "Feature", "properties": { "cluster_id": -331778916, "count": 78, "area_m2": 7800.0000443364843, "area_ha": 0.78000000443364848, "kelas_sawah": "unlabeled", "varietas": "unlabeled", "usia_fase": null, "overlap_ratio": 0.0, "is_ground_truth": false }, "geometry": { "type": "Polygon", "coordinates": [ [ [ 110.67423932940271, -7.634453125124722 ], [ 110.674329993777192, -7.634453193441599 ], [ 110.674329925307603, -7.634543649074555 ], [ 110.674420589700048, -7.634543717373465 ], [ 110.674420658142694, -7.63445326174051 ], [ 110.67496464438058, -7.634453671129735 ], [ 110.674964576045724, -7.63454412676269 ], [ 110.675055240447165, -7.634544194926854 ], [ 110.675055445379826, -7.634272828010021 ], [ 110.675146109718369, -7.634272896156218 ], [ 110.67514658773888, -7.633639706662647 ], [ 110.674693266719885, -7.633639365787929 ], [ 110.674693198340137, -7.633729821429868 ], [ 110.674330541462055, -7.633729548377954 ], [ 110.6743300622378, -7.634362737808643 ], [ 110.674239397890275, -7.634362669491766 ], [ 110.67423932940271, -7.634453125124722 ] ] ] } },
{ "type": "Feature", "properties": { "cluster_id": 1894634435, "count": 89, "area_m2": 8899.9999891268089, "area_ha": 0.88999999891268089, "kelas_sawah": "unlabeled", "varietas": "unlabeled", "usia_fase": null, "overlap_ratio": 0.0, "is_ground_truth": false }, "geometry": { "type": "Polygon", "coordinates": [ [ [ 110.674241725820437, -7.631287177800596 ], [ 110.675057699172029, -7.631287791709261 ], [ 110.675057972295804, -7.63092596909659 ], [ 110.675148635924685, -7.630926037215838 ], [ 110.675149045475607, -7.630383303283358 ], [ 110.674423737351887, -7.630382757880215 ], [ 110.6744236689362, -7.630473213531138 ], [ 110.674333005406126, -7.63047314526816 ], [ 110.674332663255811, -7.630925423504802 ], [ 110.67424199963591, -7.630925355223858 ], [ 110.674241725820437, -7.631287177800596 ] ] ] } },
{ "type": "Feature", "properties": { "cluster_id": 738305553, "count": 76, "area_m2": 7599.9999689409742, "area_ha": 0.75999999689409747, "kelas_sawah": "unlabeled", "varietas": "unlabeled", "usia_fase": null, "overlap_ratio": 0.0, "is_ground_truth": false }, "geometry": { "type": "Polygon", "coordinates": [ [ [ 110.674244189638742, -7.628030774358424 ], [ 110.67433485265677, -7.628030842621403 ], [ 110.674334921063476, -7.627940386961498 ], [ 110.674425584063528, -7.627940455197527 ], [ 110.674425515674784, -7.628030910857432 ], [ 110.674516178692812, -7.628030979075494 ], [ 110.674516247054598, -7.62794052341559 ], [ 110.674969562063865, -7.627940864227425 ], [ 110.674969493791906, -7.628031319896313 ], [ 110.675060156818915, -7.628031387997595 ], [ 110.675060429816924, -7.627669565340009 ], [ 110.675151092772069, -7.627669633423324 ], [ 110.675151433907288, -7.627217355078883 ], [ 110.674335468272233, -7.627216741673275 ], [ 110.674335399874508, -7.627307197333179 ], [ 110.674244737009204, -7.627307129079184 ], [ 110.674244668593502, -7.627397584748072 ], [ 110.674335331476783, -7.627397652993085 ], [ 110.674335126274613, -7.627669019981782 ], [ 110.674244463328463, -7.627668951727787 ], [ 110.674244189638742, -7.628030774358424 ] ] ] } },
{ "type": "Feature", "properties": { "cluster_id": 1461137372, "count": 82, "area_m2": 8200.0000188619015, "area_ha": 0.82000000188619016, "kelas_sawah": "unlabeled", "varietas": "unlabeled", "usia_fase": null, "overlap_ratio": 0.0, "is_ground_truth": false }, "geometry": { "type": "Polygon", "coordinates": [ [ [ 110.674247267886741, -7.623960269366253 ], [ 110.674519254371631, -7.623960473975525 ], [ 110.674519322697492, -7.623870018297654 ], [ 110.675063295568449, -7.623870426995175 ], [ 110.675063500213653, -7.623599059943595 ], [ 110.675154162297417, -7.623599127990978 ], [ 110.675154571444097, -7.623056393869851 ], [ 110.674519937621255, -7.623055917178846 ], [ 110.674519869304376, -7.623146372856716 ], [ 110.674338545325469, -7.623146236492457 ], [ 110.674338203516513, -7.623598514881813 ], [ 110.674247541432734, -7.623598446663751 ], [ 110.674247267886741, -7.623960269366253 ] ] ] } },
{ "type": "Feature", "properties": { "cluster_id": 2044632244, "count": 71, "area_m2": 7100.0000097689917, "area_ha": 0.71000000097689919, "kelas_sawah": "unlabeled", "varietas": "unlabeled", "usia_fase": null, "overlap_ratio": 0.0, "is_ground_truth": false }, "geometry": { "type": "Polygon", "coordinates": [ [ [ 110.674342303867633, -7.618171173553762 ], [ 110.675158252389792, -7.618171786222752 ], [ 110.675158456810422, -7.617900419099306 ], [ 110.675067795921407, -7.617900351105822 ], [ 110.675067864076581, -7.617809895401002 ], [ 110.675158524956615, -7.617809963394485 ], [ 110.675158797505475, -7.617448140557236 ], [ 110.674342850357746, -7.617447527942145 ], [ 110.674342303867633, -7.618171173553762 ] ] ] } },
{ "type": "Feature", "properties": { "cluster_id": 1158868371, "count": 73, "area_m2": 7299.999998731364, "area_ha": 0.72999999987313635, "kelas_sawah": "unlabeled", "varietas": "unlabeled", "usia_fase": null, "overlap_ratio": 0.0, "is_ground_truth": false }, "geometry": { "type": "Polygon", "coordinates": [ [ [ 110.674254034087298, -7.615005155684937 ], [ 110.674435354634639, -7.615005291950382 ], [ 110.674435422906598, -7.614914836227595 ], [ 110.674888724207563, -7.614915176554341 ], [ 110.674888656034426, -7.615005632268145 ], [ 110.67506997659973, -7.615005768264095 ], [ 110.675070317258843, -7.614553489659142 ], [ 110.675160977447177, -7.614553557625677 ], [ 110.675161249879253, -7.614191734734528 ], [ 110.674435969001436, -7.61419119050818 ], [ 110.674435900738459, -7.614281646221984 ], [ 110.674345240613022, -7.614281578102736 ], [ 110.674344899208293, -7.614733856680739 ], [ 110.674254238993015, -7.614733788543525 ], [ 110.674254034087298, -7.615005155684937 ] ] ] } },
{ "type": "Feature", "properties": { "cluster_id": 1066914105, "count": 79, "area_m2": 7899.999975823157, "area_ha": 0.78999999758231565, "kelas_sawah": "unlabeled", "varietas": "unlabeled", "usia_fase": null, "overlap_ratio": 0.0, "is_ground_truth": false }, "geometry": { "type": "Polygon", "coordinates": [ [ [ 110.675055240447165, -7.634544194926854 ], [ 110.675236569232041, -7.634544331201282 ], [ 110.675236637512995, -7.634453875559344 ], [ 110.675871288170271, -7.634454351917973 ], [ 110.675871356316463, -7.63436389626705 ], [ 110.675962020681965, -7.634363964242568 ], [ 110.67596249749873, -7.633730774704081 ], [ 110.675509176353984, -7.63373043467378 ], [ 110.675509244563059, -7.633639979031841 ], [ 110.67514658773888, -7.633639706662647 ], [ 110.675146109718369, -7.634272896156218 ], [ 110.675055445379826, -7.634272828010021 ], [ 110.675055240447165, -7.634544194926854 ] ] ] } },
{ "type": "Feature", "properties": { "cluster_id": -1290584072, "count": 87, "area_m2": 8699.9999874533387, "area_ha": 0.86999999874533385, "kelas_sawah": "unlabeled", "varietas": "unlabeled", "usia_fase": null, "overlap_ratio": 0.0, "is_ground_truth": false }, "geometry": { "type": "Polygon", "coordinates": [ [ [ 110.675066296202004, -7.619890376584931 ], [ 110.675882248029964, -7.619890988023229 ], [ 110.675882520057797, -7.619529165194963 ], [ 110.675973181297152, -7.619529233035733 ], [ 110.675973453226177, -7.619167410198483 ], [ 110.675882792058687, -7.619167342357713 ], [ 110.675882860061151, -7.619076886652892 ], [ 110.675701537771076, -7.619076750917452 ], [ 110.675701605809479, -7.618986295212632 ], [ 110.675520283555343, -7.618986159405328 ], [ 110.675520215481015, -7.619076615119131 ], [ 110.675066909778295, -7.619076275277476 ], [ 110.675066296202004, -7.619890376584931 ] ] ] } },
{ "type": "Feature", "properties": { "cluster_id": -1199519066, "count": 7, "area_m2": 700.00001842243341, "area_ha": 0.070000001842243337, "kelas_sawah": "unlabeled", "varietas": "unlabeled", "usia_fase": null, "overlap_ratio": 0.0, "is_ground_truth": false }, "geometry": { "type": "Polygon", "coordinates": [ [ [ 110.675071815891286, -7.612563463694944 ], [ 110.675706434299045, -7.612563938930679 ], [ 110.675706502274565, -7.612473483189925 ], [ 110.675071884001554, -7.612473007963174 ], [ 110.675071815891286, -7.612563463694944 ] ] ] } },
{ "type": "Feature", "properties": { "cluster_id": -1341212209, "count": 89, "area_m2": 8899.9999874338391, "area_ha": 0.88999999874338387, "kelas_sawah": "unlabeled", "varietas": "unlabeled", "usia_fase": null, "overlap_ratio": 0.0, "is_ground_truth": false }, "geometry": { "type": "Polygon", "coordinates": [ [ [ 110.675063909468122, -7.623056325831451 ], [ 110.675154571444097, -7.623056393869851 ], [ 110.675154503252983, -7.623146849556705 ], [ 110.675879799249444, -7.623147393226098 ], [ 110.675880139423484, -7.622695114755893 ], [ 110.675970801336575, -7.622695182623613 ], [ 110.67597093735948, -7.622514271231938 ], [ 110.675880275491295, -7.622514203364218 ], [ 110.675880411550125, -7.622333291972542 ], [ 110.675789749717879, -7.622333224086857 ], [ 110.675789817765263, -7.622242768391019 ], [ 110.675155185101247, -7.622242292679177 ], [ 110.675155116919115, -7.622332748366031 ], [ 110.67506445509585, -7.622332680327632 ], [ 110.675063909468122, -7.623056325831451 ] ] ] } },
{ "type": "Feature", "properties": { "cluster_id": 1396725141, "count": 83, "area_m2": 8300.0000074942363, "area_ha": 0.83000000074942359, "kelas_sawah": "unlabeled", "varietas": "unlabeled", "usia_fase": null, "overlap_ratio": 0.0, "is_ground_truth": false }, "geometry": { "type": "Polygon", "coordinates": [ [ [ 110.67506506886977, -7.621518579110009 ], [ 110.675699700455809, -7.621519054911682 ], [ 110.675699768521156, -7.621428599215845 ], [ 110.675881091799383, -7.621428734987217 ], [ 110.675881159819809, -7.621338279282396 ], [ 110.675971821445444, -7.621338347141132 ], [ 110.675972161439816, -7.620886068626011 ], [ 110.67588149991299, -7.620886000776258 ], [ 110.675881635935895, -7.620705089366616 ], [ 110.675790974453989, -7.620705021498897 ], [ 110.675791042483411, -7.620614565794075 ], [ 110.675519058082614, -7.620614362083119 ], [ 110.675518989990323, -7.620704817778956 ], [ 110.675156344053718, -7.62070454588587 ], [ 110.675156071379106, -7.62106636866922 ], [ 110.675065409825336, -7.621066300639804 ], [ 110.67506506886977, -7.621518579110009 ] ] ] } },
{ "type": "Feature", "properties": { "cluster_id": 2492568, "count": 91, "area_m2": 9100.0000226174598, "area_ha": 0.91000000226174593, "kelas_sawah": "unlabeled", "varietas": "unlabeled", "usia_fase": null, "overlap_ratio": 0.0, "is_ground_truth": false }, "geometry": { "type": "Polygon", "coordinates": [ [ [ 110.675054010671502, -7.636172396355987 ], [ 110.675869993356585, -7.636173009114809 ], [ 110.675870265968328, -7.63581118656502 ], [ 110.675960930639249, -7.63581125454952 ], [ 110.675961066904691, -7.635630343265643 ], [ 110.67587040227869, -7.635630275281143 ], [ 110.675870538580071, -7.635449363997265 ], [ 110.675961203170132, -7.635449431981765 ], [ 110.675961271298377, -7.635358976339827 ], [ 110.675870606726264, -7.635358908355326 ], [ 110.675870674872456, -7.635268452713388 ], [ 110.675326687556591, -7.635268044420108 ], [ 110.675326619293614, -7.635358500062046 ], [ 110.675235954730496, -7.635358431942798 ], [ 110.675236023011436, -7.635267976309843 ], [ 110.6751453584573, -7.635267908172628 ], [ 110.675145290158383, -7.635358363814567 ], [ 110.675054625595266, -7.635358295659387 ], [ 110.675054010671502, -7.636172396355987 ] ] ] } },
{ "type": "Feature", "properties": { "cluster_id": -84737259, "count": 81, "area_m2": 8099.999959138222, "area_ha": 0.80999999591382221, "kelas_sawah": "unlabeled", "varietas": "unlabeled", "usia_fase": null, "overlap_ratio": 0.0, "is_ground_truth": false }, "geometry": { "type": "Polygon", "coordinates": [ [ [ 110.675055923535083, -7.633639638525433 ], [ 110.675509244563059, -7.633639979031841 ], [ 110.675509176353984, -7.63373043467378 ], [ 110.67596249749873, -7.633730774704081 ], [ 110.675962838068017, -7.633278496449472 ], [ 110.675872173927104, -7.633278428482937 ], [ 110.675872446440039, -7.63291660587925 ], [ 110.675056469944337, -7.63291599338094 ], [ 110.675055923535083, -7.633639638525433 ] ] ] } },
{ "type": "Feature", "properties": { "cluster_id": -1802021430, "count": 86, "area_m2": 8599.9999920561095, "area_ha": 0.85999999920561099, "kelas_sawah": "unlabeled", "varietas": "unlabeled", "usia_fase": null, "overlap_ratio": 0.0, "is_ground_truth": false }, "geometry": { "type": "Polygon", "coordinates": [ [ [ 110.67496587421013, -7.63282546958382 ], [ 110.675056538243254, -7.632825537739 ], [ 110.675056469944337, -7.63291599338094 ], [ 110.675872446440039, -7.63291660587925 ], [ 110.675872514568269, -7.632826150228328 ], [ 110.67596317861036, -7.632826218185879 ], [ 110.675963655337299, -7.632193028602476 ], [ 110.675872991429955, -7.632192960644925 ], [ 110.67587305954919, -7.632102504994003 ], [ 110.675147748470025, -7.632101960686806 ], [ 110.675147611926107, -7.632282871979667 ], [ 110.675056948009768, -7.632282803860419 ], [ 110.675056879710851, -7.632373259502358 ], [ 110.675147543654148, -7.632373327630589 ], [ 110.675147475382175, -7.63246378328151 ], [ 110.67505681142093, -7.632463715153279 ], [ 110.675056606533175, -7.632735082088079 ], [ 110.67496594252701, -7.632735013941882 ], [ 110.67496587421013, -7.63282546958382 ] ] ] } },
{ "type": "Feature", "properties": { "cluster_id": -1656670521, "count": 82, "area_m2": 8199.9999992066296, "area_ha": 0.81999999992066297, "kelas_sawah": "unlabeled", "varietas": "unlabeled", "usia_fase": null, "overlap_ratio": 0.0, "is_ground_truth": false }, "geometry": { "type": "Polygon", "coordinates": [ [ [ 110.675057699172029, -7.631287791709261 ], [ 110.675420354010924, -7.631288064060489 ], [ 110.67542042222, -7.631197608409567 ], [ 110.675873740696758, -7.631197948412919 ], [ 110.675874081239101, -7.630745670113393 ], [ 110.675964744841025, -7.630745738052979 ], [ 110.675964949099964, -7.63047437106428 ], [ 110.675874285551927, -7.630474303124696 ], [ 110.675874353653214, -7.63038384746479 ], [ 110.675149045475607, -7.630383303283358 ], [ 110.675148635924685, -7.630926037215838 ], [ 110.675057972295804, -7.63092596909659 ], [ 110.675057699172029, -7.631287791709261 ] ] ] } },
{ "type": "Feature", "properties": { "cluster_id": -1843015991, "count": 74, "area_m2": 7399.9999843136175, "area_ha": 0.73999999843136177, "kelas_sawah": "unlabeled", "varietas": "unlabeled", "usia_fase": null, "overlap_ratio": 0.0, "is_ground_truth": false }, "geometry": { "type": "Polygon", "coordinates": [ [ [ 110.675058723323318, -7.629930956891534 ], [ 110.675149386745574, -7.629931024992815 ], [ 110.675149045475607, -7.630383303283358 ], [ 110.675783690132135, -7.630383779507239 ], [ 110.675783758251384, -7.630293323847334 ], [ 110.675874421763481, -7.630293391804885 ], [ 110.675874762260904, -7.629841113478411 ], [ 110.675965425674178, -7.629841181417995 ], [ 110.675965493748521, -7.629750725749108 ], [ 110.67587483036219, -7.629750657818505 ], [ 110.675874966555767, -7.629569746480729 ], [ 110.675240323093988, -7.629569270445494 ], [ 110.675240254857954, -7.629659726105399 ], [ 110.675058928130213, -7.629659589920801 ], [ 110.675058723323318, -7.629930956891534 ] ] ] } },
{ "type": "Feature", "properties": { "cluster_id": 1906357134, "count": 77, "area_m2": 7700.0000070640817, "area_ha": 0.77000000070640817, "kelas_sawah": "unlabeled", "varietas": "unlabeled", "usia_fase": null, "overlap_ratio": 0.0, "is_ground_truth": false }, "geometry": { "type": "Polygon", "coordinates": [ [ [ 110.675059405980051, -7.629026400301466 ], [ 110.675150069213657, -7.629026468393765 ], [ 110.675149591498581, -7.629659658022083 ], [ 110.675240254857954, -7.629659726105399 ], [ 110.675240323093988, -7.629569270445494 ], [ 110.675874966555767, -7.629569746480729 ], [ 110.675875238924959, -7.629207923814159 ], [ 110.675965902203487, -7.629207991744761 ], [ 110.675965970277829, -7.629117536075873 ], [ 110.67587530701725, -7.629117468145271 ], [ 110.675875375109555, -7.629027012476383 ], [ 110.675966038352158, -7.629027080406985 ], [ 110.675966174491833, -7.628846169069209 ], [ 110.675875511294151, -7.628846101138606 ], [ 110.675875579377461, -7.628755645469719 ], [ 110.67524093711944, -7.628755169479398 ], [ 110.675240868892388, -7.628845625148287 ], [ 110.675059542506006, -7.628845488972673 ], [ 110.675059405980051, -7.629026400301466 ] ] ] } },
{ "type": "Feature", "properties": { "cluster_id": -1576597068, "count": 82, "area_m2": 8199.9999718889012, "area_ha": 0.81999999718889016, "kelas_sawah": "unlabeled", "varietas": "unlabeled", "usia_fase": null, "overlap_ratio": 0.0, "is_ground_truth": false }, "geometry": { "type": "Polygon", "coordinates": [ [ [ 110.675059542506006, -7.628845488972673 ], [ 110.675240868892388, -7.628845625148287 ], [ 110.67524093711944, -7.628755169479398 ], [ 110.675875579377461, -7.628755645469719 ], [ 110.675875851728691, -7.628393822794165 ], [ 110.675966514836546, -7.628393890706801 ], [ 110.675966787088967, -7.628032068022265 ], [ 110.675876124061958, -7.628032000100647 ], [ 110.675876192136286, -7.627941544431758 ], [ 110.675241551081996, -7.627941068486354 ], [ 110.675241482863939, -7.628031524155243 ], [ 110.675150819836929, -7.628031456089894 ], [ 110.675150615137824, -7.628302823087575 ], [ 110.675059952056927, -7.628302754995277 ], [ 110.675059542506006, -7.628845488972673 ] ] ] } },
{ "type": "Feature", "properties": { "cluster_id": -1597705112, "count": 73, "area_m2": 7299.9999794794712, "area_ha": 0.72999999794794712, "kelas_sawah": "unlabeled", "varietas": "unlabeled", "usia_fase": null, "overlap_ratio": 0.0, "is_ground_truth": false }, "geometry": { "type": "Polygon", "coordinates": [ [ [ 110.675060156818915, -7.628031387997595 ], [ 110.675241482863939, -7.628031524155243 ], [ 110.675241551081996, -7.627941068486354 ], [ 110.675876192136286, -7.627941544431758 ], [ 110.67587632830292, -7.627760633084999 ], [ 110.675966991276027, -7.627760700997634 ], [ 110.675967263510472, -7.627398878295132 ], [ 110.675876600609229, -7.627398810382497 ], [ 110.6758767367579, -7.627217899035736 ], [ 110.675151433907288, -7.627217355078883 ], [ 110.675151092772069, -7.627669633423324 ], [ 110.675060429816924, -7.627669565340009 ], [ 110.675060156818915, -7.628031387997595 ] ] ] } },
{ "type": "Feature", "properties": { "cluster_id": -1565787490, "count": 82, "area_m2": 8200.0000298937084, "area_ha": 0.82000000298937081, "kelas_sawah": "unlabeled", "varietas": "unlabeled", "usia_fase": null, "overlap_ratio": 0.0, "is_ground_truth": false }, "geometry": { "type": "Polygon", "coordinates": [ [ [ 110.675060839304962, -7.627126831326679 ], [ 110.675151502134341, -7.627126899409995 ], [ 110.675151433907288, -7.627217355078883 ], [ 110.6758767367579, -7.627217899035736 ], [ 110.675877077120575, -7.62676562064638 ], [ 110.675967739887071, -7.626765688550032 ], [ 110.675968012076595, -7.626403865829563 ], [ 110.675877349390959, -7.626403797934895 ], [ 110.675877417456306, -7.62631334224804 ], [ 110.675696092120944, -7.626313206395819 ], [ 110.675696024019658, -7.626403662073691 ], [ 110.675605361334021, -7.62640359411614 ], [ 110.67560542945327, -7.626313138438269 ], [ 110.67542410412689, -7.626313002460284 ], [ 110.67542403596272, -7.626403458138155 ], [ 110.675061385238109, -7.626403185957607 ], [ 110.675061316993094, -7.626493641635479 ], [ 110.675151979696707, -7.626493709709811 ], [ 110.675151570361379, -7.627036443732123 ], [ 110.675060907549977, -7.627036375657791 ], [ 110.675060839304962, -7.627126831326679 ] ] ] } },
{ "type": "Feature", "properties": { "cluster_id": -1114261609, "count": 84, "area_m2": 8399.9999686446972, "area_ha": 0.83999999686446969, "kelas_sawah": "unlabeled", "varietas": "unlabeled", "usia_fase": null, "overlap_ratio": 0.0, "is_ground_truth": false }, "geometry": { "type": "Polygon", "coordinates": [ [ [ 110.67515266185039, -7.625589152958047 ], [ 110.675968624476099, -7.625589764692789 ], [ 110.675969236803724, -7.624775663529064 ], [ 110.675878574459446, -7.624775595634396 ], [ 110.675878642506817, -7.624685139956524 ], [ 110.675606655536853, -7.624684936182685 ], [ 110.675606587426586, -7.624775391860556 ], [ 110.675153275723119, -7.624775051857204 ], [ 110.67515266185039, -7.625589152958047 ] ] ] } },
{ "type": "Feature", "properties": { "cluster_id": -1682396753, "count": 78, "area_m2": 7800.0000095917494, "area_ha": 0.78000000095917499, "kelas_sawah": "unlabeled", "varietas": "unlabeled", "usia_fase": null, "overlap_ratio": 0.0, "is_ground_truth": false }, "geometry": { "type": "Polygon", "coordinates": [ [ [ 110.675062613378842, -7.624774983800839 ], [ 110.675606587426586, -7.624775391860556 ], [ 110.675606655536853, -7.624684936182685 ], [ 110.675969304833146, -7.62468520784221 ], [ 110.675969644980228, -7.624232929398954 ], [ 110.675878982752721, -7.624232861513268 ], [ 110.675879186885879, -7.623961494443722 ], [ 110.675063227350378, -7.623960882673047 ], [ 110.675063159141303, -7.624051338359902 ], [ 110.675153821323889, -7.624051406407284 ], [ 110.675153480332398, -7.624503684814607 ], [ 110.675062818050989, -7.624503616758242 ], [ 110.675062613378842, -7.624774983800839 ] ] ] } },
{ "type": "Feature", "properties": { "cluster_id": 1107498812, "count": 76, "area_m2": 7600.0000332787749, "area_ha": 0.76000000332787754, "kelas_sawah": "unlabeled", "varietas": "unlabeled", "usia_fase": null, "overlap_ratio": 0.0, "is_ground_truth": false }, "geometry": { "type": "Polygon", "coordinates": [ [ [ 110.67506445509585, -7.622332680327632 ], [ 110.675155116919115, -7.622332748366031 ], [ 110.675155185101247, -7.622242292679177 ], [ 110.675789817765263, -7.622242768391019 ], [ 110.675789749717879, -7.622333224086857 ], [ 110.675880411550125, -7.622333291972542 ], [ 110.675880751679244, -7.621881013484371 ], [ 110.675971413421664, -7.621881081343107 ], [ 110.675971685440516, -7.621519258541791 ], [ 110.675881023778942, -7.621519190683054 ], [ 110.675881091799383, -7.621428734987217 ], [ 110.675699768521156, -7.621428599215845 ], [ 110.675699700455809, -7.621519054911682 ], [ 110.675155730522349, -7.621518647139426 ], [ 110.675155457820779, -7.621880469913792 ], [ 110.675064796087341, -7.621880401875393 ], [ 110.67506445509585, -7.622332680327632 ] ] ] } },
{ "type": "Feature", "properties": { "cluster_id": -1253277305, "count": 71, "area_m2": 7099.9999886541627, "area_ha": 0.70999999886541632, "kelas_sawah": "unlabeled", "varietas": "unlabeled", "usia_fase": null, "overlap_ratio": 0.0, "is_ground_truth": false }, "geometry": { "type": "Polygon", "coordinates": [ [ [ 110.675065682571812, -7.620704477865436 ], [ 110.675518989990323, -7.620704817778956 ], [ 110.675519058082614, -7.620614362083119 ], [ 110.675791042483411, -7.620614565794075 ], [ 110.675790974453989, -7.620705021498897 ], [ 110.675881635935895, -7.620705089366616 ], [ 110.675882248029964, -7.619890988023229 ], [ 110.675156957513224, -7.619890444596381 ], [ 110.675156684874537, -7.620252267397698 ], [ 110.675066023491453, -7.620252199377265 ], [ 110.675065955309321, -7.620342655073102 ], [ 110.675156616710382, -7.620342723093535 ], [ 110.675156412217888, -7.620614090190032 ], [ 110.675065750753944, -7.620614022169598 ], [ 110.675065682571812, -7.620704477865436 ] ] ] } },
{ "type": "Feature", "properties": { "cluster_id": 144197051, "count": 86, "area_m2": 8600.0000090282992, "area_ha": 0.86000000090282991, "kelas_sawah": "unlabeled", "varietas": "unlabeled", "usia_fase": null, "overlap_ratio": 0.0, "is_ground_truth": false }, "geometry": { "type": "Polygon", "coordinates": [ [ [ 110.675066909778295, -7.619076275277476 ], [ 110.675520215481015, -7.619076615119131 ], [ 110.675520283555343, -7.618986159405328 ], [ 110.675701605809479, -7.618986295212632 ], [ 110.675701537771076, -7.619076750917452 ], [ 110.675882860061151, -7.619076886652892 ], [ 110.675883132053045, -7.618715063806659 ], [ 110.675973793121727, -7.618715131638447 ], [ 110.675974132999315, -7.618262853069426 ], [ 110.675883472020473, -7.618262785246623 ], [ 110.675883540013956, -7.618172329532818 ], [ 110.675430235236504, -7.618171990104389 ], [ 110.675430167153181, -7.618262445818193 ], [ 110.67533950618332, -7.618262377869624 ], [ 110.675339574284607, -7.618171922164803 ], [ 110.675248913332709, -7.618171854207253 ], [ 110.67524884521346, -7.618262309912073 ], [ 110.6751581842436, -7.618262241936556 ], [ 110.675157911658815, -7.618624064755839 ], [ 110.675067250617076, -7.618623996753372 ], [ 110.675066909778295, -7.619076275277476 ] ] ] } },
{ "type": "Feature", "properties": { "cluster_id": -2044374123, "count": 68, "area_m2": 6800.0000035075936, "area_ha": 0.68000000035075936, "kelas_sawah": "unlabeled", "varietas": "unlabeled", "usia_fase": null, "overlap_ratio": 0.0, "is_ground_truth": false }, "geometry": { "type": "Polygon", "coordinates": [ [ [ 110.675067523273739, -7.618262173934089 ], [ 110.67524884521346, -7.618262309912073 ], [ 110.675248913332709, -7.618171854207253 ], [ 110.675339574284607, -7.618171922164803 ], [ 110.67533950618332, -7.618262377869624 ], [ 110.675430167153181, -7.618262445818193 ], [ 110.675430235236504, -7.618171990104389 ], [ 110.675883540013956, -7.618172329532818 ], [ 110.675884083916912, -7.617448683804421 ], [ 110.675158797505475, -7.617448140557236 ], [ 110.675158524956615, -7.617809963394485 ], [ 110.675067864076581, -7.617809895401002 ], [ 110.675067795921407, -7.617900351105822 ], [ 110.675158456810422, -7.617900419099306 ], [ 110.675158252389792, -7.618171786222752 ], [ 110.675067591437895, -7.618171718229268 ], [ 110.675067523273739, -7.618262173934089 ] ] ] } },
{ "type": "Feature", "properties": { "cluster_id": 201779032, "count": 80, "area_m2": 8000.0000545027433, "area_ha": 0.80000000545027428, "kelas_sawah": "unlabeled", "varietas": "unlabeled", "usia_fase": null, "overlap_ratio": 0.0, "is_ground_truth": false }, "geometry": { "type": "Polygon", "coordinates": [ [ [ 110.675158797505475, -7.617448140557236 ], [ 110.675884083916912, -7.617448683804421 ], [ 110.675884355845923, -7.617086860931239 ], [ 110.675975016573247, -7.617086928754042 ], [ 110.675975220454887, -7.616815561594664 ], [ 110.675884559781466, -7.616815493780844 ], [ 110.675884627756986, -7.616725038058056 ], [ 110.675975288412431, -7.616725105871877 ], [ 110.675975356369989, -7.61663465014909 ], [ 110.675884695741487, -7.616634582335269 ], [ 110.675884763716994, -7.616544126612482 ], [ 110.675522121265871, -7.616543855177536 ], [ 110.675522053209505, -7.61663431089134 ], [ 110.675159410695485, -7.616634039141983 ], [ 110.675158797505475, -7.617448140557236 ] ] ] } },
{ "type": "Feature", "properties": { "cluster_id": -195550601, "count": 83, "area_m2": 8299.9999797146302, "area_ha": 0.82999999797146307, "kelas_sawah": "unlabeled", "varietas": "unlabeled", "usia_fase": null, "overlap_ratio": 0.0, "is_ground_truth": false }, "geometry": { "type": "Polygon", "coordinates": [ [ [ 110.675068750075965, -7.616633971157483 ], [ 110.675522053209505, -7.61663431089134 ], [ 110.675522121265871, -7.616543855177536 ], [ 110.675884763716994, -7.616544126612482 ], [ 110.675884899668034, -7.616363215175891 ], [ 110.675975560242634, -7.616363282989711 ], [ 110.675975696148754, -7.616182371544138 ], [ 110.675885035610094, -7.616182303730317 ], [ 110.675885375460723, -7.615730025116381 ], [ 110.6755227337013, -7.615729753699402 ], [ 110.675522665653915, -7.615820209422188 ], [ 110.675432005196086, -7.615820141518536 ], [ 110.675432073261433, -7.615729685804732 ], [ 110.675160091950858, -7.615729481985977 ], [ 110.675160023822613, -7.615819937708764 ], [ 110.67506936337378, -7.615819869724263 ], [ 110.675069295227587, -7.615910325447051 ], [ 110.675159955703379, -7.615910393422568 ], [ 110.675159751336651, -7.616181760572963 ], [ 110.675069090797976, -7.616181692588462 ], [ 110.675068750075965, -7.616633971157483 ] ] ] } },
{ "type": "Feature", "properties": { "cluster_id": -1119938721, "count": 82, "area_m2": 8199.9999870362808, "area_ha": 0.81999999870362805, "kelas_sawah": "unlabeled", "varietas": "unlabeled", "usia_fase": null, "overlap_ratio": 0.0, "is_ground_truth": false }, "geometry": { "type": "Polygon", "coordinates": [ [ [ 110.67506936337378, -7.615819869724263 ], [ 110.675160023822613, -7.615819937708764 ], [ 110.675160091950858, -7.615729481985977 ], [ 110.675432073261433, -7.615729685804732 ], [ 110.675432005196086, -7.615820141518536 ], [ 110.675522665653915, -7.615820209422188 ], [ 110.6755227337013, -7.615729753699402 ], [ 110.675976035909571, -7.615730092921218 ], [ 110.67597637564343, -7.615277814289317 ], [ 110.675885715293404, -7.615277746493462 ], [ 110.675885783259929, -7.615187290761692 ], [ 110.675976443591992, -7.61518735856653 ], [ 110.67597657948015, -7.615006447111972 ], [ 110.675885919184012, -7.615006379307134 ], [ 110.675885987150551, -7.614915923584348 ], [ 110.67561400633403, -7.61491572007102 ], [ 110.675613938313603, -7.61500617580279 ], [ 110.67506997659973, -7.615005768264095 ], [ 110.675069840334274, -7.615186679700686 ], [ 110.675160500657356, -7.615186747676204 ], [ 110.675160364418858, -7.615367659112795 ], [ 110.675069704059851, -7.615367591137278 ], [ 110.67506936337378, -7.615819869724263 ] ] ] } },
{ "type": "Feature", "properties": { "cluster_id": -1082782463, "count": 82, "area_m2": 8200.0000351297786, "area_ha": 0.82000000351297786, "kelas_sawah": "unlabeled", "varietas": "unlabeled", "usia_fase": null, "overlap_ratio": 0.0, "is_ground_truth": false }, "geometry": { "type": "Polygon", "coordinates": [ [ [ 110.67506997659973, -7.615005768264095 ], [ 110.675613938313603, -7.61500617580279 ], [ 110.67561400633403, -7.61491572007102 ], [ 110.675885987150551, -7.614915923584348 ], [ 110.675886055108109, -7.614825467852577 ], [ 110.675976715359312, -7.614825535648432 ], [ 110.675976919178069, -7.614554168462104 ], [ 110.675886258989735, -7.61455410066625 ], [ 110.675886598768514, -7.614101822016381 ], [ 110.675523958365545, -7.614101550662284 ], [ 110.675523890336123, -7.614192006394053 ], [ 110.675251909986727, -7.614191802674114 ], [ 110.675251978079032, -7.614101346951326 ], [ 110.675161317980539, -7.614101279011741 ], [ 110.675160977447177, -7.614553557625677 ], [ 110.675070317258843, -7.614553489659142 ], [ 110.67506997659973, -7.615005768264095 ] ] ] } },
{ "type": "Feature", "properties": { "cluster_id": 17087054, "count": 51, "area_m2": 5099.9999381205998, "area_ha": 0.50999999381205996, "kelas_sawah": "unlabeled", "varietas": "unlabeled", "usia_fase": null, "overlap_ratio": 0.0, "is_ground_truth": false }, "geometry": { "type": "Polygon", "coordinates": [ [ [ 110.675144265548951, -7.636715198299918 ], [ 110.675869584398555, -7.636715742939492 ], [ 110.675869788882068, -7.636444376031641 ], [ 110.675960453678755, -7.636444444025126 ], [ 110.67596065809937, -7.636173077108293 ], [ 110.675144675414288, -7.636172464520151 ], [ 110.675144265548951, -7.636715198299918 ] ] ] } },
{ "type": "Feature", "properties": { "cluster_id": 1752764401, "count": 85, "area_m2": 8499.9999880517134, "area_ha": 0.8499999988051713, "kelas_sawah": "unlabeled", "varietas": "unlabeled", "usia_fase": null, "overlap_ratio": 0.0, "is_ground_truth": false }, "geometry": { "type": "Polygon", "coordinates": [ [ [ 110.675054625595266, -7.635358295659387 ], [ 110.675145290158383, -7.635358363814567 ], [ 110.6751453584573, -7.635267908172628 ], [ 110.675236023011436, -7.635267976309843 ], [ 110.675235954730496, -7.635358431942798 ], [ 110.675326619293614, -7.635358500062046 ], [ 110.675326687556591, -7.635268044420108 ], [ 110.675870674872456, -7.635268452713388 ], [ 110.675871015603448, -7.634816174494711 ], [ 110.675961680067758, -7.634816242470229 ], [ 110.675961952553735, -7.634454419884507 ], [ 110.675236637512995, -7.634453875559344 ], [ 110.675236569232041, -7.634544331201282 ], [ 110.675055240447165, -7.634544194926854 ], [ 110.675054625595266, -7.635358295659387 ] ] ] } },
{ "type": "Feature", "properties": { "cluster_id": 907087781, "count": 92, "area_m2": 9199.9999695137376, "area_ha": 0.9199999969513738, "kelas_sawah": "unlabeled", "varietas": "unlabeled", "usia_fase": null, "overlap_ratio": 0.0, "is_ground_truth": false }, "geometry": { "type": "Polygon", "coordinates": [ [ [ 110.675057084589625, -7.632101892558575 ], [ 110.675963723438585, -7.632102572942571 ], [ 110.67596379153089, -7.632012117291649 ], [ 110.675873127668439, -7.632012049334098 ], [ 110.675873195787688, -7.631921593683177 ], [ 110.675963859632162, -7.631921661631744 ], [ 110.675964404397504, -7.631198016361487 ], [ 110.67542042222, -7.631197608409567 ], [ 110.675420354010924, -7.631288064060489 ], [ 110.675057699172029, -7.631287791709261 ], [ 110.675057426030278, -7.631649614312948 ], [ 110.675148089820851, -7.631649682432196 ], [ 110.675147885013956, -7.631921049384962 ], [ 110.675057221169482, -7.631920981265714 ], [ 110.675057084589625, -7.632101892558575 ] ] ] } },
{ "type": "Feature", "properties": { "cluster_id": -364123365, "count": 77, "area_m2": 7700.0000041507883, "area_ha": 0.77000000041507888, "kelas_sawah": "unlabeled", "varietas": "unlabeled", "usia_fase": null, "overlap_ratio": 0.0, "is_ground_truth": false }, "geometry": { "type": "Polygon", "coordinates": [ [ [ 110.675061385238109, -7.626403185957607 ], [ 110.67542403596272, -7.626403458138155 ], [ 110.67542410412689, -7.626313002460284 ], [ 110.67560542945327, -7.626313138438269 ], [ 110.675605361334021, -7.62640359411614 ], [ 110.675696024019658, -7.626403662073691 ], [ 110.675696092120944, -7.626313206395819 ], [ 110.675877417456306, -7.62631334224804 ], [ 110.675877621652347, -7.626041975214426 ], [ 110.675968284266133, -7.626042043109095 ], [ 110.675968624476099, -7.625589764692789 ], [ 110.67515266185039, -7.625589152958047 ], [ 110.675152320787021, -7.62604143133842 ], [ 110.67506165818223, -7.626041363273071 ], [ 110.675061385238109, -7.626403185957607 ] ] ] } },
{ "type": "Feature", "properties": { "cluster_id": 595698322, "count": 83, "area_m2": 8300.0000088175875, "area_ha": 0.83000000088175874, "kelas_sawah": "unlabeled", "varietas": "unlabeled", "usia_fase": null, "overlap_ratio": 0.0, "is_ground_truth": false }, "geometry": { "type": "Polygon", "coordinates": [ [ [ 110.675063227350378, -7.623960882673047 ], [ 110.675879186885879, -7.623961494443722 ], [ 110.675879322971667, -7.623780583070013 ], [ 110.675969985109333, -7.623780650946715 ], [ 110.675970461252376, -7.623147461093819 ], [ 110.675154503252983, -7.623146849556705 ], [ 110.675154162297417, -7.623599127990978 ], [ 110.675063500213653, -7.623599059943595 ], [ 110.675063227350378, -7.623960882673047 ] ] ] } },
{ "type": "Feature", "properties": { "cluster_id": 2139972994, "count": 83, "area_m2": 8299.9999906422454, "area_ha": 0.8299999990642245, "kelas_sawah": "unlabeled", "varietas": "unlabeled", "usia_fase": null, "overlap_ratio": 0.0, "is_ground_truth": false }, "geometry": { "type": "Polygon", "coordinates": [ [ [ 110.675071066624469, -7.613558476699501 ], [ 110.675161726606191, -7.613558544657052 ], [ 110.675161317980539, -7.614101279011741 ], [ 110.675251978079032, -7.614101346951326 ], [ 110.675251909986727, -7.614191802674114 ], [ 110.675523890336123, -7.614192006394053 ], [ 110.675523958365545, -7.614101550662284 ], [ 110.675886598768514, -7.614101822016381 ], [ 110.675886870571773, -7.6137399990893 ], [ 110.675977530598402, -7.613740066885155 ], [ 110.67597787024242, -7.613287788208337 ], [ 110.675071270973234, -7.613287109522156 ], [ 110.675071066624469, -7.613558476699501 ] ] ] } },
{ "type": "Feature", "properties": { "cluster_id": -1123465387, "count": 80, "area_m2": 7999.9999711930286, "area_ha": 0.79999999711930281, "kelas_sawah": "unlabeled", "varietas": "unlabeled", "usia_fase": null, "overlap_ratio": 0.0, "is_ground_truth": false }, "geometry": { "type": "Polygon", "coordinates": [ [ [ 110.675071270973234, -7.613287109522156 ], [ 110.67597787024242, -7.613287788208337 ], [ 110.675977938173034, -7.613197332476567 ], [ 110.676068598082878, -7.613197400236489 ], [ 110.67606873389019, -7.613016488763965 ], [ 110.675978074016271, -7.613016421004043 ], [ 110.675978277790108, -7.612745053790766 ], [ 110.676068937610125, -7.612745121550688 ], [ 110.676069073408442, -7.612564210078165 ], [ 110.675978413633345, -7.612564142318242 ], [ 110.675978481554964, -7.612473686577489 ], [ 110.675706502274565, -7.612473483189925 ], [ 110.675706434299045, -7.612563938930679 ], [ 110.675162475657402, -7.612563531643512 ], [ 110.675161999002327, -7.613196721747938 ], [ 110.675071339092483, -7.613196653790387 ], [ 110.675071270973234, -7.613287109522156 ] ] ] } },
{ "type": "Feature", "properties": { "cluster_id": 1468118030, "count": 81, "area_m2": 8099.9999641254544, "area_ha": 0.8099999964125455, "kelas_sawah": "unlabeled", "varietas": "unlabeled", "usia_fase": null, "overlap_ratio": 0.0, "is_ground_truth": false }, "geometry": { "type": "Polygon", "coordinates": [ [ [ 110.675968624476099, -7.625589764692789 ], [ 110.67669392464073, -7.625590307167423 ], [ 110.676693992526424, -7.625499851471585 ], [ 110.676784655032407, -7.625499919195574 ], [ 110.676785130088476, -7.62486672935166 ], [ 110.67669446771724, -7.624866661627671 ], [ 110.67669453560292, -7.624776205940816 ], [ 110.676241223845565, -7.624775867069341 ], [ 110.676241291821086, -7.624685411382488 ], [ 110.67605996715946, -7.62468527570993 ], [ 110.676059899148015, -7.624775731396785 ], [ 110.675969236803724, -7.624775663529064 ], [ 110.675968624476099, -7.625589764692789 ] ] ] } },
{ "type": "Feature", "properties": { "cluster_id": -1060740172, "count": 3, "area_m2": 300.00000463944161, "area_ha": 0.03000000046394416, "kelas_sawah": "unlabeled", "varietas": "unlabeled", "usia_fase": null, "overlap_ratio": 0.0, "is_ground_truth": false }, "geometry": { "type": "Polygon", "coordinates": [ [ [ 110.675978413633345, -7.612564142318242 ], [ 110.676250392976627, -7.612564345535126 ], [ 110.676250460835362, -7.612473889794372 ], [ 110.675978481554964, -7.612473686577489 ], [ 110.675978413633345, -7.612564142318242 ] ] ] } },
{ "type": "Feature", "properties": { "cluster_id": -102595465, "count": 76, "area_m2": 7600.0000539087341, "area_ha": 0.76000000539087342, "kelas_sawah": "unlabeled", "varietas": "unlabeled", "usia_fase": null, "overlap_ratio": 0.0, "is_ground_truth": false }, "geometry": { "type": "Polygon", "coordinates": [ [ [ 110.675870606726264, -7.635358908355326 ], [ 110.67614260045157, -7.635359112245946 ], [ 110.676142668543861, -7.635268656604008 ], [ 110.676686655904646, -7.635269063864225 ], [ 110.676687199690818, -7.634545418647867 ], [ 110.676324542058168, -7.634545147248852 ], [ 110.676324610096557, -7.634454691597931 ], [ 110.675961952553735, -7.634454419884507 ], [ 110.675961680067758, -7.634816242470229 ], [ 110.675871015603448, -7.634816174494711 ], [ 110.675870606726264, -7.635358908355326 ] ] ] } },
{ "type": "Feature", "properties": { "cluster_id": -1422385714, "count": 86, "area_m2": 8599.9999883538112, "area_ha": 0.85999999883538114, "kelas_sawah": "unlabeled", "varietas": "unlabeled", "usia_fase": null, "overlap_ratio": 0.0, "is_ground_truth": false }, "geometry": { "type": "Polygon", "coordinates": [ [ [ 110.675879799249444, -7.623147393226098 ], [ 110.676695757311705, -7.623148003388789 ], [ 110.676695893038172, -7.62296709198813 ], [ 110.676786555014147, -7.62296715968517 ], [ 110.676786690695693, -7.622786248284512 ], [ 110.676696028764624, -7.622786180587472 ], [ 110.67669609662336, -7.622695724882651 ], [ 110.676786758545433, -7.622695792579691 ], [ 110.676787029908525, -7.62233396976939 ], [ 110.676424382552582, -7.622333698873434 ], [ 110.67642445046522, -7.622243243177596 ], [ 110.676333788650936, -7.622243175399708 ], [ 110.676333720720336, -7.622333631104529 ], [ 110.675880411550125, -7.622333291972542 ], [ 110.675880275491295, -7.622514203364218 ], [ 110.67597093735948, -7.622514271231938 ], [ 110.675970801336575, -7.622695182623613 ], [ 110.675880139423484, -7.622695114755893 ], [ 110.675879799249444, -7.623147393226098 ] ] ] } },
{ "type": "Feature", "properties": { "cluster_id": 1758332384, "count": 86, "area_m2": 8600.0000083560008, "area_ha": 0.86000000083560013, "kelas_sawah": "unlabeled", "varietas": "unlabeled", "usia_fase": null, "overlap_ratio": 0.0, "is_ground_truth": false }, "geometry": { "type": "Polygon", "coordinates": [ [ [ 110.675881635935895, -7.620705089366616 ], [ 110.676697589371841, -7.62070569934066 ], [ 110.676698199929788, -7.619891597925408 ], [ 110.676516877280392, -7.619891462531328 ], [ 110.676516945148109, -7.619801006817524 ], [ 110.676063638636904, -7.619800667981982 ], [ 110.676063570670379, -7.619891123695786 ], [ 110.675882248029964, -7.619890988023229 ], [ 110.675881635935895, -7.620705089366616 ] ] ] } },
{ "type": "Feature", "properties": { "cluster_id": 130372595, "count": 72, "area_m2": 7200.0000049959635, "area_ha": 0.72000000049959634, "kelas_sawah": "unlabeled", "varietas": "unlabeled", "usia_fase": null, "overlap_ratio": 0.0, "is_ground_truth": false }, "geometry": { "type": "Polygon", "coordinates": [ [ [ 110.675885307494184, -7.615820480839168 ], [ 110.67624794935243, -7.615820751950721 ], [ 110.676248017247104, -7.615730296227934 ], [ 110.676610659033486, -7.615730567025076 ], [ 110.676610591219656, -7.615821022756847 ], [ 110.676701251686467, -7.615821090417954 ], [ 110.676701861840172, -7.615006988823038 ], [ 110.676520541247925, -7.615006853500824 ], [ 110.676520609070721, -7.614916397769053 ], [ 110.676339288514399, -7.614916262383957 ], [ 110.676339220655663, -7.615006718115727 ], [ 110.67597657948015, -7.615006447111972 ], [ 110.675976443591992, -7.61518735856653 ], [ 110.675885783259929, -7.615187290761692 ], [ 110.675885715293404, -7.615277746493462 ], [ 110.67597637564343, -7.615277814289317 ], [ 110.675976035909571, -7.615730092921218 ], [ 110.675885375460723, -7.615730025116381 ], [ 110.675885307494184, -7.615820480839168 ] ] ] } },
{ "type": "Feature", "properties": { "cluster_id": 274323689, "count": 75, "area_m2": 7499.9999729543924, "area_ha": 0.7499999972954392, "kelas_sawah": "unlabeled", "varietas": "unlabeled", "usia_fase": null, "overlap_ratio": 0.0, "is_ground_truth": false }, "geometry": { "type": "Polygon", "coordinates": [ [ [ 110.675884695741487, -7.616634582335269 ], [ 110.675975356369989, -7.61663465014909 ], [ 110.675975424327532, -7.616544194426303 ], [ 110.676700709274712, -7.616544736254149 ], [ 110.676701251686467, -7.615821090417954 ], [ 110.676610591219656, -7.615821022756847 ], [ 110.676610659033486, -7.615730567025076 ], [ 110.676248017247104, -7.615730296227934 ], [ 110.67624794935243, -7.615820751950721 ], [ 110.675885307494184, -7.615820480839168 ], [ 110.675885035610094, -7.616182303730317 ], [ 110.675975696148754, -7.616182371544138 ], [ 110.675975560242634, -7.616363282989711 ], [ 110.675884899668034, -7.616363215175891 ], [ 110.675884695741487, -7.616634582335269 ] ] ] } },
{ "type": "Feature", "properties": { "cluster_id": -825930826, "count": 85, "area_m2": 8499.9999788409332, "area_ha": 0.84999999788409331, "kelas_sawah": "unlabeled", "varietas": "unlabeled", "usia_fase": null, "overlap_ratio": 0.0, "is_ground_truth": false }, "geometry": { "type": "Polygon", "coordinates": [ [ [ 110.675886530810956, -7.614192277748152 ], [ 110.676067851052878, -7.614192413312911 ], [ 110.676067918965501, -7.614101957581141 ], [ 110.676793199816373, -7.614102499076611 ], [ 110.67679374189575, -7.613378853150584 ], [ 110.676612421986206, -7.613378717909217 ], [ 110.676612489782059, -7.613288262168465 ], [ 110.67597787024242, -7.613287788208337 ], [ 110.675977530598402, -7.613740066885155 ], [ 110.675886870571773, -7.6137399990893 ], [ 110.675886530810956, -7.614192277748152 ] ] ] } },
{ "type": "Feature", "properties": { "cluster_id": -1667864950, "count": 51, "area_m2": 5099.9999713903526, "area_ha": 0.50999999713903521, "kelas_sawah": "unlabeled", "varietas": "unlabeled", "usia_fase": null, "overlap_ratio": 0.0, "is_ground_truth": false }, "geometry": { "type": "Polygon", "coordinates": [ [ [ 110.675869584398555, -7.636715742939492 ], [ 110.676685568170598, -7.63671635420711 ], [ 110.67668597609557, -7.636173620337511 ], [ 110.67596065809937, -7.636173077108293 ], [ 110.675960453678755, -7.636444444025126 ], [ 110.675869788882068, -7.636444376031641 ], [ 110.675869584398555, -7.636715742939492 ] ] ] } },
{ "type": "Feature", "properties": { "cluster_id": -1962765447, "count": 84, "area_m2": 8399.9999397349893, "area_ha": 0.83999999397349889, "kelas_sawah": "unlabeled", "varietas": "unlabeled", "usia_fase": null, "overlap_ratio": 0.0, "is_ground_truth": false }, "geometry": { "type": "Polygon", "coordinates": [ [ [ 110.675869993356585, -7.636173009114809 ], [ 110.67668597609557, -7.636173620337511 ], [ 110.676686655904646, -7.635269063864225 ], [ 110.676142668543861, -7.635268656604008 ], [ 110.67614260045157, -7.635359112245946 ], [ 110.675961271298377, -7.635358976339827 ], [ 110.675961203170132, -7.635449431981765 ], [ 110.675870538580071, -7.635449363997265 ], [ 110.67587040227869, -7.635630275281143 ], [ 110.675961066904691, -7.635630343265643 ], [ 110.675960930639249, -7.63581125454952 ], [ 110.675870265968328, -7.63581118656502 ], [ 110.675869993356585, -7.636173009114809 ] ] ] } },
{ "type": "Feature", "properties": { "cluster_id": 478945152, "count": 82, "area_m2": 8200.0000130492845, "area_ha": 0.82000000130492845, "kelas_sawah": "unlabeled", "varietas": "unlabeled", "usia_fase": null, "overlap_ratio": 0.0, "is_ground_truth": false }, "geometry": { "type": "Polygon", "coordinates": [ [ [ 110.675871288170271, -7.634454351917973 ], [ 110.676324610096557, -7.634454691597931 ], [ 110.676324542058168, -7.634545147248852 ], [ 110.676777864101226, -7.634545486452704 ], [ 110.676778203844066, -7.634093208180128 ], [ 110.676687539523499, -7.634093140384274 ], [ 110.676687879347185, -7.633640862102715 ], [ 110.675962565617979, -7.63364031905316 ], [ 110.675962020681965, -7.634363964242568 ], [ 110.675871356316463, -7.63436389626705 ], [ 110.675871288170271, -7.634454351917973 ] ] ] } },
{ "type": "Feature", "properties": { "cluster_id": -1963378454, "count": 77, "area_m2": 7699.9999867621227, "area_ha": 0.76999999867621227, "kelas_sawah": "unlabeled", "varietas": "unlabeled", "usia_fase": null, "overlap_ratio": 0.0, "is_ground_truth": false }, "geometry": { "type": "Polygon", "coordinates": [ [ [ 110.675872173927104, -7.633278428482937 ], [ 110.675962838068017, -7.633278496449472 ], [ 110.675962565617979, -7.63364031905316 ], [ 110.676687879347185, -7.633640862102715 ], [ 110.676688490965148, -7.632826761181535 ], [ 110.675872514568269, -7.632826150228328 ], [ 110.675872173927104, -7.633278428482937 ] ] ] } },
{ "type": "Feature", "properties": { "cluster_id": -100964373, "count": 73, "area_m2": 7300.0000053134863, "area_ha": 0.73000000053134861, "kelas_sawah": "unlabeled", "varietas": "unlabeled", "usia_fase": null, "overlap_ratio": 0.0, "is_ground_truth": false }, "geometry": { "type": "Polygon", "coordinates": [ [ [ 110.675872991429955, -7.632192960644925 ], [ 110.675963655337299, -7.632193028602476 ], [ 110.67596317861036, -7.632826218185879 ], [ 110.676688490965148, -7.632826761181535 ], [ 110.676688694828812, -7.632555394192837 ], [ 110.676779358817015, -7.632555461979709 ], [ 110.676779426747615, -7.632465006319803 ], [ 110.676688762777388, -7.632464938532932 ], [ 110.676688830725951, -7.632374482873027 ], [ 110.676779494678215, -7.632374550659899 ], [ 110.676779630539428, -7.632193639331105 ], [ 110.67668896662309, -7.632193571553217 ], [ 110.676689102520228, -7.632012660224424 ], [ 110.676235783145145, -7.632012321029555 ], [ 110.676235715106742, -7.632102776689461 ], [ 110.67587305954919, -7.632102504994003 ], [ 110.675872991429955, -7.632192960644925 ] ] ] } },
{ "type": "Feature", "properties": { "cluster_id": 7604144, "count": 75, "area_m2": 7499.9999376907363, "area_ha": 0.74999999376907367, "kelas_sawah": "unlabeled", "varietas": "unlabeled", "usia_fase": null, "overlap_ratio": 0.0, "is_ground_truth": false }, "geometry": { "type": "Polygon", "coordinates": [ [ [ 110.675873127668439, -7.632012049334098 ], [ 110.67596379153089, -7.632012117291649 ], [ 110.675963723438585, -7.632102572942571 ], [ 110.676235715106742, -7.632102776689461 ], [ 110.676235783145145, -7.632012321029555 ], [ 110.676689102520228, -7.632012660224424 ], [ 110.67668971400343, -7.631198559240363 ], [ 110.676055068089255, -7.631198084292088 ], [ 110.676055000014927, -7.631288539951994 ], [ 110.675964336305199, -7.631288472021392 ], [ 110.675963859632162, -7.631921661631744 ], [ 110.675873195787688, -7.631921593683177 ], [ 110.675873127668439, -7.632012049334098 ] ] ] } },
{ "type": "Feature", "properties": { "cluster_id": -211667803, "count": 70, "area_m2": 7000.0000240805093, "area_ha": 0.70000000240805094, "kelas_sawah": "unlabeled", "varietas": "unlabeled", "usia_fase": null, "overlap_ratio": 0.0, "is_ground_truth": false }, "geometry": { "type": "Polygon", "coordinates": [ [ [ 110.675873740696758, -7.631197948412919 ], [ 110.675964404397504, -7.631198016361487 ], [ 110.675964336305199, -7.631288472021392 ], [ 110.676055000014927, -7.631288539951994 ], [ 110.676055068089255, -7.631198084292088 ], [ 110.67668971400343, -7.631198559240363 ], [ 110.676690257493163, -7.630474913889257 ], [ 110.675964949099964, -7.63047437106428 ], [ 110.675964744841025, -7.630745738052979 ], [ 110.675874081239101, -7.630745670113393 ], [ 110.675873740696758, -7.631197948412919 ] ] ] } },
{ "type": "Feature", "properties": { "cluster_id": -1496609386, "count": 80, "area_m2": 7999.9999905074947, "area_ha": 0.79999999905074948, "kelas_sawah": "unlabeled", "varietas": "unlabeled", "usia_fase": null, "overlap_ratio": 0.0, "is_ground_truth": false }, "geometry": { "type": "Polygon", "coordinates": [ [ [ 110.67587483036219, -7.629750657818505 ], [ 110.676056157143833, -7.629750793661743 ], [ 110.67605622520918, -7.629660337992854 ], [ 110.676690868850613, -7.629660812842314 ], [ 110.67669148014518, -7.628846711768421 ], [ 110.675966174491833, -7.628846169069209 ], [ 110.675966038352158, -7.629027080406985 ], [ 110.675875375109555, -7.629027012476383 ], [ 110.67587530701725, -7.629117468145271 ], [ 110.675965970277829, -7.629117536075873 ], [ 110.675965902203487, -7.629207991744761 ], [ 110.675875238924959, -7.629207923814159 ], [ 110.67587483036219, -7.629750657818505 ] ] ] } },
{ "type": "Feature", "properties": { "cluster_id": -855698362, "count": 77, "area_m2": 7700.0000058094156, "area_ha": 0.77000000058094153, "kelas_sawah": "unlabeled", "varietas": "unlabeled", "usia_fase": null, "overlap_ratio": 0.0, "is_ground_truth": false }, "geometry": { "type": "Polygon", "coordinates": [ [ [ 110.6758767367579, -7.627217899035736 ], [ 110.676148725344845, -7.627218102701778 ], [ 110.67614879335629, -7.627127647023906 ], [ 110.676692770431359, -7.62712805384395 ], [ 110.676692838335015, -7.627037598166078 ], [ 110.676783501164394, -7.62703766589905 ], [ 110.676783908433592, -7.626494931777923 ], [ 110.676693245720998, -7.626494864053934 ], [ 110.676693313615658, -7.62640440836708 ], [ 110.675968012076595, -7.626403865829563 ], [ 110.675967739887071, -7.626765688550032 ], [ 110.675877077120575, -7.62676562064638 ], [ 110.6758767367579, -7.627217899035736 ] ] ] } },
{ "type": "Feature", "properties": { "cluster_id": -176801765, "count": 76, "area_m2": 7600.0000116266892, "area_ha": 0.76000000116266897, "kelas_sawah": "unlabeled", "varietas": "unlabeled", "usia_fase": null, "overlap_ratio": 0.0, "is_ground_truth": false }, "geometry": { "type": "Polygon", "coordinates": [ [ [ 110.675877349390959, -7.626403797934895 ], [ 110.676693313615658, -7.62640440836708 ], [ 110.67669392464073, -7.625590307167423 ], [ 110.675968624476099, -7.625589764692789 ], [ 110.675968284266133, -7.626042043109095 ], [ 110.675877621652347, -7.626041975214426 ], [ 110.675877349390959, -7.626403797934895 ] ] ] } },
{ "type": "Feature", "properties": { "cluster_id": 58199875, "count": 87, "area_m2": 8699.9999944996671, "area_ha": 0.86999999944996675, "kelas_sawah": "unlabeled", "varietas": "unlabeled", "usia_fase": null, "overlap_ratio": 0.0, "is_ground_truth": false }, "geometry": { "type": "Polygon", "coordinates": [ [ [ 110.675878574459446, -7.624775595634396 ], [ 110.676059899148015, -7.624775731396785 ], [ 110.67605996715946, -7.62468527570993 ], [ 110.676241291821086, -7.624685411382488 ], [ 110.676241223845565, -7.624775867069341 ], [ 110.67669453560292, -7.624776205940816 ], [ 110.676694874986438, -7.624323927461628 ], [ 110.676785537249884, -7.624323995176634 ], [ 110.676785808666864, -7.6239621723843 ], [ 110.676695146484263, -7.623962104678277 ], [ 110.676695214360976, -7.62387164898244 ], [ 110.675879254933264, -7.623871038756867 ], [ 110.675878982752721, -7.624232861513268 ], [ 110.675969644980228, -7.624232929398954 ], [ 110.675969304833146, -7.62468520784221 ], [ 110.675878642506817, -7.624685139956524 ], [ 110.675878574459446, -7.624775595634396 ] ] ] } },
{ "type": "Feature", "properties": { "cluster_id": 841774136, "count": 72, "area_m2": 7200.0000028585782, "area_ha": 0.72000000028585787, "kelas_sawah": "unlabeled", "varietas": "unlabeled", "usia_fase": null, "overlap_ratio": 0.0, "is_ground_truth": false }, "geometry": { "type": "Polygon", "coordinates": [ [ [ 110.675879254933264, -7.623871038756867 ], [ 110.676695214360976, -7.62387164898244 ], [ 110.676695146484263, -7.623962104678277 ], [ 110.676785808666864, -7.6239621723843 ], [ 110.676786215774356, -7.623419438191308 ], [ 110.676695553708555, -7.623419370494268 ], [ 110.676695621576272, -7.623328914789448 ], [ 110.676786283624111, -7.623328982495471 ], [ 110.676786351473865, -7.623238526790649 ], [ 110.676695689443989, -7.62323845909361 ], [ 110.676695757311705, -7.623148003388789 ], [ 110.675970461252376, -7.623147461093819 ], [ 110.675969985109333, -7.623780650946715 ], [ 110.675879322971667, -7.623780583070013 ], [ 110.675879254933264, -7.623871038756867 ] ] ] } },
{ "type": "Feature", "properties": { "cluster_id": -1625825589, "count": 81, "area_m2": 8099.999991065124, "area_ha": 0.80999999910651244, "kelas_sawah": "unlabeled", "varietas": "unlabeled", "usia_fase": null, "overlap_ratio": 0.0, "is_ground_truth": false }, "geometry": { "type": "Polygon", "coordinates": [ [ [ 110.675880411550125, -7.622333291972542 ], [ 110.676333720720336, -7.622333631104529 ], [ 110.676333788650936, -7.622243175399708 ], [ 110.67642445046522, -7.622243243177596 ], [ 110.676424382552582, -7.622333698873434 ], [ 110.676696368067297, -7.622333902072351 ], [ 110.676696503775787, -7.622152990662709 ], [ 110.676787165581075, -7.622153058359749 ], [ 110.676787233421848, -7.622062602645945 ], [ 110.676696571634523, -7.622062534957888 ], [ 110.676696775201748, -7.621791167843426 ], [ 110.67678743692619, -7.621791235531482 ], [ 110.676787504757982, -7.621700779826662 ], [ 110.676696843051502, -7.621700712138606 ], [ 110.676697046600751, -7.62142934501516 ], [ 110.676606384957154, -7.621429277309137 ], [ 110.676606317089437, -7.621519733013957 ], [ 110.676334332086768, -7.621519529788091 ], [ 110.676334400017382, -7.62142907408327 ], [ 110.676153076730174, -7.621428938500544 ], [ 110.676153008763649, -7.621519394205365 ], [ 110.675971685440516, -7.621519258541791 ], [ 110.675971413421664, -7.621881081343107 ], [ 110.675880751679244, -7.621881013484371 ], [ 110.675880411550125, -7.622333291972542 ] ] ] } },
{ "type": "Feature", "properties": { "cluster_id": 1918258034, "count": 79, "area_m2": 7900.000022892491, "area_ha": 0.79000000228924905, "kelas_sawah": "unlabeled", "varietas": "unlabeled", "usia_fase": null, "overlap_ratio": 0.0, "is_ground_truth": false }, "geometry": { "type": "Polygon", "coordinates": [ [ [ 110.675881023778942, -7.621519190683054 ], [ 110.676153008763649, -7.621519394205365 ], [ 110.676153076730174, -7.621428938500544 ], [ 110.676334400017382, -7.62142907408327 ], [ 110.676334332086768, -7.621519529788091 ], [ 110.676606317089437, -7.621519733013957 ], [ 110.676606384957154, -7.621429277309137 ], [ 110.676697046600751, -7.62142934501516 ], [ 110.676697114450505, -7.621338889310339 ], [ 110.676787776085121, -7.621338956989413 ], [ 110.676788183048899, -7.620796222733538 ], [ 110.676697521531068, -7.620796155054465 ], [ 110.676697589371841, -7.62070569934066 ], [ 110.675881635935895, -7.620705089366616 ], [ 110.67588149991299, -7.620886000776258 ], [ 110.675972161439816, -7.620886068626011 ], [ 110.675971821445444, -7.621338347141132 ], [ 110.675881159819809, -7.621338279282396 ], [ 110.675881023778942, -7.621519190683054 ] ] ] } },
{ "type": "Feature", "properties": { "cluster_id": -351151988, "count": 86, "area_m2": 8600.0000307016307, "area_ha": 0.86000000307016311, "kelas_sawah": "unlabeled", "varietas": "unlabeled", "usia_fase": null, "overlap_ratio": 0.0, "is_ground_truth": false }, "geometry": { "type": "Polygon", "coordinates": [ [ [ 110.675882860061151, -7.619076886652892 ], [ 110.676336165808777, -7.619077225641147 ], [ 110.676336233712433, -7.618986769927344 ], [ 110.676517555975551, -7.618986905384306 ], [ 110.676517488107834, -7.61907736109811 ], [ 110.676698810415871, -7.619077496483206 ], [ 110.676698878238668, -7.618987040769402 ], [ 110.676789539379214, -7.618987108430509 ], [ 110.676789878412393, -7.61853482983454 ], [ 110.676699217370654, -7.618534762173432 ], [ 110.676699285193465, -7.618444306459629 ], [ 110.676789946208245, -7.618444374111752 ], [ 110.676790081817913, -7.618263462675162 ], [ 110.67669942083009, -7.618263395014054 ], [ 110.676699488652886, -7.618172939291267 ], [ 110.676246183848491, -7.61817260072522 ], [ 110.676246115926872, -7.618263056439024 ], [ 110.675974132999315, -7.618262853069426 ], [ 110.675973793121727, -7.618715131638447 ], [ 110.675883132053045, -7.618715063806659 ], [ 110.675882860061151, -7.619076886652892 ] ] ] } },
{ "type": "Feature", "properties": { "cluster_id": 857255609, "count": 85, "area_m2": 8499.999942392169, "area_ha": 0.84999999423921691, "kelas_sawah": "unlabeled", "varietas": "unlabeled", "usia_fase": null, "overlap_ratio": 0.0, "is_ground_truth": false }, "geometry": { "type": "Polygon", "coordinates": [ [ [ 110.675884083916912, -7.617448683804421 ], [ 110.676700031181426, -7.617449293508971 ], [ 110.676700709274712, -7.616544736254149 ], [ 110.675975424327532, -7.616544194426303 ], [ 110.675975288412431, -7.616725105871877 ], [ 110.675884627756986, -7.616725038058056 ], [ 110.675884559781466, -7.616815493780844 ], [ 110.675975220454887, -7.616815561594664 ], [ 110.675975016573247, -7.617086928754042 ], [ 110.675884355845923, -7.617086860931239 ], [ 110.675884083916912, -7.617448683804421 ] ] ] } },
{ "type": "Feature", "properties": { "cluster_id": 1474646702, "count": 83, "area_m2": 8300.0000376079697, "area_ha": 0.83000000376079697, "kelas_sawah": "unlabeled", "varietas": "unlabeled", "usia_fase": null, "overlap_ratio": 0.0, "is_ground_truth": false }, "geometry": { "type": "Polygon", "coordinates": [ [ [ 110.675885919184012, -7.615006379307134 ], [ 110.676339220655663, -7.615006718115727 ], [ 110.676339288514399, -7.614916262383957 ], [ 110.676520609070721, -7.614916397769053 ], [ 110.676520541247925, -7.615006853500824 ], [ 110.676701861840172, -7.615006988823038 ], [ 110.676702539708884, -7.614102431451436 ], [ 110.676067918965501, -7.614101957581141 ], [ 110.676067851052878, -7.614192413312911 ], [ 110.675886530810956, -7.614192277748152 ], [ 110.675886258989735, -7.61455410066625 ], [ 110.675976919178069, -7.614554168462104 ], [ 110.675976715359312, -7.614825535648432 ], [ 110.675886055108109, -7.614825467852577 ], [ 110.675885919184012, -7.615006379307134 ] ] ] } },
{ "type": "Feature", "properties": { "cluster_id": 499458919, "count": 74, "area_m2": 7399.9999827344436, "area_ha": 0.73999999827344431, "kelas_sawah": "unlabeled", "varietas": "unlabeled", "usia_fase": null, "overlap_ratio": 0.0, "is_ground_truth": false }, "geometry": { "type": "Polygon", "coordinates": [ [ [ 110.67597787024242, -7.613287788208337 ], [ 110.676612489782059, -7.613288262168465 ], [ 110.676612421986206, -7.613378717909217 ], [ 110.67679374189575, -7.613378853150584 ], [ 110.676794283921225, -7.61265520720659 ], [ 110.67670362411917, -7.612655139599382 ], [ 110.676703759656974, -7.612474228108892 ], [ 110.676250460835362, -7.612473889794372 ], [ 110.676250392976627, -7.612564345535126 ], [ 110.676069073408442, -7.612564210078165 ], [ 110.676068937610125, -7.612745121550688 ], [ 110.675978277790108, -7.612745053790766 ], [ 110.675978074016271, -7.613016421004043 ], [ 110.67606873389019, -7.613016488763965 ], [ 110.676068598082878, -7.613197400236489 ], [ 110.675977938173034, -7.613197332476567 ], [ 110.67597787024242, -7.613287788208337 ] ] ] } },
{ "type": "Feature", "properties": { "cluster_id": -1091289309, "count": 84, "area_m2": 8399.9999857717194, "area_ha": 0.83999999857717189, "kelas_sawah": "unlabeled", "varietas": "unlabeled", "usia_fase": null, "overlap_ratio": 0.0, "is_ground_truth": false }, "geometry": { "type": "Polygon", "coordinates": [ [ [ 110.675783690132135, -7.630383779507239 ], [ 110.675874353653214, -7.63038384746479 ], [ 110.675874285551927, -7.630474303124696 ], [ 110.676690257493163, -7.630474913889257 ], [ 110.676690393354363, -7.630294002551481 ], [ 110.67678105686646, -7.630294070311402 ], [ 110.676781260604372, -7.630022703295754 ], [ 110.676690597146177, -7.630022635535833 ], [ 110.676690732998395, -7.629841724189073 ], [ 110.676781396420665, -7.629841791948995 ], [ 110.676781532236944, -7.629660880602236 ], [ 110.67605622520918, -7.629660337992854 ], [ 110.676056157143833, -7.629750793661743 ], [ 110.675965493748521, -7.629750725749108 ], [ 110.675965425674178, -7.629841181417995 ], [ 110.675874762260904, -7.629841113478411 ], [ 110.675874421763481, -7.630293391804885 ], [ 110.675783758251384, -7.630293323847334 ], [ 110.675783690132135, -7.630383779507239 ] ] ] } },
{ "type": "Feature", "properties": { "cluster_id": -322423395, "count": 85, "area_m2": 8499.9999343100353, "area_ha": 0.84999999343100352, "kelas_sawah": "unlabeled", "varietas": "unlabeled", "usia_fase": null, "overlap_ratio": 0.0, "is_ground_truth": false }, "geometry": { "type": "Polygon", "coordinates": [ [ [ 110.675875511294151, -7.628846101138606 ], [ 110.67669148014518, -7.628846711768421 ], [ 110.676691548057818, -7.62875625609055 ], [ 110.6767822112555, -7.628756323850472 ], [ 110.676782754403874, -7.628032678409534 ], [ 110.675966787088967, -7.628032068022265 ], [ 110.675966514836546, -7.628393890706801 ], [ 110.675875851728691, -7.628393822794165 ], [ 110.675875511294151, -7.628846101138606 ] ] ] } },
{ "type": "Feature", "properties": { "cluster_id": 529050962, "count": 88, "area_m2": 8799.9999594443943, "area_ha": 0.87999999594443945, "kelas_sawah": "unlabeled", "varietas": "unlabeled", "usia_fase": null, "overlap_ratio": 0.0, "is_ground_truth": false }, "geometry": { "type": "Polygon", "coordinates": [ [ [ 110.675876124061958, -7.628032000100647 ], [ 110.676692091367883, -7.628032610667579 ], [ 110.676692430913093, -7.627580332260256 ], [ 110.676783093850275, -7.627580400002211 ], [ 110.6767834332787, -7.627128121585905 ], [ 110.67614879335629, -7.627127647023906 ], [ 110.676148725344845, -7.627218102701778 ], [ 110.6758767367579, -7.627217899035736 ], [ 110.675876600609229, -7.627398810382497 ], [ 110.675967263510472, -7.627398878295132 ], [ 110.675966991276027, -7.627760700997634 ], [ 110.67587632830292, -7.627760633084999 ], [ 110.675876124061958, -7.628032000100647 ] ] ] } },
{ "type": "Feature", "properties": { "cluster_id": 954744188, "count": 80, "area_m2": 8000.0000059677404, "area_ha": 0.80000000059677401, "kelas_sawah": "unlabeled", "varietas": "unlabeled", "usia_fase": null, "overlap_ratio": 0.0, "is_ground_truth": false }, "geometry": { "type": "Polygon", "coordinates": [ [ [ 110.675882248029964, -7.619890988023229 ], [ 110.676063570670379, -7.619891123695786 ], [ 110.676063638636904, -7.619800667981982 ], [ 110.676516945148109, -7.619801006817524 ], [ 110.676516877280392, -7.619891462531328 ], [ 110.676698199929788, -7.619891597925408 ], [ 110.676698471265922, -7.619529775070192 ], [ 110.676789132514259, -7.619529842740282 ], [ 110.676789539379214, -7.618987108430509 ], [ 110.676698878238668, -7.618987040769402 ], [ 110.676698810415871, -7.619077496483206 ], [ 110.676517488107834, -7.61907736109811 ], [ 110.676517555975551, -7.618986905384306 ], [ 110.676336233712433, -7.618986769927344 ], [ 110.676336165808777, -7.619077225641147 ], [ 110.675882860061151, -7.619076886652892 ], [ 110.675882792058687, -7.619167342357713 ], [ 110.675973453226177, -7.619167410198483 ], [ 110.675973181297152, -7.619529233035733 ], [ 110.675882520057797, -7.619529165194963 ], [ 110.675882248029964, -7.619890988023229 ] ] ] } },
{ "type": "Feature", "properties": { "cluster_id": 1240253475, "count": 84, "area_m2": 8400.0000222216477, "area_ha": 0.84000000222216475, "kelas_sawah": "unlabeled", "varietas": "unlabeled", "usia_fase": null, "overlap_ratio": 0.0, "is_ground_truth": false }, "geometry": { "type": "Polygon", "coordinates": [ [ [ 110.675883472020473, -7.618262785246623 ], [ 110.676246115926872, -7.618263056439024 ], [ 110.676246183848491, -7.61817260072522 ], [ 110.676790149622761, -7.618173006952374 ], [ 110.676790691998576, -7.617449361161095 ], [ 110.675884083916912, -7.617448683804421 ], [ 110.675883472020473, -7.618262785246623 ] ] ] } },
{ "type": "Feature", "properties": { "cluster_id": -1728494125, "count": 1, "area_m2": 99.999993803794581, "area_ha": 0.0099999993803794578, "kelas_sawah": "unlabeled", "varietas": "unlabeled", "usia_fase": null, "overlap_ratio": 0.0, "is_ground_truth": false }, "geometry": { "type": "Polygon", "coordinates": [ [ [ 110.676703691888065, -7.612564683849645 ], [ 110.676794351672157, -7.612564751456853 ], [ 110.676794419423103, -7.6124742957161 ], [ 110.676703759656974, -7.612474228108892 ], [ 110.676703691888065, -7.612564683849645 ] ] ] } },
{ "type": "Feature", "properties": { "cluster_id": -2001331197, "count": 73, "area_m2": 7300.0000212260056, "area_ha": 0.73000000212260052, "kelas_sawah": "unlabeled", "varietas": "unlabeled", "usia_fase": null, "overlap_ratio": 0.0, "is_ground_truth": false }, "geometry": { "type": "Polygon", "coordinates": [ [ [ 110.676690257493163, -7.630474913889257 ], [ 110.677052911712224, -7.630475184848097 ], [ 110.677052979561978, -7.630384729170225 ], [ 110.67750629725721, -7.630385067430845 ], [ 110.67750683931861, -7.629661421998891 ], [ 110.677144185764305, -7.629661151453277 ], [ 110.677144253596097, -7.629570695775405 ], [ 110.676962926868342, -7.629570560390309 ], [ 110.676962859000625, -7.62966101606818 ], [ 110.676781532236944, -7.629660880602236 ], [ 110.676781396420665, -7.629841791948995 ], [ 110.676690732998395, -7.629841724189073 ], [ 110.676690597146177, -7.630022635535833 ], [ 110.676781260604372, -7.630022703295754 ], [ 110.67678105686646, -7.630294070311402 ], [ 110.676690393354363, -7.630294002551481 ], [ 110.676690257493163, -7.630474913889257 ] ] ] } },
{ "type": "Feature", "properties": { "cluster_id": -1939268933, "count": 72, "area_m2": 7200.0000118903699, "area_ha": 0.72000000118903695, "kelas_sawah": "unlabeled", "varietas": "unlabeled", "usia_fase": null, "overlap_ratio": 0.0, "is_ground_truth": false }, "geometry": { "type": "Polygon", "coordinates": [ [ [ 110.676687539523499, -7.634093140384274 ], [ 110.676778203844066, -7.634093208180128 ], [ 110.676777932049802, -7.634455030801782 ], [ 110.677503247207326, -7.634455572539798 ], [ 110.677503789565179, -7.63373192724259 ], [ 110.677231796828011, -7.633731724250286 ], [ 110.677231864677765, -7.633641268590381 ], [ 110.676959872003494, -7.63364106543638 ], [ 110.676959804099837, -7.633731521096284 ], [ 110.676778475620381, -7.633731385558474 ], [ 110.676778543568943, -7.633640929898569 ], [ 110.676687879347185, -7.633640862102715 ], [ 110.676687539523499, -7.634093140384274 ] ] ] } },
{ "type": "Feature", "properties": { "cluster_id": -631162573, "count": 86, "area_m2": 8600.0000473085674, "area_ha": 0.86000000473085669, "kelas_sawah": "unlabeled", "varietas": "unlabeled", "usia_fase": null, "overlap_ratio": 0.0, "is_ground_truth": false }, "geometry": { "type": "Polygon", "coordinates": [ [ [ 110.676693313615658, -7.62640440836708 ], [ 110.67732795250501, -7.626404882075678 ], [ 110.677328020264937, -7.626314426388824 ], [ 110.677509345636224, -7.626314561558325 ], [ 110.677509887392205, -7.625590915991623 ], [ 110.677328562335319, -7.625590780831105 ], [ 110.677328630086265, -7.625500325135268 ], [ 110.676693992526424, -7.625499851471585 ], [ 110.676693313615658, -7.62640440836708 ] ] ] } },
{ "type": "Feature", "properties": { "cluster_id": -48585899, "count": 86, "area_m2": 8600.0000316943624, "area_ha": 0.86000000316943626, "kelas_sawah": "unlabeled", "varietas": "unlabeled", "usia_fase": null, "overlap_ratio": 0.0, "is_ground_truth": false }, "geometry": { "type": "Polygon", "coordinates": [ [ [ 110.676701861840172, -7.615006988823038 ], [ 110.677336483948991, -7.615007461821968 ], [ 110.677336551610097, -7.614917006081214 ], [ 110.6775178721754, -7.614917141053086 ], [ 110.677518413104934, -7.614193495100109 ], [ 110.677337092836083, -7.614193360146204 ], [ 110.677337160488207, -7.614102904396467 ], [ 110.676702539708884, -7.614102431451436 ], [ 110.676701861840172, -7.615006988823038 ] ] ] } },
{ "type": "Feature", "properties": { "cluster_id": -2025443649, "count": 79, "area_m2": 7899.9999889582978, "area_ha": 0.78999999889582972, "kelas_sawah": "unlabeled", "varietas": "unlabeled", "usia_fase": null, "overlap_ratio": 0.0, "is_ground_truth": false }, "geometry": { "type": "Polygon", "coordinates": [ [ [ 110.67668597609557, -7.636173620337511 ], [ 110.677139299872394, -7.636173959244918 ], [ 110.677139367758073, -7.636083503593997 ], [ 110.677502026720248, -7.636083774373173 ], [ 110.677502569194871, -7.635360129129865 ], [ 110.67741190460481, -7.635360061468758 ], [ 110.677411972427606, -7.635269605808853 ], [ 110.677230643292376, -7.635269470441722 ], [ 110.67723057543364, -7.635359926092645 ], [ 110.676686587929126, -7.635359519515147 ], [ 110.67668597609557, -7.636173620337511 ] ] ] } },
{ "type": "Feature", "properties": { "cluster_id": 384873329, "count": 77, "area_m2": 7699.9999744418892, "area_ha": 0.7699999974441889, "kelas_sawah": "unlabeled", "varietas": "unlabeled", "usia_fase": null, "overlap_ratio": 0.0, "is_ground_truth": false }, "geometry": { "type": "Polygon", "coordinates": [ [ [ 110.676698199929788, -7.619891597925408 ], [ 110.676788861249989, -7.619891665604482 ], [ 110.676788929072799, -7.619801209890677 ], [ 110.676970251686257, -7.619801345167976 ], [ 110.676970183908367, -7.619891800890763 ], [ 110.677151506566744, -7.619891936096197 ], [ 110.677151574308709, -7.619801480382392 ], [ 110.677514219553601, -7.619801750577664 ], [ 110.677514760833475, -7.619078104786384 ], [ 110.677424099674965, -7.61907803727799 ], [ 110.677424167345052, -7.618987581555203 ], [ 110.676789539379214, -7.618987108430509 ], [ 110.676789132514259, -7.619529842740282 ], [ 110.676698471265922, -7.619529775070192 ], [ 110.676698199929788, -7.619891597925408 ] ] ] } },
{ "type": "Feature", "properties": { "cluster_id": 329502798, "count": 87, "area_m2": 8699.9999908579048, "area_ha": 0.86999999908579051, "kelas_sawah": "unlabeled", "varietas": "unlabeled", "usia_fase": null, "overlap_ratio": 0.0, "is_ground_truth": false }, "geometry": { "type": "Polygon", "coordinates": [ [ [ 110.676700031181426, -7.617449293508971 ], [ 110.677062674441046, -7.617449564000686 ], [ 110.677062742174016, -7.617359108268915 ], [ 110.677516046169927, -7.61735944594563 ], [ 110.677515978526785, -7.617449901677401 ], [ 110.677606639343935, -7.617449969158845 ], [ 110.677607247916612, -7.616635867554947 ], [ 110.67742592662367, -7.616635732592058 ], [ 110.677425994275794, -7.616545276860288 ], [ 110.677244673018791, -7.616545141816551 ], [ 110.677244605330728, -7.616635597548322 ], [ 110.676700641469878, -7.616635191976937 ], [ 110.676700031181426, -7.617449293508971 ] ] ] } },
{ "type": "Feature", "properties": { "cluster_id": -1513497576, "count": 63, "area_m2": 6299.9999966824544, "area_ha": 0.62999999966824549, "kelas_sawah": "unlabeled", "varietas": "unlabeled", "usia_fase": null, "overlap_ratio": 0.0, "is_ground_truth": false }, "geometry": { "type": "Polygon", "coordinates": [ [ [ 110.676685568170598, -7.63671635420711 ], [ 110.677592216892052, -7.636717031590733 ], [ 110.677592284687904, -7.636626575939811 ], [ 110.677501619828334, -7.636626508287687 ], [ 110.677501687651144, -7.636536052636766 ], [ 110.677592352483757, -7.636536120279906 ], [ 110.677592623667181, -7.636174297667235 ], [ 110.677501958906419, -7.636174230024094 ], [ 110.677502026720248, -7.636083774373173 ], [ 110.677139367758073, -7.636083503593997 ], [ 110.677139299872394, -7.636173959244918 ], [ 110.67668597609557, -7.636173620337511 ], [ 110.676685568170598, -7.63671635420711 ] ] ] } },
{ "type": "Feature", "properties": { "cluster_id": 1939137256, "count": 95, "area_m2": 9500.0000176441972, "area_ha": 0.95000000176441968, "kelas_sawah": "unlabeled", "varietas": "unlabeled", "usia_fase": null, "overlap_ratio": 0.0, "is_ground_truth": false }, "geometry": { "type": "Polygon", "coordinates": [ [ [ 110.676686587929126, -7.635359519515147 ], [ 110.67723057543364, -7.635359926092645 ], [ 110.677230643292376, -7.635269470441722 ], [ 110.677411972427606, -7.635269605808853 ], [ 110.67741190460481, -7.635360061468758 ], [ 110.677502569194871, -7.635360129129865 ], [ 110.677502636999719, -7.63526967346996 ], [ 110.677593301571818, -7.635269741113101 ], [ 110.677593843830863, -7.63454609583386 ], [ 110.677503179411474, -7.634546028199702 ], [ 110.677503247207326, -7.634455572539798 ], [ 110.676777932049802, -7.634455030801782 ], [ 110.676777864101226, -7.634545486452704 ], [ 110.676687199690818, -7.634545418647867 ], [ 110.676686587929126, -7.635359519515147 ] ] ] } },
{ "type": "Feature", "properties": { "cluster_id": -1091613344, "count": 90, "area_m2": 9000.0000127629028, "area_ha": 0.90000000127629032, "kelas_sawah": "unlabeled", "varietas": "unlabeled", "usia_fase": null, "overlap_ratio": 0.0, "is_ground_truth": false }, "geometry": { "type": "Polygon", "coordinates": [ [ [ 110.676687879347185, -7.633640862102715 ], [ 110.676778543568943, -7.633640929898569 ], [ 110.676778475620381, -7.633731385558474 ], [ 110.676959804099837, -7.633731521096284 ], [ 110.676959872003494, -7.63364106543638 ], [ 110.677231864677765, -7.633641268590381 ], [ 110.677231796828011, -7.633731724250286 ], [ 110.677503789565179, -7.63373192724259 ], [ 110.67750385735205, -7.633641471582686 ], [ 110.67759452158279, -7.63364153920786 ], [ 110.677594657120608, -7.633460627879067 ], [ 110.677503992934774, -7.633460560253893 ], [ 110.677504060721645, -7.633370104585004 ], [ 110.677594724889502, -7.633370172210179 ], [ 110.67759506372505, -7.632917893874721 ], [ 110.67750439964702, -7.632917826258529 ], [ 110.677504467433891, -7.632827370589641 ], [ 110.676960483109411, -7.632826964488251 ], [ 110.676960415214751, -7.632917420148156 ], [ 110.67668842300759, -7.632917216841441 ], [ 110.676687879347185, -7.633640862102715 ] ] ] } },
{ "type": "Feature", "properties": { "cluster_id": 847606291, "count": 78, "area_m2": 7800.0000100734178, "area_ha": 0.78000000100734179, "kelas_sawah": "unlabeled", "varietas": "unlabeled", "usia_fase": null, "overlap_ratio": 0.0, "is_ground_truth": false }, "geometry": { "type": "Polygon", "coordinates": [ [ [ 110.67668842300759, -7.632917216841441 ], [ 110.676960415214751, -7.632917420148156 ], [ 110.676960483109411, -7.632826964488251 ], [ 110.677413803373824, -7.632827302955484 ], [ 110.677413871178658, -7.632736847286595 ], [ 110.677504535211781, -7.632736914920753 ], [ 110.677505077443868, -7.632013269569647 ], [ 110.67696109415246, -7.632012863513173 ], [ 110.676961026257786, -7.632103319173078 ], [ 110.676779698470028, -7.6321031836712 ], [ 110.676779766391647, -7.632012728002312 ], [ 110.676689102520228, -7.632012660224424 ], [ 110.67668896662309, -7.632193571553217 ], [ 110.676779630539428, -7.632193639331105 ], [ 110.676779494678215, -7.632374550659899 ], [ 110.676688830725951, -7.632374482873027 ], [ 110.676688762777388, -7.632464938532932 ], [ 110.676779426747615, -7.632465006319803 ], [ 110.676779358817015, -7.632555461979709 ], [ 110.676688694828812, -7.632555394192837 ], [ 110.67668842300759, -7.632917216841441 ] ] ] } },
{ "type": "Feature", "properties": { "cluster_id": -1542215043, "count": 85, "area_m2": 8500.0000812436338, "area_ha": 0.85000000812436338, "kelas_sawah": "unlabeled", "varietas": "unlabeled", "usia_fase": null, "overlap_ratio": 0.0, "is_ground_truth": false }, "geometry": { "type": "Polygon", "coordinates": [ [ [ 110.676689102520228, -7.632012660224424 ], [ 110.676779766391647, -7.632012728002312 ], [ 110.676779698470028, -7.6321031836712 ], [ 110.676961026257786, -7.632103319173078 ], [ 110.67696109415246, -7.632012863513173 ], [ 110.677505077443868, -7.632013269569647 ], [ 110.677505145212777, -7.63192281390076 ], [ 110.677595809084195, -7.631922881507967 ], [ 110.677596283349743, -7.631289691789817 ], [ 110.677505619613072, -7.631289624191592 ], [ 110.677505687381981, -7.631199168513721 ], [ 110.677143032543071, -7.631198897914208 ], [ 110.677142964693317, -7.631289353583096 ], [ 110.676689646063849, -7.631289014900267 ], [ 110.676689102520228, -7.632012660224424 ] ] ] } },
{ "type": "Feature", "properties": { "cluster_id": 847375307, "count": 82, "area_m2": 8199.9999734805897, "area_ha": 0.81999999734805895, "kelas_sawah": "unlabeled", "varietas": "unlabeled", "usia_fase": null, "overlap_ratio": 0.0, "is_ground_truth": false }, "geometry": { "type": "Polygon", "coordinates": [ [ [ 110.676689646063849, -7.631289014900267 ], [ 110.677142964693317, -7.631289353583096 ], [ 110.677143032543071, -7.631198897914208 ], [ 110.677505687381981, -7.631199168513721 ], [ 110.67750629725721, -7.630385067430845 ], [ 110.677052979561978, -7.630384729170225 ], [ 110.677052911712224, -7.630475184848097 ], [ 110.676690257493163, -7.630474913889257 ], [ 110.676689646063849, -7.631289014900267 ] ] ] } },
{ "type": "Feature", "properties": { "cluster_id": 412776938, "count": 82, "area_m2": 8200.0000085285865, "area_ha": 0.82000000085285862, "kelas_sawah": "unlabeled", "varietas": "unlabeled", "usia_fase": null, "overlap_ratio": 0.0, "is_ground_truth": false }, "geometry": { "type": "Polygon", "coordinates": [ [ [ 110.67669148014518, -7.628846711768421 ], [ 110.677507449068074, -7.628847320862116 ], [ 110.677508126487638, -7.627942764002555 ], [ 110.67669215928052, -7.627942154989707 ], [ 110.676692091367883, -7.628032610667579 ], [ 110.676782754403874, -7.628032678409534 ], [ 110.6767822112555, -7.628756323850472 ], [ 110.676691548057818, -7.62875625609055 ], [ 110.67669148014518, -7.628846711768421 ] ] ] } },
{ "type": "Feature", "properties": { "cluster_id": -60076435, "count": 79, "area_m2": 7900.0000339286635, "area_ha": 0.79000000339286636, "kelas_sawah": "unlabeled", "varietas": "unlabeled", "usia_fase": null, "overlap_ratio": 0.0, "is_ground_truth": false }, "geometry": { "type": "Polygon", "coordinates": [ [ [ 110.67669215928052, -7.627942154989707 ], [ 110.677508126487638, -7.627942764002555 ], [ 110.677508397428511, -7.627580941246153 ], [ 110.677599060383656, -7.627581008817429 ], [ 110.677599331234688, -7.627219186052044 ], [ 110.677508668360403, -7.627219118489752 ], [ 110.677508736093372, -7.627128662793914 ], [ 110.676874096126042, -7.627128189300911 ], [ 110.676874028267306, -7.627218644987765 ], [ 110.676783365393021, -7.627218577263776 ], [ 110.676783093850275, -7.627580400002211 ], [ 110.676692430913093, -7.627580332260256 ], [ 110.67669215928052, -7.627942154989707 ] ] ] } },
{ "type": "Feature", "properties": { "cluster_id": -972461738, "count": 76, "area_m2": 7599.9999808895518, "area_ha": 0.75999999808895513, "kelas_sawah": "unlabeled", "varietas": "unlabeled", "usia_fase": null, "overlap_ratio": 0.0, "is_ground_truth": false }, "geometry": { "type": "Polygon", "coordinates": [ [ [ 110.676692770431359, -7.62712805384395 ], [ 110.6767834332787, -7.627128121585905 ], [ 110.676783365393021, -7.627218577263776 ], [ 110.676874028267306, -7.627218644987765 ], [ 110.676874096126042, -7.627128189300911 ], [ 110.677508736093372, -7.627128662793914 ], [ 110.677508668360403, -7.627219118489752 ], [ 110.677599331234688, -7.627219186052044 ], [ 110.677599805203798, -7.62658599620813 ], [ 110.67750914246426, -7.626585928645838 ], [ 110.677509345636224, -7.626314561558325 ], [ 110.677328020264937, -7.626314426388824 ], [ 110.67732795250501, -7.626404882075678 ], [ 110.676693313615658, -7.62640440836708 ], [ 110.676693245720998, -7.626494864053934 ], [ 110.676783908433592, -7.626494931777923 ], [ 110.676783501164394, -7.62703766589905 ], [ 110.676692838335015, -7.627037598166078 ], [ 110.676692770431359, -7.62712805384395 ] ] ] } },
{ "type": "Feature", "properties": { "cluster_id": 427928106, "count": 74, "area_m2": 7399.9999494157964, "area_ha": 0.73999999494157964, "kelas_sawah": "unlabeled", "varietas": "unlabeled", "usia_fase": null, "overlap_ratio": 0.0, "is_ground_truth": false }, "geometry": { "type": "Polygon", "coordinates": [ [ [ 110.676784655032407, -7.625499919195574 ], [ 110.677328630086265, -7.625500325135268 ], [ 110.677328562335319, -7.625590780831105 ], [ 110.677600549925131, -7.625590983544932 ], [ 110.6776010914745, -7.624867337942299 ], [ 110.677510429094283, -7.624867270397973 ], [ 110.67751049680929, -7.624776814702135 ], [ 110.676785197956193, -7.624776273655822 ], [ 110.676784655032407, -7.625499919195574 ] ] ] } },
{ "type": "Feature", "properties": { "cluster_id": 2075588823, "count": 79, "area_m2": 7900.0000299038948, "area_ha": 0.79000000299038953, "kelas_sawah": "unlabeled", "varietas": "unlabeled", "usia_fase": null, "overlap_ratio": 0.0, "is_ground_truth": false }, "geometry": { "type": "Polygon", "coordinates": [ [ [ 110.676695553708555, -7.623419370494268 ], [ 110.676786215774356, -7.623419438191308 ], [ 110.676785808666864, -7.6239621723843 ], [ 110.677511106154512, -7.623962713376714 ], [ 110.677511376951657, -7.62360089055743 ], [ 110.677602039071374, -7.623600958092774 ], [ 110.677602174429509, -7.623420046674148 ], [ 110.677511512345745, -7.623419979138806 ], [ 110.677511783133895, -7.623058156310539 ], [ 110.677330459137025, -7.623058021194938 ], [ 110.677330391404055, -7.623148476899758 ], [ 110.676877081335533, -7.623148138773885 ], [ 110.676877149158329, -7.623057683069065 ], [ 110.676786487164392, -7.623057615389991 ], [ 110.676786419323619, -7.623148071094811 ], [ 110.676695757311705, -7.623148003388789 ], [ 110.676695689443989, -7.62323845909361 ], [ 110.676786351473865, -7.623238526790649 ], [ 110.676786283624111, -7.623328982495471 ], [ 110.676695621576272, -7.623328914789448 ], [ 110.676695553708555, -7.623419370494268 ] ] ] } },
{ "type": "Feature", "properties": { "cluster_id": -2018285363, "count": 86, "area_m2": 8599.9999900549301, "area_ha": 0.85999999900549295, "kelas_sawah": "unlabeled", "varietas": "unlabeled", "usia_fase": null, "overlap_ratio": 0.0, "is_ground_truth": false }, "geometry": { "type": "Polygon", "coordinates": [ [ [ 110.676695757311705, -7.623148003388789 ], [ 110.676786419323619, -7.623148071094811 ], [ 110.676786487164392, -7.623057615389991 ], [ 110.676877149158329, -7.623057683069065 ], [ 110.676877081335533, -7.623148138773885 ], [ 110.677330391404055, -7.623148476899758 ], [ 110.677330459137025, -7.623058021194938 ], [ 110.677511783133895, -7.623058156310539 ], [ 110.677511986207051, -7.622786789187094 ], [ 110.677602648147101, -7.622786856713454 ], [ 110.677602986497547, -7.6223345781624 ], [ 110.677512324647338, -7.622334510636041 ], [ 110.677512392335387, -7.622244054922236 ], [ 110.676696435926033, -7.622243446367531 ], [ 110.676696368067297, -7.622333902072351 ], [ 110.676787029908525, -7.62233396976939 ], [ 110.676786758545433, -7.622695792579691 ], [ 110.67669609662336, -7.622695724882651 ], [ 110.676696028764624, -7.622786180587472 ], [ 110.676786690695693, -7.622786248284512 ], [ 110.676786555014147, -7.62296715968517 ], [ 110.676695893038172, -7.62296709198813 ], [ 110.676695757311705, -7.623148003388789 ] ] ] } },
{ "type": "Feature", "properties": { "cluster_id": -835752648, "count": 80, "area_m2": 7999.9999894521898, "area_ha": 0.799999998945219, "kelas_sawah": "unlabeled", "varietas": "unlabeled", "usia_fase": null, "overlap_ratio": 0.0, "is_ground_truth": false }, "geometry": { "type": "Polygon", "coordinates": [ [ [ 110.676696435926033, -7.622243446367531 ], [ 110.677512392335387, -7.622244054922236 ], [ 110.677512730757712, -7.621791776362199 ], [ 110.677603392491136, -7.621791843879576 ], [ 110.677603595474466, -7.621520476738165 ], [ 110.677512933794929, -7.621520409220787 ], [ 110.677513001473997, -7.621429953506984 ], [ 110.676878369905921, -7.621429480364323 ], [ 110.676878302092106, -7.621519936078127 ], [ 110.676696978751011, -7.62151980071998 ], [ 110.676696843051502, -7.621700712138606 ], [ 110.676787504757982, -7.621700779826662 ], [ 110.67678743692619, -7.621791235531482 ], [ 110.676696775201748, -7.621791167843426 ], [ 110.676696571634523, -7.622062534957888 ], [ 110.676787233421848, -7.622062602645945 ], [ 110.676787165581075, -7.622153058359749 ], [ 110.676696503775787, -7.622152990662709 ], [ 110.676696435926033, -7.622243446367531 ] ] ] } },
{ "type": "Feature", "properties": { "cluster_id": -85845286, "count": 71, "area_m2": 7100.000022771128, "area_ha": 0.7100000022771128, "kelas_sawah": "unlabeled", "varietas": "unlabeled", "usia_fase": null, "overlap_ratio": 0.0, "is_ground_truth": false }, "geometry": { "type": "Polygon", "coordinates": [ [ [ 110.676696978751011, -7.62151980071998 ], [ 110.676878302092106, -7.621519936078127 ], [ 110.676878369905921, -7.621429480364323 ], [ 110.677513001473997, -7.621429953506984 ], [ 110.677513136832147, -7.621249042070392 ], [ 110.6776037984488, -7.62124910958777 ], [ 110.677604001423134, -7.620977742437375 ], [ 110.677513339860383, -7.620977674928981 ], [ 110.677513542879637, -7.620706307769602 ], [ 110.676697589371841, -7.62070569934066 ], [ 110.676697521531068, -7.620796155054465 ], [ 110.676788183048899, -7.620796222733538 ], [ 110.676787776085121, -7.621338956989413 ], [ 110.676697114450505, -7.621338889310339 ], [ 110.676696978751011, -7.62151980071998 ] ] ] } },
{ "type": "Feature", "properties": { "cluster_id": 731519129, "count": 87, "area_m2": 8699.9999974822276, "area_ha": 0.86999999974822273, "kelas_sawah": "unlabeled", "varietas": "unlabeled", "usia_fase": null, "overlap_ratio": 0.0, "is_ground_truth": false }, "geometry": { "type": "Polygon", "coordinates": [ [ [ 110.676697589371841, -7.62070569934066 ], [ 110.677513542879637, -7.620706307769602 ], [ 110.677514219553601, -7.619801750577664 ], [ 110.677151574308709, -7.619801480382392 ], [ 110.677151506566744, -7.619891936096197 ], [ 110.676970183908367, -7.619891800890763 ], [ 110.676970251686257, -7.619801345167976 ], [ 110.676788929072799, -7.619801209890677 ], [ 110.676788861249989, -7.619891665604482 ], [ 110.676698199929788, -7.619891597925408 ], [ 110.676697589371841, -7.62070569934066 ] ] ] } },
{ "type": "Feature", "properties": { "cluster_id": 2065003549, "count": 77, "area_m2": 7699.9999778548954, "area_ha": 0.76999999778548955, "kelas_sawah": "unlabeled", "varietas": "unlabeled", "usia_fase": null, "overlap_ratio": 0.0, "is_ground_truth": false }, "geometry": { "type": "Polygon", "coordinates": [ [ [ 110.676790149622761, -7.618173006952374 ], [ 110.677606098333555, -7.618173615004024 ], [ 110.677606639343935, -7.617449969158845 ], [ 110.677515978526785, -7.617449901677401 ], [ 110.677516046169927, -7.61735944594563 ], [ 110.677062742174016, -7.617359108268915 ], [ 110.677062674441046, -7.617449564000686 ], [ 110.676790691998576, -7.617449361161095 ], [ 110.676790149622761, -7.618173006952374 ] ] ] } },
{ "type": "Feature", "properties": { "cluster_id": 11062899, "count": 79, "area_m2": 7899.9999930924969, "area_ha": 0.78999999930924969, "kelas_sawah": "unlabeled", "varietas": "unlabeled", "usia_fase": null, "overlap_ratio": 0.0, "is_ground_truth": false }, "geometry": { "type": "Polygon", "coordinates": [ [ [ 110.676700641469878, -7.616635191976937 ], [ 110.677244605330728, -7.616635597548322 ], [ 110.677244673018791, -7.616545141816551 ], [ 110.677425994275794, -7.616545276860288 ], [ 110.67742592662367, -7.616635732592058 ], [ 110.677516587270134, -7.616635800082485 ], [ 110.677517195950614, -7.615821698451637 ], [ 110.676701251686467, -7.615821090417954 ], [ 110.676700641469878, -7.616635191976937 ] ] ] } },
{ "type": "Feature", "properties": { "cluster_id": -1797236843, "count": 89, "area_m2": 8899.9999961789581, "area_ha": 0.88999999961789578, "kelas_sawah": "unlabeled", "varietas": "unlabeled", "usia_fase": null, "overlap_ratio": 0.0, "is_ground_truth": false }, "geometry": { "type": "Polygon", "coordinates": [ [ [ 110.676701251686467, -7.615821090417954 ], [ 110.677517195950614, -7.615821698451637 ], [ 110.67751739882614, -7.61555033123836 ], [ 110.67760805924803, -7.615550398701838 ], [ 110.677608464864321, -7.615007664248334 ], [ 110.677517804559216, -7.61500759679384 ], [ 110.6775178721754, -7.614917141053086 ], [ 110.677336551610097, -7.614917006081214 ], [ 110.677336483948991, -7.615007461821968 ], [ 110.676701861840172, -7.615006988823038 ], [ 110.676701251686467, -7.615821090417954 ] ] ] } },
{ "type": "Feature", "properties": { "cluster_id": -1045809556, "count": 79, "area_m2": 7899.9999985293834, "area_ha": 0.78999999985293834, "kelas_sawah": "unlabeled", "varietas": "unlabeled", "usia_fase": null, "overlap_ratio": 0.0, "is_ground_truth": false }, "geometry": { "type": "Polygon", "coordinates": [ [ [ 110.676793199816373, -7.614102499076611 ], [ 110.677337160488207, -7.614102904396467 ], [ 110.677337092836083, -7.614193360146204 ], [ 110.677609073239367, -7.614193562554604 ], [ 110.677609681542549, -7.613379460824941 ], [ 110.677519021578789, -7.613379393379429 ], [ 110.677519089186006, -7.613288937629693 ], [ 110.677156449411854, -7.613288667667983 ], [ 110.677156381732772, -7.61337912341772 ], [ 110.67679374189575, -7.613378853150584 ], [ 110.676793199816373, -7.614102499076611 ] ] ] } },
{ "type": "Feature", "properties": { "cluster_id": -352883885, "count": 77, "area_m2": 7700.0000161470962, "area_ha": 0.77000000161470961, "kelas_sawah": "unlabeled", "varietas": "unlabeled", "usia_fase": null, "overlap_ratio": 0.0, "is_ground_truth": false }, "geometry": { "type": "Polygon", "coordinates": [ [ [ 110.67670362411917, -7.612655139599382 ], [ 110.676794283921225, -7.61265520720659 ], [ 110.67679374189575, -7.613378853150584 ], [ 110.677156381732772, -7.61337912341772 ], [ 110.677156449411854, -7.613288667667983 ], [ 110.677519089186006, -7.613288937629693 ], [ 110.677519697587996, -7.61247483587308 ], [ 110.676794419423103, -7.6124742957161 ], [ 110.676794351672157, -7.612564751456853 ], [ 110.676703691888065, -7.612564683849645 ], [ 110.67670362411917, -7.612655139599382 ] ] ] } },
{ "type": "Feature", "properties": { "cluster_id": -1666999103, "count": 83, "area_m2": 8300.000021258893, "area_ha": 0.83000000212588931, "kelas_sawah": "unlabeled", "varietas": "unlabeled", "usia_fase": null, "overlap_ratio": 0.0, "is_ground_truth": false }, "geometry": { "type": "Polygon", "coordinates": [ [ [ 110.676690868850613, -7.629660812842314 ], [ 110.676962859000625, -7.62966101606818 ], [ 110.676962926868342, -7.629570560390309 ], [ 110.677144253596097, -7.629570695775405 ], [ 110.677144185764305, -7.629661151453277 ], [ 110.67750683931861, -7.629661421998891 ], [ 110.677507178073313, -7.629209143591568 ], [ 110.677597841369803, -7.62920921118081 ], [ 110.677598112283732, -7.628847388442375 ], [ 110.67669148014518, -7.628846711768421 ], [ 110.676690868850613, -7.629660812842314 ] ] ] } },
{ "type": "Feature", "properties": { "cluster_id": 1963090674, "count": 83, "area_m2": 8300.0000691405148, "area_ha": 0.83000000691405151, "kelas_sawah": "unlabeled", "varietas": "unlabeled", "usia_fase": null, "overlap_ratio": 0.0, "is_ground_truth": false }, "geometry": { "type": "Polygon", "coordinates": [ [ [ 110.67669446771724, -7.624866661627671 ], [ 110.676785130088476, -7.62486672935166 ], [ 110.676785197956193, -7.624776273655822 ], [ 110.67751049680929, -7.624776814702135 ], [ 110.677510767633393, -7.624414991891835 ], [ 110.677601429923769, -7.624415059436161 ], [ 110.677601768346094, -7.623962780912056 ], [ 110.676785808666864, -7.6239621723843 ], [ 110.676785537249884, -7.624323995176634 ], [ 110.676694874986438, -7.624323927461628 ], [ 110.67669446771724, -7.624866661627671 ] ] ] } },
{ "type": "Feature", "properties": { "cluster_id": -802319355, "count": 78, "area_m2": 7800.0000098379678, "area_ha": 0.78000000098379674, "kelas_sawah": "unlabeled", "varietas": "unlabeled", "usia_fase": null, "overlap_ratio": 0.0, "is_ground_truth": false }, "geometry": { "type": "Polygon", "coordinates": [ [ [ 110.676699217370654, -7.618534762173432 ], [ 110.676789878412393, -7.61853482983454 ], [ 110.676789539379214, -7.618987108430509 ], [ 110.67751482849458, -7.618987649063596 ], [ 110.677515166764181, -7.618535370431695 ], [ 110.677605827805905, -7.618535437922122 ], [ 110.677606098333555, -7.618173615004024 ], [ 110.676699488652886, -7.618172939291267 ], [ 110.67669942083009, -7.618263395014054 ], [ 110.676790081817913, -7.618263462675162 ], [ 110.676789946208245, -7.618444374111752 ], [ 110.676699285193465, -7.618444306459629 ], [ 110.676699217370654, -7.618534762173432 ] ] ] } },
{ "type": "Feature", "properties": { "cluster_id": 902533909, "count": 87, "area_m2": 8699.9999368673889, "area_ha": 0.86999999368673886, "kelas_sawah": "unlabeled", "varietas": "unlabeled", "usia_fase": null, "overlap_ratio": 0.0, "is_ground_truth": false }, "geometry": { "type": "Polygon", "coordinates": [ [ [ 110.677501958906419, -7.636174230024094 ], [ 110.677773953188691, -7.636174432908601 ], [ 110.677774020948604, -7.636083977248696 ], [ 110.678227344680508, -7.63608431500626 ], [ 110.678227277019403, -7.636174770666165 ], [ 110.678317941780151, -7.636174838165576 ], [ 110.678318482889352, -7.635451192868369 ], [ 110.678409147506372, -7.635451260331847 ], [ 110.678409215122571, -7.635360804671942 ], [ 110.678318550523514, -7.63536073719948 ], [ 110.678318618157661, -7.635270281539576 ], [ 110.67768396613495, -7.635269808729293 ], [ 110.677684033903859, -7.635179353069387 ], [ 110.677593369349708, -7.635179285453195 ], [ 110.677593301571818, -7.635269741113101 ], [ 110.677502636999719, -7.63526967346996 ], [ 110.677501958906419, -7.636174230024094 ] ] ] } },
{ "type": "Feature", "properties": { "cluster_id": -1814979124, "count": 2, "area_m2": 199.99999287567346, "area_ha": 0.019999999287567346, "kelas_sawah": "unlabeled", "varietas": "unlabeled", "usia_fase": null, "overlap_ratio": 0.0, "is_ground_truth": false }, "geometry": { "type": "Polygon", "coordinates": [ [ [ 110.677519629989774, -7.612565291622817 ], [ 110.677700949575907, -7.612565426477907 ], [ 110.677701017138205, -7.61247497072817 ], [ 110.677519697587996, -7.61247483587308 ], [ 110.677519629989774, -7.612565291622817 ] ] ] } },
{ "type": "Feature", "properties": { "cluster_id": -1883085101, "count": 81, "area_m2": 8099.9999860706157, "area_ha": 0.80999999860706162, "kelas_sawah": "unlabeled", "varietas": "unlabeled", "usia_fase": null, "overlap_ratio": 0.0, "is_ground_truth": false }, "geometry": { "type": "Polygon", "coordinates": [ [ [ 110.677413803373824, -7.632827302955484 ], [ 110.677504467433891, -7.632827370589641 ], [ 110.67750439964702, -7.632917826258529 ], [ 110.677867055950173, -7.632918096615497 ], [ 110.677867123656199, -7.632827640946609 ], [ 110.678229779896469, -7.63282791099815 ], [ 110.678229847530616, -7.632737455320279 ], [ 110.678320511572721, -7.632737522783756 ], [ 110.678320984823188, -7.632104333056623 ], [ 110.677958329184776, -7.632104063103897 ], [ 110.677958396872839, -7.632013607426026 ], [ 110.677505077443868, -7.632013269569647 ], [ 110.677504535211781, -7.632736914920753 ], [ 110.677413871178658, -7.632736847286595 ], [ 110.677413803373824, -7.632827302955484 ] ] ] } },
{ "type": "Feature", "properties": { "cluster_id": -1011989112, "count": 74, "area_m2": 7400.0000017750426, "area_ha": 0.74000000017750422, "kelas_sawah": "unlabeled", "varietas": "unlabeled", "usia_fase": null, "overlap_ratio": 0.0, "is_ground_truth": false }, "geometry": { "type": "Polygon", "coordinates": [ [ [ 110.67750683931861, -7.629661421998891 ], [ 110.677960156268242, -7.629661759756455 ], [ 110.677960223929347, -7.6295713040696 ], [ 110.67832287742975, -7.629571573932495 ], [ 110.678323418053864, -7.628847928410709 ], [ 110.678142091604585, -7.628847793537652 ], [ 110.678142159220783, -7.628757337841814 ], [ 110.678051496014106, -7.628757270378337 ], [ 110.678051428379959, -7.628847726065191 ], [ 110.677598112283732, -7.628847388442375 ], [ 110.677597841369803, -7.62920921118081 ], [ 110.677507178073313, -7.629209143591568 ], [ 110.67750683931861, -7.629661421998891 ] ] ] } },
{ "type": "Feature", "properties": { "cluster_id": -339931221, "count": 76, "area_m2": 7600.0000687985448, "area_ha": 0.76000000687985447, "kelas_sawah": "unlabeled", "varietas": "unlabeled", "usia_fase": null, "overlap_ratio": 0.0, "is_ground_truth": false }, "geometry": { "type": "Polygon", "coordinates": [ [ [ 110.677508058745687, -7.628033219689408 ], [ 110.677780047889584, -7.62803342235832 ], [ 110.677780115568652, -7.627942966662483 ], [ 110.677870778595661, -7.627943034179859 ], [ 110.677870710934556, -7.628033489875697 ], [ 110.677961373988509, -7.628033557375107 ], [ 110.677961441631652, -7.62794310167927 ], [ 110.678233430721647, -7.62794330406072 ], [ 110.678233363141388, -7.628033759756558 ], [ 110.678324026195341, -7.62803382717512 ], [ 110.678324634264953, -7.627219725903598 ], [ 110.678143308507387, -7.62721959105749 ], [ 110.678143376096628, -7.627129135361653 ], [ 110.677871387518678, -7.627128932944269 ], [ 110.677871319866554, -7.627219388640107 ], [ 110.677599331234688, -7.627219186052044 ], [ 110.677599060383656, -7.627581008817429 ], [ 110.677508397428511, -7.627580941246153 ], [ 110.677508058745687, -7.628033219689408 ] ] ] } },
{ "type": "Feature", "properties": { "cluster_id": 845838542, "count": 58, "area_m2": 5800.0000173863373, "area_ha": 0.58000000173863375, "kelas_sawah": "unlabeled", "varietas": "unlabeled", "usia_fase": null, "overlap_ratio": 0.0, "is_ground_truth": false }, "geometry": { "type": "Polygon", "coordinates": [ [ [ 110.677501619828334, -7.636626508287687 ], [ 110.677592284687904, -7.636626575939811 ], [ 110.677592216892052, -7.636717031590733 ], [ 110.678317535921309, -7.636717572116023 ], [ 110.678317671207594, -7.636536660805196 ], [ 110.678408336058183, -7.63653672828664 ], [ 110.678408606549894, -7.636174905638036 ], [ 110.678227277019403, -7.636174770666165 ], [ 110.678227344680508, -7.63608431500626 ], [ 110.677774020948604, -7.636083977248696 ], [ 110.677773953188691, -7.636174432908601 ], [ 110.677592623667181, -7.636174297667235 ], [ 110.677592352483757, -7.636536120279906 ], [ 110.677501687651144, -7.636536052636766 ], [ 110.677501619828334, -7.636626508287687 ] ] ] } },
{ "type": "Feature", "properties": { "cluster_id": -414752129, "count": 83, "area_m2": 8299.9999942703289, "area_ha": 0.82999999942703284, "kelas_sawah": "unlabeled", "varietas": "unlabeled", "usia_fase": null, "overlap_ratio": 0.0, "is_ground_truth": false }, "geometry": { "type": "Polygon", "coordinates": [ [ [ 110.677503179411474, -7.634546028199702 ], [ 110.677865837089044, -7.634546298619552 ], [ 110.677865904813032, -7.634455842950664 ], [ 110.67831922682916, -7.634456180546531 ], [ 110.678319497320871, -7.634094357870978 ], [ 110.678410161650433, -7.634094425325473 ], [ 110.678410432061298, -7.633732602640937 ], [ 110.678229103554884, -7.633732467713982 ], [ 110.678229171198026, -7.633642012045093 ], [ 110.677957178496797, -7.633641809510929 ], [ 110.677957110799767, -7.633732265179818 ], [ 110.677503789565179, -7.63373192724259 ], [ 110.677503179411474, -7.634546028199702 ] ] ] } },
{ "type": "Feature", "properties": { "cluster_id": -1398428026, "count": 91, "area_m2": 9099.9999863526318, "area_ha": 0.90999999863526315, "kelas_sawah": "unlabeled", "varietas": "unlabeled", "usia_fase": null, "overlap_ratio": 0.0, "is_ground_truth": false }, "geometry": { "type": "Polygon", "coordinates": [ [ [ 110.677507449068074, -7.628847320862116 ], [ 110.678051428379959, -7.628847726065191 ], [ 110.678051496014106, -7.628757270378337 ], [ 110.678142159220783, -7.628757337841814 ], [ 110.678142091604585, -7.628847793537652 ], [ 110.678323418053864, -7.628847928410709 ], [ 110.678323553196407, -7.628667017028017 ], [ 110.678414216385107, -7.628667084437596 ], [ 110.678414689249294, -7.628033894575715 ], [ 110.678233363141388, -7.628033759756558 ], [ 110.678233430721647, -7.62794330406072 ], [ 110.677961441631652, -7.62794310167927 ], [ 110.677961373988509, -7.628033557375107 ], [ 110.677870710934556, -7.628033489875697 ], [ 110.677870778595661, -7.627943034179859 ], [ 110.677780115568652, -7.627942966662483 ], [ 110.677780047889584, -7.62803342235832 ], [ 110.677508058745687, -7.628033219689408 ], [ 110.677507449068074, -7.628847320862116 ] ] ] } },
{ "type": "Feature", "properties": { "cluster_id": -1911670163, "count": 75, "area_m2": 7500.0000003489549, "area_ha": 0.75000000003489553, "kelas_sawah": "unlabeled", "varietas": "unlabeled", "usia_fase": null, "overlap_ratio": 0.0, "is_ground_truth": false }, "geometry": { "type": "MultiPolygon", "coordinates": [ [ [ [ 110.678318618157661, -7.635270281539576 ], [ 110.678318753425984, -7.635089370210783 ], [ 110.678409417962158, -7.63508943767426 ], [ 110.678409823623369, -7.634546703669914 ], [ 110.67831915920398, -7.634546636206436 ], [ 110.67831922682916, -7.634456180546531 ], [ 110.677865904813032, -7.634455842950664 ], [ 110.677865837089044, -7.634546298619552 ], [ 110.677593843830863, -7.63454609583386 ], [ 110.677593369349708, -7.635179285453195 ], [ 110.677684033903859, -7.635179353069387 ], [ 110.67768396613495, -7.635269808729293 ], [ 110.678318618157661, -7.635270281539576 ] ] ], [ [ [ 110.678318618157661, -7.635270281539576 ], [ 110.678318550523514, -7.63536073719948 ], [ 110.678409215122571, -7.635360804671942 ], [ 110.678409282738755, -7.635270349003053 ], [ 110.678318618157661, -7.635270281539576 ] ] ] ] } },
{ "type": "Feature", "properties": { "cluster_id": 860552537, "count": 83, "area_m2": 8299.999934550433, "area_ha": 0.82999999345504327, "kelas_sawah": "unlabeled", "varietas": "unlabeled", "usia_fase": null, "overlap_ratio": 0.0, "is_ground_truth": false }, "geometry": { "type": "Polygon", "coordinates": [ [ [ 110.677503789565179, -7.63373192724259 ], [ 110.677957110799767, -7.633732265179818 ], [ 110.677957178496797, -7.633641809510929 ], [ 110.678229171198026, -7.633642012045093 ], [ 110.678229103554884, -7.633732467713982 ], [ 110.678319767812582, -7.633732535186442 ], [ 110.678319903044965, -7.633551623848666 ], [ 110.678410567257743, -7.63355169130316 ], [ 110.678411040427363, -7.632918501585011 ], [ 110.678320376349319, -7.632918434139499 ], [ 110.678320443956537, -7.632827978461628 ], [ 110.677867123656199, -7.632827640946609 ], [ 110.677867055950173, -7.632918096615497 ], [ 110.67759506372505, -7.632917893874721 ], [ 110.677594724889502, -7.633370172210179 ], [ 110.677504060721645, -7.633370104585004 ], [ 110.677503992934774, -7.633460560253893 ], [ 110.677594657120608, -7.633460627879067 ], [ 110.67759452158279, -7.63364153920786 ], [ 110.67750385735205, -7.633641471582686 ], [ 110.677503789565179, -7.63373192724259 ] ] ] } },
{ "type": "Feature", "properties": { "cluster_id": 1413242313, "count": 78, "area_m2": 7799.9999668906112, "area_ha": 0.77999999668906117, "kelas_sawah": "unlabeled", "varietas": "unlabeled", "usia_fase": null, "overlap_ratio": 0.0, "is_ground_truth": false }, "geometry": { "type": "Polygon", "coordinates": [ [ [ 110.677505077443868, -7.632013269569647 ], [ 110.677958396872839, -7.632013607426026 ], [ 110.677958329184776, -7.632104063103897 ], [ 110.678320984823188, -7.632104333056623 ], [ 110.678321187635817, -7.631832966014026 ], [ 110.678411851489273, -7.631833033450555 ], [ 110.678411919069532, -7.631742577772683 ], [ 110.678321255234053, -7.631742510336155 ], [ 110.678321322832275, -7.631652054658283 ], [ 110.678411986649792, -7.631652122094811 ], [ 110.678412189390571, -7.631380755052215 ], [ 110.678321525635937, -7.631380687615686 ], [ 110.6783216608234, -7.631199776259943 ], [ 110.677959005957547, -7.63119950634315 ], [ 110.677958938278479, -7.631289962021021 ], [ 110.677868274550789, -7.631289894494661 ], [ 110.677868342238838, -7.63119943881679 ], [ 110.67777767852013, -7.631199371263481 ], [ 110.677777610814118, -7.631289826941352 ], [ 110.677596283349743, -7.631289691789817 ], [ 110.677595809084195, -7.631922881507967 ], [ 110.677505145212777, -7.63192281390076 ], [ 110.677505077443868, -7.632013269569647 ] ] ] } },
{ "type": "Feature", "properties": { "cluster_id": 260958358, "count": 87, "area_m2": 8700.000047069916, "area_ha": 0.87000000470699157, "kelas_sawah": "unlabeled", "varietas": "unlabeled", "usia_fase": null, "overlap_ratio": 0.0, "is_ground_truth": false }, "geometry": { "type": "Polygon", "coordinates": [ [ [ 110.677505619613072, -7.631289624191592 ], [ 110.677777610814118, -7.631289826941352 ], [ 110.67777767852013, -7.631199371263481 ], [ 110.677868342238838, -7.63119943881679 ], [ 110.677868274550789, -7.631289894494661 ], [ 110.677958938278479, -7.631289962021021 ], [ 110.677959005957547, -7.63119950634315 ], [ 110.678230997104691, -7.631199708805449 ], [ 110.678231064720876, -7.631109253127577 ], [ 110.678321728421622, -7.631109320573088 ], [ 110.678321998796562, -7.630747497843637 ], [ 110.67841266242543, -7.630747565271182 ], [ 110.678412865139265, -7.630476198219601 ], [ 110.678322201573266, -7.630476130792057 ], [ 110.678322269162507, -7.630385675105202 ], [ 110.67750629725721, -7.630385067430845 ], [ 110.677505619613072, -7.631289624191592 ] ] ] } },
{ "type": "Feature", "properties": { "cluster_id": -1202558624, "count": 76, "area_m2": 7599.999986870389, "area_ha": 0.75999999868703894, "kelas_sawah": "unlabeled", "varietas": "unlabeled", "usia_fase": null, "overlap_ratio": 0.0, "is_ground_truth": false }, "geometry": { "type": "Polygon", "coordinates": [ [ [ 110.67750629725721, -7.630385067430845 ], [ 110.678322269162507, -7.630385675105202 ], [ 110.67832287742975, -7.629571573932495 ], [ 110.677960223929347, -7.6295713040696 ], [ 110.677960156268242, -7.629661759756455 ], [ 110.67750683931861, -7.629661421998891 ], [ 110.67750629725721, -7.630385067430845 ] ] ] } },
{ "type": "Feature", "properties": { "cluster_id": -1581866734, "count": 80, "area_m2": 8000.0000008504139, "area_ha": 0.80000000008504135, "kelas_sawah": "unlabeled", "varietas": "unlabeled", "usia_fase": null, "overlap_ratio": 0.0, "is_ground_truth": false }, "geometry": { "type": "Polygon", "coordinates": [ [ [ 110.67750914246426, -7.626585928645838 ], [ 110.677599805203798, -7.62658599620813 ], [ 110.677599331234688, -7.627219186052044 ], [ 110.677871319866554, -7.627219388640107 ], [ 110.677871387518678, -7.627128932944269 ], [ 110.678143376096628, -7.627129135361653 ], [ 110.678143308507387, -7.62721959105749 ], [ 110.678324634264953, -7.627219725903598 ], [ 110.678324972058448, -7.626767447415426 ], [ 110.678415634842906, -7.626767514807039 ], [ 110.67841570237826, -7.626677059102218 ], [ 110.678325039611764, -7.626676991710605 ], [ 110.678325309824999, -7.626315168909288 ], [ 110.677600008321875, -7.626314629120617 ], [ 110.677599940615849, -7.626405084816454 ], [ 110.677509277912236, -7.626405017254163 ], [ 110.67750914246426, -7.626585928645838 ] ] ] } },
{ "type": "Feature", "properties": { "cluster_id": -862659560, "count": 76, "area_m2": 7600.0000122387428, "area_ha": 0.76000000122387423, "kelas_sawah": "unlabeled", "varietas": "unlabeled", "usia_fase": null, "overlap_ratio": 0.0, "is_ground_truth": false }, "geometry": { "type": "Polygon", "coordinates": [ [ [ 110.67751049680929, -7.624776814702135 ], [ 110.678326458087525, -7.624777421918351 ], [ 110.678327065887643, -7.623963320530048 ], [ 110.677601768346094, -7.623962780912056 ], [ 110.677601429923769, -7.624415059436161 ], [ 110.677510767633393, -7.624414991891835 ], [ 110.67751049680929, -7.624776814702135 ] ] ] } },
{ "type": "Feature", "properties": { "cluster_id": -47547497, "count": 82, "area_m2": 8200.0000338320388, "area_ha": 0.82000000338320389, "kelas_sawah": "unlabeled", "varietas": "unlabeled", "usia_fase": null, "overlap_ratio": 0.0, "is_ground_truth": false }, "geometry": { "type": "Polygon", "coordinates": [ [ [ 110.677511715436864, -7.623148612024344 ], [ 110.677874363511449, -7.623148882030968 ], [ 110.677874431127634, -7.623058426317164 ], [ 110.67832774115125, -7.623058763400992 ], [ 110.678328011229738, -7.622696940536793 ], [ 110.678418673160806, -7.622697007892472 ], [ 110.67841880815962, -7.622516096455882 ], [ 110.678328146273472, -7.622516029100201 ], [ 110.678328348816621, -7.622244661940823 ], [ 110.677512392335387, -7.622244054922236 ], [ 110.677512324647338, -7.622334510636041 ], [ 110.677602986497547, -7.6223345781624 ], [ 110.677602648147101, -7.622786856713454 ], [ 110.677511986207051, -7.622786789187094 ], [ 110.677511715436864, -7.623148612024344 ] ] ] } },
{ "type": "Feature", "properties": { "cluster_id": 1314436183, "count": 82, "area_m2": 8200.0000386798638, "area_ha": 0.82000000386798633, "kelas_sawah": "unlabeled", "varietas": "unlabeled", "usia_fase": null, "overlap_ratio": 0.0, "is_ground_truth": false }, "geometry": { "type": "Polygon", "coordinates": [ [ [ 110.677512392335387, -7.622244054922236 ], [ 110.678237686984374, -7.62224459457616 ], [ 110.678237754519714, -7.622154138853372 ], [ 110.678328416333997, -7.62215420622702 ], [ 110.678328551359769, -7.621973294781445 ], [ 110.678419213138113, -7.621973362137125 ], [ 110.678419550590249, -7.62152108352319 ], [ 110.678328888910727, -7.621521016176493 ], [ 110.678328956419108, -7.621430560453705 ], [ 110.677513001473997, -7.621429953506984 ], [ 110.677512933794929, -7.621520409220787 ], [ 110.677603595474466, -7.621520476738165 ], [ 110.677603392491136, -7.621791843879576 ], [ 110.677512730757712, -7.621791776362199 ], [ 110.677512392335387, -7.622244054922236 ] ] ] } },
{ "type": "Feature", "properties": { "cluster_id": 238559398, "count": 75, "area_m2": 7500.0000225752592, "area_ha": 0.75000000225752594, "kelas_sawah": "unlabeled", "varietas": "unlabeled", "usia_fase": null, "overlap_ratio": 0.0, "is_ground_truth": false }, "geometry": { "type": "Polygon", "coordinates": [ [ [ 110.677513001473997, -7.621429953506984 ], [ 110.678328956419108, -7.621430560453705 ], [ 110.678329091426917, -7.621249649017114 ], [ 110.678419753052552, -7.621249716354828 ], [ 110.678419888024422, -7.621068804909254 ], [ 110.678329226434727, -7.621068737562557 ], [ 110.678329563949745, -7.620616458939638 ], [ 110.677966917986197, -7.620616189400137 ], [ 110.677966850405937, -7.620706645122924 ], [ 110.677513542879637, -7.620706307769602 ], [ 110.677513339860383, -7.620977674928981 ], [ 110.677604001423134, -7.620977742437375 ], [ 110.6776037984488, -7.62124910958777 ], [ 110.677513136832147, -7.621249042070392 ], [ 110.677513001473997, -7.621429953506984 ] ] ] } },
{ "type": "Feature", "properties": { "cluster_id": -71571324, "count": 88, "area_m2": 8799.9999147781637, "area_ha": 0.87999999147781638, "kelas_sawah": "unlabeled", "varietas": "unlabeled", "usia_fase": null, "overlap_ratio": 0.0, "is_ground_truth": false }, "geometry": { "type": "Polygon", "coordinates": [ [ [ 110.677513542879637, -7.620706307769602 ], [ 110.677966850405937, -7.620706645122924 ], [ 110.677966917986197, -7.620616189400137 ], [ 110.678329563949745, -7.620616458939638 ], [ 110.678329766438992, -7.620345091762293 ], [ 110.678420427875977, -7.620345159100007 ], [ 110.678420630311322, -7.620073791913679 ], [ 110.678329968928239, -7.620073724584949 ], [ 110.678330171408504, -7.619802357398622 ], [ 110.67760488086482, -7.619801818077074 ], [ 110.677604813221677, -7.619892273799861 ], [ 110.677514151892495, -7.619892206291468 ], [ 110.677513542879637, -7.620706307769602 ] ] ] } },
{ "type": "Feature", "properties": { "cluster_id": -193336126, "count": 83, "area_m2": 8299.999947991746, "area_ha": 0.82999999479917463, "kelas_sawah": "unlabeled", "varietas": "unlabeled", "usia_fase": null, "overlap_ratio": 0.0, "is_ground_truth": false }, "geometry": { "type": "Polygon", "coordinates": [ [ [ 110.677424099674965, -7.61907803727799 ], [ 110.677514760833475, -7.619078104786384 ], [ 110.677514151892495, -7.619892206291468 ], [ 110.677604813221677, -7.619892273799861 ], [ 110.67760488086482, -7.619801818077074 ], [ 110.678330171408504, -7.619802357398622 ], [ 110.67833077880438, -7.618988255821672 ], [ 110.677424167345052, -7.618987581555203 ], [ 110.677424099674965, -7.61907803727799 ] ] ] } },
{ "type": "Feature", "properties": { "cluster_id": 8872513, "count": 77, "area_m2": 7700.0000124497456, "area_ha": 0.77000000124497459, "kelas_sawah": "unlabeled", "varietas": "unlabeled", "usia_fase": null, "overlap_ratio": 0.0, "is_ground_truth": false }, "geometry": { "type": "Polygon", "coordinates": [ [ [ 110.67751482849458, -7.618987649063596 ], [ 110.67833077880438, -7.618988255821672 ], [ 110.678331386137373, -7.61817415420879 ], [ 110.677606098333555, -7.618173615004024 ], [ 110.677605827805905, -7.618535437922122 ], [ 110.677515166764181, -7.618535370431695 ], [ 110.67751482849458, -7.618987649063596 ] ] ] } },
{ "type": "Feature", "properties": { "cluster_id": -559294615, "count": 74, "area_m2": 7400.0000133900903, "area_ha": 0.74000000133900901, "kelas_sawah": "unlabeled", "varietas": "unlabeled", "usia_fase": null, "overlap_ratio": 0.0, "is_ground_truth": false }, "geometry": { "type": "Polygon", "coordinates": [ [ [ 110.677606098333555, -7.618173615004024 ], [ 110.678331386137373, -7.61817415420879 ], [ 110.678331453618824, -7.61808369847702 ], [ 110.678422114579703, -7.618083765787784 ], [ 110.678422586761172, -7.617450575620476 ], [ 110.678331925935026, -7.617450508309712 ], [ 110.678331993407497, -7.617360052577942 ], [ 110.678060010982989, -7.617359850537851 ], [ 110.678059943456631, -7.617450306269622 ], [ 110.677606639343935, -7.617449969158845 ], [ 110.677606098333555, -7.618173615004024 ] ] ] } },
{ "type": "Feature", "properties": { "cluster_id": -242767998, "count": 85, "area_m2": 8500.0000448754872, "area_ha": 0.85000000448754875, "kelas_sawah": "unlabeled", "varietas": "unlabeled", "usia_fase": null, "overlap_ratio": 0.0, "is_ground_truth": false }, "geometry": { "type": "Polygon", "coordinates": [ [ [ 110.677606639343935, -7.617449969158845 ], [ 110.678059943456631, -7.617450306269622 ], [ 110.678060010982989, -7.617359850537851 ], [ 110.678331993407497, -7.617360052577942 ], [ 110.678331925935026, -7.617450508309712 ], [ 110.678422586761172, -7.617450575620476 ], [ 110.678423193797713, -7.616636473953696 ], [ 110.678332533133286, -7.616636406651915 ], [ 110.678332600596761, -7.616545950902178 ], [ 110.677697976161298, -7.616545479268687 ], [ 110.677697908572057, -7.616635935009441 ], [ 110.677607247916612, -7.616635867554947 ], [ 110.677606639343935, -7.617449969158845 ] ] ] } },
{ "type": "Feature", "properties": { "cluster_id": 222011735, "count": 86, "area_m2": 8600.0000346251181, "area_ha": 0.86000000346251182, "kelas_sawah": "unlabeled", "varietas": "unlabeled", "usia_fase": null, "overlap_ratio": 0.0, "is_ground_truth": false }, "geometry": { "type": "Polygon", "coordinates": [ [ [ 110.677516587270134, -7.616635800082485 ], [ 110.677697908572057, -7.616635935009441 ], [ 110.677697976161298, -7.616545479268687 ], [ 110.67824193996826, -7.616545883591414 ], [ 110.678242007449697, -7.616455427841677 ], [ 110.678332668060236, -7.616455495161424 ], [ 110.678332735523711, -7.616365039420671 ], [ 110.678423396125268, -7.616365106722452 ], [ 110.678423800762403, -7.615822372250982 ], [ 110.67833314027763, -7.615822304949201 ], [ 110.678333207732123, -7.615731849208448 ], [ 110.677698584491438, -7.615731377619873 ], [ 110.677698516902183, -7.615821833360626 ], [ 110.677517195950614, -7.615821698451637 ], [ 110.677516587270134, -7.616635800082485 ] ] ] } },
{ "type": "Feature", "properties": { "cluster_id": -447803570, "count": 81, "area_m2": 8099.9999786828994, "area_ha": 0.80999999786828991, "kelas_sawah": "unlabeled", "varietas": "unlabeled", "usia_fase": null, "overlap_ratio": 0.0, "is_ground_truth": false }, "geometry": { "type": "Polygon", "coordinates": [ [ [ 110.677517195950614, -7.615821698451637 ], [ 110.677698516902183, -7.615821833360626 ], [ 110.677698584491438, -7.615731377619873 ], [ 110.678333207732123, -7.615731849208448 ], [ 110.678333275186617, -7.615641393458711 ], [ 110.678423935635465, -7.615641460751509 ], [ 110.678424340227679, -7.615098726262072 ], [ 110.67833367989563, -7.615098658978257 ], [ 110.678333814795636, -7.614917747478785 ], [ 110.677699192758681, -7.614917275944109 ], [ 110.67769912516944, -7.615007731684862 ], [ 110.677608464864321, -7.615007664248334 ], [ 110.67760805924803, -7.615550398701838 ], [ 110.67751739882614, -7.61555033123836 ], [ 110.677517195950614, -7.615821698451637 ] ] ] } },
{ "type": "Feature", "properties": { "cluster_id": 683829496, "count": 91, "area_m2": 9099.9999867015867, "area_ha": 0.90999999867015868, "kelas_sawah": "unlabeled", "varietas": "unlabeled", "usia_fase": null, "overlap_ratio": 0.0, "is_ground_truth": false }, "geometry": { "type": "Polygon", "coordinates": [ [ [ 110.677517804559216, -7.61500759679384 ], [ 110.67769912516944, -7.615007731684862 ], [ 110.677699192758681, -7.614917275944109 ], [ 110.678333814795636, -7.614917747478785 ], [ 110.678334084577685, -7.614555924479839 ], [ 110.678424744801944, -7.614555991763653 ], [ 110.678425081912721, -7.614103712997004 ], [ 110.67833442178727, -7.614103645722173 ], [ 110.678334489232782, -7.614013189963453 ], [ 110.677971848820832, -7.614012920666497 ], [ 110.677971781303441, -7.614103376416233 ], [ 110.677609140828608, -7.614103106804867 ], [ 110.677609073239367, -7.614193562554604 ], [ 110.677518413104934, -7.614193495100109 ], [ 110.677517804559216, -7.61500759679384 ] ] ] } },
{ "type": "Feature", "properties": { "cluster_id": -1679691021, "count": 69, "area_m2": 6900.0000468117651, "area_ha": 0.6900000046811765, "kelas_sawah": "unlabeled", "varietas": "unlabeled", "usia_fase": null, "overlap_ratio": 0.0, "is_ground_truth": false }, "geometry": { "type": "Polygon", "coordinates": [ [ [ 110.677519021578789, -7.613379393379429 ], [ 110.677609681542549, -7.613379460824941 ], [ 110.677609140828608, -7.614103106804867 ], [ 110.677971781303441, -7.614103376416233 ], [ 110.677971848820832, -7.614012920666497 ], [ 110.678334489232782, -7.614013189963453 ], [ 110.678335028725002, -7.613289543929628 ], [ 110.677519089186006, -7.613288937629693 ], [ 110.677519021578789, -7.613379393379429 ] ] ] } },
{ "type": "Feature", "properties": { "cluster_id": 2083955240, "count": 86, "area_m2": 8599.9999951160862, "area_ha": 0.85999999951160866, "kelas_sawah": "unlabeled", "varietas": "unlabeled", "usia_fase": null, "overlap_ratio": 0.0, "is_ground_truth": false }, "geometry": { "type": "Polygon", "coordinates": [ [ [ 110.677509277912236, -7.626405017254163 ], [ 110.677599940615849, -7.626405084816454 ], [ 110.677600008321875, -7.626314629120617 ], [ 110.678325309824999, -7.626315168909288 ], [ 110.678325580020271, -7.625953346098988 ], [ 110.678416242643038, -7.625953413481618 ], [ 110.678416580274828, -7.625501134957513 ], [ 110.677600617622176, -7.625500527849095 ], [ 110.677600549925131, -7.625590983544932 ], [ 110.677509887392205, -7.625590915991623 ], [ 110.677509277912236, -7.626405017254163 ] ] ] } },
{ "type": "Feature", "properties": { "cluster_id": 587087140, "count": 70, "area_m2": 6999.999980252469, "area_ha": 0.69999999802524693, "kelas_sawah": "unlabeled", "varietas": "unlabeled", "usia_fase": null, "overlap_ratio": 0.0, "is_ground_truth": false }, "geometry": { "type": "Polygon", "coordinates": [ [ [ 110.677510429094283, -7.624867270397973 ], [ 110.6776010914745, -7.624867337942299 ], [ 110.677600617622176, -7.625500527849095 ], [ 110.678416580274828, -7.625501134957513 ], [ 110.678416850371292, -7.625139312129247 ], [ 110.678326187928192, -7.625139244755601 ], [ 110.678326390543205, -7.624867877632155 ], [ 110.678417052932403, -7.624867945005802 ], [ 110.67841712044978, -7.624777489300981 ], [ 110.67751049680929, -7.624776814702135 ], [ 110.677510429094283, -7.624867270397973 ] ] ] } },
{ "type": "Feature", "properties": { "cluster_id": -961067643, "count": 91, "area_m2": 9099.9999541067518, "area_ha": 0.90999999541067522, "kelas_sawah": "unlabeled", "varietas": "unlabeled", "usia_fase": null, "overlap_ratio": 0.0, "is_ground_truth": false }, "geometry": { "type": "Polygon", "coordinates": [ [ [ 110.677511106154512, -7.623962713376714 ], [ 110.678327065887643, -7.623963320530048 ], [ 110.678327268475712, -7.62369195339762 ], [ 110.678417930613392, -7.623692020762283 ], [ 110.678418403154168, -7.623058830756672 ], [ 110.677874431127634, -7.623058426317164 ], [ 110.677874363511449, -7.623148882030968 ], [ 110.677511715436864, -7.623148612024344 ], [ 110.677511512345745, -7.623419979138806 ], [ 110.677602174429509, -7.623420046674148 ], [ 110.677602039071374, -7.623600958092774 ], [ 110.677511376951657, -7.62360089055743 ], [ 110.677511106154512, -7.623962713376714 ] ] ] } },
{ "type": "Feature", "properties": { "cluster_id": -778603921, "count": 85, "area_m2": 8500.0000060370076, "area_ha": 0.85000000060370073, "kelas_sawah": "unlabeled", "varietas": "unlabeled", "usia_fase": null, "overlap_ratio": 0.0, "is_ground_truth": false }, "geometry": { "type": "Polygon", "coordinates": [ [ [ 110.677519089186006, -7.613288937629693 ], [ 110.678335028725002, -7.613289543929628 ], [ 110.678335231016632, -7.613018176653468 ], [ 110.678425890908514, -7.6130182439283 ], [ 110.678426295365981, -7.612475509366998 ], [ 110.677701017138205, -7.61247497072817 ], [ 110.677700949575907, -7.612565426477907 ], [ 110.677519629989774, -7.612565291622817 ], [ 110.677519089186006, -7.613288937629693 ] ] ] } },
{ "type": "Feature", "properties": { "cluster_id": -1732868133, "count": 1, "area_m2": 99.999997343402498, "area_ha": 0.0099999997343402491, "kelas_sawah": "unlabeled", "varietas": "unlabeled", "usia_fase": null, "overlap_ratio": 0.0, "is_ground_truth": false }, "geometry": { "type": "Polygon", "coordinates": [ [ [ 110.678516887758462, -7.6125660323736 ], [ 110.678607547560517, -7.612566099603516 ], [ 110.678607614934165, -7.612475643844796 ], [ 110.678516955150073, -7.61247557661488 ], [ 110.678516887758462, -7.6125660323736 ] ] ] } },
{ "type": "Feature", "properties": { "cluster_id": 1694879603, "count": 83, "area_m2": 8299.9999676519656, "area_ha": 0.82999999676519653, "kelas_sawah": "unlabeled", "varietas": "unlabeled", "usia_fase": null, "overlap_ratio": 0.0, "is_ground_truth": false }, "geometry": { "type": "Polygon", "coordinates": [ [ [ 110.678328888910727, -7.621521016176493 ], [ 110.679144844080412, -7.621521621605061 ], [ 110.679145450083908, -7.620707520028112 ], [ 110.678873465530401, -7.62070731841023 ], [ 110.67887353291303, -7.620616862678459 ], [ 110.678601548431388, -7.620616660898881 ], [ 110.678601480985876, -7.620707116621667 ], [ 110.678420157959181, -7.620706982009122 ], [ 110.678420225440632, -7.620616526277352 ], [ 110.678329563949745, -7.620616458939638 ], [ 110.678329226434727, -7.621068737562557 ], [ 110.678419888024422, -7.621068804909254 ], [ 110.678419753052552, -7.621249716354828 ], [ 110.678329091426917, -7.621249649017114 ], [ 110.678328888910727, -7.621521016176493 ] ] ] } },
{ "type": "Feature", "properties": { "cluster_id": -2082454848, "count": 83, "area_m2": 8300.0000051199459, "area_ha": 0.83000000051199463, "kelas_sawah": "unlabeled", "varietas": "unlabeled", "usia_fase": null, "overlap_ratio": 0.0, "is_ground_truth": false }, "geometry": { "type": "Polygon", "coordinates": [ [ [ 110.678330711322943, -7.619078711553442 ], [ 110.678874678354845, -7.619079115211416 ], [ 110.678874745719511, -7.618988659470662 ], [ 110.67914672919504, -7.618988861043628 ], [ 110.679146998438085, -7.618627038080615 ], [ 110.67923765952473, -7.618627105229682 ], [ 110.679237794101354, -7.618446193739192 ], [ 110.679147133059615, -7.618446126590125 ], [ 110.679147267672164, -7.618265215108618 ], [ 110.678875284663761, -7.618265013562601 ], [ 110.678875352028427, -7.618174557821847 ], [ 110.678603369082907, -7.61817435610515 ], [ 110.678603301655357, -7.61826481183692 ], [ 110.678331318664917, -7.618264609949543 ], [ 110.678330711322943, -7.619078711553442 ] ] ] } },
{ "type": "Feature", "properties": { "cluster_id": 1701636115, "count": 84, "area_m2": 8399.9999920921982, "area_ha": 0.83999999920921986, "kelas_sawah": "unlabeled", "varietas": "unlabeled", "usia_fase": null, "overlap_ratio": 0.0, "is_ground_truth": false }, "geometry": { "type": "Polygon", "coordinates": [ [ [ 110.67832470182725, -7.62712927020776 ], [ 110.679140667624011, -7.627129876085486 ], [ 110.67914100455512, -7.626677597552399 ], [ 110.679231667330598, -7.626677664773331 ], [ 110.679231802050936, -7.626496753354707 ], [ 110.679141139320379, -7.626496686133774 ], [ 110.679141274076656, -7.62631577471515 ], [ 110.678959948687393, -7.626315640228368 ], [ 110.678960016105961, -7.626225184514564 ], [ 110.678778690743655, -7.626225049955918 ], [ 110.678778623289162, -7.626315505660739 ], [ 110.678325309824999, -7.626315168909288 ], [ 110.678325039611764, -7.626676991710605 ], [ 110.67841570237826, -7.626677059102218 ], [ 110.678415634842906, -7.626767514807039 ], [ 110.678324972058448, -7.626767447415426 ], [ 110.67832470182725, -7.62712927020776 ] ] ] } },
{ "type": "Feature", "properties": { "cluster_id": 730482938, "count": 74, "area_m2": 7400.0000091124093, "area_ha": 0.74000000091124096, "kelas_sawah": "unlabeled", "varietas": "unlabeled", "usia_fase": null, "overlap_ratio": 0.0, "is_ground_truth": false }, "geometry": { "type": "Polygon", "coordinates": [ [ [ 110.678333814795636, -7.614917747478785 ], [ 110.67914975747874, -7.614918352368364 ], [ 110.679149892028406, -7.614737440859908 ], [ 110.679240552297586, -7.614737507973043 ], [ 110.679240686802331, -7.614556596455603 ], [ 110.679150026578071, -7.614556529342469 ], [ 110.679150093852897, -7.614466073583749 ], [ 110.679240754059194, -7.614466140696884 ], [ 110.679240888563939, -7.614285229170461 ], [ 110.679150228393581, -7.614285162066309 ], [ 110.679150295668407, -7.61419470630759 ], [ 110.678968975363617, -7.614194572027421 ], [ 110.678969042674382, -7.614104116268702 ], [ 110.678787722414498, -7.61410398192565 ], [ 110.678787655076789, -7.614194437675387 ], [ 110.678425014494152, -7.61419416874674 ], [ 110.678424744801944, -7.614555991763653 ], [ 110.678334084577685, -7.614555924479839 ], [ 110.678333814795636, -7.614917747478785 ] ] ] } },
{ "type": "Feature", "properties": { "cluster_id": -1455595885, "count": 79, "area_m2": 7900.0000007683411, "area_ha": 0.79000000007683413, "kelas_sawah": "unlabeled", "varietas": "unlabeled", "usia_fase": null, "overlap_ratio": 0.0, "is_ground_truth": false }, "geometry": { "type": "Polygon", "coordinates": [ [ [ 110.678331318664917, -7.618264609949543 ], [ 110.678603301655357, -7.61826481183692 ], [ 110.678603369082907, -7.61817435610515 ], [ 110.678875352028427, -7.618174557821847 ], [ 110.678875284663761, -7.618265013562601 ], [ 110.679147267672164, -7.618265215108618 ], [ 110.679147536897261, -7.617903392136621 ], [ 110.679238197831182, -7.617903459276706 ], [ 110.679238534241279, -7.617451180545989 ], [ 110.679057212571038, -7.617451046256837 ], [ 110.679057279890799, -7.617360590507101 ], [ 110.678785297448329, -7.61736038892515 ], [ 110.678785230074681, -7.617450844665904 ], [ 110.678422586761172, -7.617450575620476 ], [ 110.678422114579703, -7.618083765787784 ], [ 110.678331453618824, -7.61808369847702 ], [ 110.678331318664917, -7.618264609949543 ] ] ] } },
{ "type": "Feature", "properties": { "cluster_id": -1013794053, "count": 85, "area_m2": 8499.9999878843664, "area_ha": 0.84999999878843668, "kelas_sawah": "unlabeled", "varietas": "unlabeled", "usia_fase": null, "overlap_ratio": 0.0, "is_ground_truth": false }, "geometry": { "type": "Polygon", "coordinates": [ [ [ 110.67824193996826, -7.616545883591414 ], [ 110.678332600596761, -7.616545950902178 ], [ 110.678332533133286, -7.616636406651915 ], [ 110.678423193797713, -7.616636473953696 ], [ 110.678423126352214, -7.616726929694449 ], [ 110.678513787025622, -7.616726996978263 ], [ 110.678513854453172, -7.616636541237511 ], [ 110.679148479068289, -7.616637011676241 ], [ 110.679148748230503, -7.616275188677295 ], [ 110.679239408823065, -7.616275255808397 ], [ 110.679239745161297, -7.615822977041747 ], [ 110.679058424173789, -7.615822842779544 ], [ 110.679058491484554, -7.615732387020825 ], [ 110.678786510066161, -7.615732185483791 ], [ 110.678786442710489, -7.615822641233527 ], [ 110.678423800762403, -7.615822372250982 ], [ 110.678423396125268, -7.616365106722452 ], [ 110.678332735523711, -7.616365039420671 ], [ 110.678332668060236, -7.616455495161424 ], [ 110.678242007449697, -7.616455427841677 ], [ 110.67824193996826, -7.616545883591414 ] ] ] } },
{ "type": "Feature", "properties": { "cluster_id": -1732868133, "count": 3, "area_m2": 299.99999518244294, "area_ha": 0.029999999518244294, "kelas_sawah": "unlabeled", "varietas": "unlabeled", "usia_fase": null, "overlap_ratio": 0.0, "is_ground_truth": false }, "geometry": { "type": "Polygon", "coordinates": [ [ [ 110.678788867173608, -7.612566234000465 ], [ 110.67906084658874, -7.612566435456651 ], [ 110.67906091386358, -7.612475979688949 ], [ 110.678788934502336, -7.612475778241746 ], [ 110.678788867173608, -7.612566234000465 ] ] ] } },
{ "type": "Feature", "properties": { "cluster_id": -1847475480, "count": 61, "area_m2": 6100.0000070538954, "area_ha": 0.61000000070538951, "kelas_sawah": "unlabeled", "varietas": "unlabeled", "usia_fase": null, "overlap_ratio": 0.0, "is_ground_truth": false }, "geometry": { "type": "Polygon", "coordinates": [ [ [ 110.678317535921309, -7.636717572116023 ], [ 110.679224184786491, -7.636718246077065 ], [ 110.679224589504472, -7.636175512072718 ], [ 110.679133924725761, -7.636175444761954 ], [ 110.679133992198217, -7.636084989093066 ], [ 110.678680668430374, -7.636084652287717 ], [ 110.67868060085911, -7.636175107956605 ], [ 110.678408606549894, -7.636174905638036 ], [ 110.678408336058183, -7.63653672828664 ], [ 110.678317671207594, -7.636536660805196 ], [ 110.678317535921309, -7.636717572116023 ] ] ] } },
{ "type": "Feature", "properties": { "cluster_id": 1460705874, "count": 81, "area_m2": 8100.0000249809818, "area_ha": 0.81000000249809823, "kelas_sawah": "unlabeled", "varietas": "unlabeled", "usia_fase": null, "overlap_ratio": 0.0, "is_ground_truth": false }, "geometry": { "type": "Polygon", "coordinates": [ [ [ 110.678317941780151, -7.636174838165576 ], [ 110.67868060085911, -7.636175107956605 ], [ 110.678680668430374, -7.636084652287717 ], [ 110.679224656958965, -7.636085056403831 ], [ 110.67922506164102, -7.635542322381518 ], [ 110.679134396997043, -7.635542255079737 ], [ 110.679134531924007, -7.635361343741961 ], [ 110.678409215122571, -7.635360804671942 ], [ 110.678409147506372, -7.635451260331847 ], [ 110.678318482889352, -7.635451192868369 ], [ 110.678317941780151, -7.636174838165576 ] ] ] } },
{ "type": "Feature", "properties": { "cluster_id": -207206592, "count": 82, "area_m2": 8200.0000650182483, "area_ha": 0.82000000650182481, "kelas_sawah": "unlabeled", "varietas": "unlabeled", "usia_fase": null, "overlap_ratio": 0.0, "is_ground_truth": false }, "geometry": { "type": "Polygon", "coordinates": [ [ [ 110.678318618157661, -7.635270281539576 ], [ 110.678409282738755, -7.635270349003053 ], [ 110.678409215122571, -7.635360804671942 ], [ 110.679134531924007, -7.635361343741961 ], [ 110.679134599387481, -7.635270888064089 ], [ 110.679225263977557, -7.63527095536587 ], [ 110.679225533741644, -7.634909132672351 ], [ 110.679134869232414, -7.634909065379553 ], [ 110.679135206513862, -7.634456787008163 ], [ 110.678772548863236, -7.634456517657308 ], [ 110.678772481336878, -7.634546973326196 ], [ 110.678409823623369, -7.634546703669914 ], [ 110.678409417962158, -7.63508943767426 ], [ 110.678318753425984, -7.635089370210783 ], [ 110.678318618157661, -7.635270281539576 ] ] ] } },
{ "type": "Feature", "properties": { "cluster_id": -131108995, "count": 73, "area_m2": 7300.0000143621583, "area_ha": 0.7300000014362158, "kelas_sawah": "unlabeled", "varietas": "unlabeled", "usia_fase": null, "overlap_ratio": 0.0, "is_ground_truth": false }, "geometry": { "type": "Polygon", "coordinates": [ [ [ 110.67831915920398, -7.634546636206436 ], [ 110.678772481336878, -7.634546973326196 ], [ 110.678772548863236, -7.634456517657308 ], [ 110.679135206513862, -7.634456787008163 ], [ 110.679135746122881, -7.633733141594175 ], [ 110.678410432061298, -7.633732602640937 ], [ 110.678410161650433, -7.634094425325473 ], [ 110.678319497320871, -7.634094357870978 ], [ 110.67831915920398, -7.634546636206436 ] ] ] } },
{ "type": "Feature", "properties": { "cluster_id": 307032909, "count": 88, "area_m2": 8800.0000173735316, "area_ha": 0.88000000173735315, "kelas_sawah": "unlabeled", "varietas": "unlabeled", "usia_fase": null, "overlap_ratio": 0.0, "is_ground_truth": false }, "geometry": { "type": "Polygon", "coordinates": [ [ [ 110.678319767812582, -7.633732535186442 ], [ 110.679226410380579, -7.63373320887799 ], [ 110.679226612663214, -7.633461841835392 ], [ 110.67931727686701, -7.633461909101241 ], [ 110.679317411686171, -7.633280997736515 ], [ 110.6792267475183, -7.63328093047965 ], [ 110.679227017210508, -7.632919107750198 ], [ 110.679136353114515, -7.632919040475366 ], [ 110.679136420560027, -7.632828584788512 ], [ 110.678773764283818, -7.632828315500539 ], [ 110.678773696766442, -7.63291877117841 ], [ 110.678501704514375, -7.632918569012555 ], [ 110.678501636943096, -7.633009024690427 ], [ 110.678410972838122, -7.633008957253899 ], [ 110.678410567257743, -7.63355169130316 ], [ 110.678319903044965, -7.633551623848666 ], [ 110.678319767812582, -7.633732535186442 ] ] ] } },
{ "type": "Feature", "properties": { "cluster_id": 1268932185, "count": 89, "area_m2": 8899.9999474108336, "area_ha": 0.88999999474108338, "kelas_sawah": "unlabeled", "varietas": "unlabeled", "usia_fase": null, "overlap_ratio": 0.0, "is_ground_truth": false }, "geometry": { "type": "Polygon", "coordinates": [ [ [ 110.678229779896469, -7.63282791099815 ], [ 110.678320443956537, -7.632827978461628 ], [ 110.678320376349319, -7.632918434139499 ], [ 110.678411040427363, -7.632918501585011 ], [ 110.678410972838122, -7.633008957253899 ], [ 110.678501636943096, -7.633009024690427 ], [ 110.678501704514375, -7.632918569012555 ], [ 110.678773696766442, -7.63291877117841 ], [ 110.678773764283818, -7.632828315500539 ], [ 110.679136420560027, -7.632828584788512 ], [ 110.67913689261573, -7.632195395007479 ], [ 110.679227556550032, -7.632195462282311 ], [ 110.679227623968586, -7.632105006595457 ], [ 110.679136960052247, -7.632104939329609 ], [ 110.679137027479797, -7.632014483642754 ], [ 110.678321052430391, -7.632013877378752 ], [ 110.678320511572721, -7.632737522783756 ], [ 110.678229847530616, -7.632737455320279 ], [ 110.678229779896469, -7.63282791099815 ] ] ] } },
{ "type": "Feature", "properties": { "cluster_id": -1854981505, "count": 68, "area_m2": 6799.9999921990093, "area_ha": 0.67999999921990095, "kelas_sawah": "unlabeled", "varietas": "unlabeled", "usia_fase": null, "overlap_ratio": 0.0, "is_ground_truth": false }, "geometry": { "type": "Polygon", "coordinates": [ [ [ 110.678321052430391, -7.632013877378752 ], [ 110.679137027479797, -7.632014483642754 ], [ 110.679137566909148, -7.631290838147918 ], [ 110.678321593234159, -7.631290231937815 ], [ 110.678321525635937, -7.631380687615686 ], [ 110.678412189390571, -7.631380755052215 ], [ 110.678411986649792, -7.631652122094811 ], [ 110.678321322832275, -7.631652054658283 ], [ 110.678321255234053, -7.631742510336155 ], [ 110.678411919069532, -7.631742577772683 ], [ 110.678411851489273, -7.631833033450555 ], [ 110.678321187635817, -7.631832966014026 ], [ 110.678321052430391, -7.632013877378752 ] ] ] } },
{ "type": "Feature", "properties": { "cluster_id": 198921010, "count": 79, "area_m2": 7899.9999831043533, "area_ha": 0.78999999831043533, "kelas_sawah": "unlabeled", "varietas": "unlabeled", "usia_fase": null, "overlap_ratio": 0.0, "is_ground_truth": false }, "geometry": { "type": "Polygon", "coordinates": [ [ [ 110.678230997104691, -7.631199708805449 ], [ 110.6783216608234, -7.631199776259943 ], [ 110.678321593234159, -7.631290231937815 ], [ 110.679137566909148, -7.631290838147918 ], [ 110.679138173712133, -7.630476736939277 ], [ 110.678412865139265, -7.630476198219601 ], [ 110.67841266242543, -7.630747565271182 ], [ 110.678321998796562, -7.630747497843637 ], [ 110.678321728421622, -7.631109320573088 ], [ 110.678231064720876, -7.631109253127577 ], [ 110.678230997104691, -7.631199708805449 ] ] ] } },
{ "type": "Feature", "properties": { "cluster_id": -1235662231, "count": 85, "area_m2": 8499.9999875616049, "area_ha": 0.8499999987561605, "kelas_sawah": "unlabeled", "varietas": "unlabeled", "usia_fase": null, "overlap_ratio": 0.0, "is_ground_truth": false }, "geometry": { "type": "Polygon", "coordinates": [ [ [ 110.678322201573266, -7.630476130792057 ], [ 110.679138173712133, -7.630476736939277 ], [ 110.67913884785284, -7.629572179998868 ], [ 110.678776194325479, -7.629571910827676 ], [ 110.678776126835047, -7.62966236651453 ], [ 110.67832280984949, -7.629662029619349 ], [ 110.678322201573266, -7.630476130792057 ] ] ] } },
{ "type": "Feature", "properties": { "cluster_id": 321933353, "count": 86, "area_m2": 8599.9999462658889, "area_ha": 0.85999999462658894, "kelas_sawah": "unlabeled", "varietas": "unlabeled", "usia_fase": null, "overlap_ratio": 0.0, "is_ground_truth": false }, "geometry": { "type": "Polygon", "coordinates": [ [ [ 110.67832280984949, -7.629662029619349 ], [ 110.678776126835047, -7.62966236651453 ], [ 110.678776194325479, -7.629571910827676 ], [ 110.67913884785284, -7.629572179998868 ], [ 110.679139117482165, -7.629210357215516 ], [ 110.679229780796632, -7.629210424454416 ], [ 110.679230050336145, -7.628848601662082 ], [ 110.679139387102524, -7.628848534423183 ], [ 110.679139454512097, -7.628758078727345 ], [ 110.678776801667453, -7.628757809583103 ], [ 110.678776734186016, -7.628848265278941 ], [ 110.678595407727769, -7.628848130585547 ], [ 110.678595475245146, -7.62875767488971 ], [ 110.678504812038469, -7.628757607525047 ], [ 110.67850474450313, -7.6288480632119 ], [ 110.678323418053864, -7.628847928410709 ], [ 110.67832280984949, -7.629662029619349 ] ] ] } },
{ "type": "Feature", "properties": { "cluster_id": -1302004557, "count": 91, "area_m2": 9100.0000210167491, "area_ha": 0.91000000210167487, "kelas_sawah": "unlabeled", "varietas": "unlabeled", "usia_fase": null, "overlap_ratio": 0.0, "is_ground_truth": false }, "geometry": { "type": "Polygon", "coordinates": [ [ [ 110.678324026195341, -7.62803382717512 ], [ 110.679139993707878, -7.628034433124712 ], [ 110.679140465458147, -7.627401243199949 ], [ 110.679231128386348, -7.627401310429865 ], [ 110.679231195751001, -7.627310854716061 ], [ 110.679140532849772, -7.627310787495128 ], [ 110.679140667624011, -7.627129876085486 ], [ 110.67832470182725, -7.62712927020776 ], [ 110.678324026195341, -7.62803382717512 ] ] ] } },
{ "type": "Feature", "properties": { "cluster_id": 487663060, "count": 78, "area_m2": 7800.0000171054853, "area_ha": 0.78000000171054851, "kelas_sawah": "unlabeled", "varietas": "unlabeled", "usia_fase": null, "overlap_ratio": 0.0, "is_ground_truth": false }, "geometry": { "type": "Polygon", "coordinates": [ [ [ 110.678325309824999, -7.626315168909288 ], [ 110.678778623289162, -7.626315505660739 ], [ 110.678778690743655, -7.626225049955918 ], [ 110.678960016105961, -7.626225184514564 ], [ 110.678959948687393, -7.626315640228368 ], [ 110.679141274076656, -7.62631577471515 ], [ 110.679141543598192, -7.6259539518779 ], [ 110.679232206220959, -7.62595401908985 ], [ 110.679232475643673, -7.625592196243617 ], [ 110.67914181309277, -7.625592129031667 ], [ 110.679141880466418, -7.625501673317864 ], [ 110.678416580274828, -7.625501134957513 ], [ 110.678416242643038, -7.625953413481618 ], [ 110.678325580020271, -7.625953346098988 ], [ 110.678325309824999, -7.626315168909288 ] ] ] } },
{ "type": "Feature", "properties": { "cluster_id": 573693888, "count": 72, "area_m2": 7199.9999786631088, "area_ha": 0.71999999786631086, "kelas_sawah": "unlabeled", "varietas": "unlabeled", "usia_fase": null, "overlap_ratio": 0.0, "is_ground_truth": false }, "geometry": { "type": "Polygon", "coordinates": [ [ [ 110.678326187928192, -7.625139244755601 ], [ 110.678416850371292, -7.625139312129247 ], [ 110.678416580274828, -7.625501134957513 ], [ 110.679141880466418, -7.625501673317864 ], [ 110.67914248679331, -7.624687571893627 ], [ 110.67868917502696, -7.624687235591335 ], [ 110.678689107563486, -7.624777691305138 ], [ 110.67841712044978, -7.624777489300981 ], [ 110.678417052932403, -7.624867945005802 ], [ 110.678326390543205, -7.624867877632155 ], [ 110.678326187928192, -7.625139244755601 ] ] ] } },
{ "type": "Feature", "properties": { "cluster_id": -1068998993, "count": 89, "area_m2": 8899.9999700926128, "area_ha": 0.88999999700926125, "kelas_sawah": "unlabeled", "varietas": "unlabeled", "usia_fase": null, "overlap_ratio": 0.0, "is_ground_truth": false }, "geometry": { "type": "Polygon", "coordinates": [ [ [ 110.678326458087525, -7.624777421918351 ], [ 110.678689107563486, -7.624777691305138 ], [ 110.67868917502696, -7.624687235591335 ], [ 110.67914248679331, -7.624687571893627 ], [ 110.679142688887296, -7.624416204743232 ], [ 110.679233351186667, -7.624416271946199 ], [ 110.679233687893202, -7.623963993350229 ], [ 110.679143025692639, -7.623963926156247 ], [ 110.679143093048324, -7.623873470433459 ], [ 110.678417795596602, -7.62387293218989 ], [ 110.678417728088206, -7.623963387903695 ], [ 110.678327065887643, -7.623963320530048 ], [ 110.678326458087525, -7.624777421918351 ] ] ] } },
{ "type": "Feature", "properties": { "cluster_id": 867882014, "count": 84, "area_m2": 8399.9999956521788, "area_ha": 0.83999999956521787, "kelas_sawah": "unlabeled", "varietas": "unlabeled", "usia_fase": null, "overlap_ratio": 0.0, "is_ground_truth": false }, "geometry": { "type": "Polygon", "coordinates": [ [ [ 110.67832774115125, -7.623058763400992 ], [ 110.678418403154168, -7.623058830756672 ], [ 110.678418335654769, -7.623149286470476 ], [ 110.679052969854908, -7.623149757457179 ], [ 110.679053037228556, -7.623059301734392 ], [ 110.679234361252369, -7.623059436131341 ], [ 110.67923483255349, -7.622426246053865 ], [ 110.679144170676324, -7.622426178877848 ], [ 110.679144238023014, -7.622335723146078 ], [ 110.678328281299244, -7.62233511766361 ], [ 110.678328146273472, -7.622516029100201 ], [ 110.67841880815962, -7.622516096455882 ], [ 110.678418673160806, -7.622697007892472 ], [ 110.678328011229738, -7.622696940536793 ], [ 110.67832774115125, -7.623058763400992 ] ] ] } },
{ "type": "Feature", "properties": { "cluster_id": -2051193232, "count": 85, "area_m2": 8500.000008669449, "area_ha": 0.85000000086694494, "kelas_sawah": "unlabeled", "varietas": "unlabeled", "usia_fase": null, "overlap_ratio": 0.0, "is_ground_truth": false }, "geometry": { "type": "Polygon", "coordinates": [ [ [ 110.678329563949745, -7.620616458939638 ], [ 110.678420225440632, -7.620616526277352 ], [ 110.678420157959181, -7.620706982009122 ], [ 110.678601480985876, -7.620707116621667 ], [ 110.678601548431388, -7.620616660898881 ], [ 110.67887353291303, -7.620616862678459 ], [ 110.678873465530401, -7.62070731841023 ], [ 110.679145450083908, -7.620707520028112 ], [ 110.67914565207009, -7.620436152823818 ], [ 110.679236313525053, -7.620436219990852 ], [ 110.679236717362684, -7.619893485573281 ], [ 110.679146056015526, -7.61989341841523 ], [ 110.679146123335272, -7.61980296268346 ], [ 110.678783478027498, -7.619802693853628 ], [ 110.678783410626906, -7.619893149585399 ], [ 110.678692749288729, -7.619893082337516 ], [ 110.678692816698316, -7.619802626605746 ], [ 110.678602155378101, -7.619802559330914 ], [ 110.67860208794157, -7.619893015062685 ], [ 110.678330103918071, -7.619892813121409 ], [ 110.678329968928239, -7.620073724584949 ], [ 110.678420630311322, -7.620073791913679 ], [ 110.678420427875977, -7.620345159100007 ], [ 110.678329766438992, -7.620345091762293 ], [ 110.678329563949745, -7.620616458939638 ] ] ] } },
{ "type": "Feature", "properties": { "cluster_id": 836339612, "count": 85, "area_m2": 8499.9999758397462, "area_ha": 0.8499999975839746, "kelas_sawah": "unlabeled", "varietas": "unlabeled", "usia_fase": null, "overlap_ratio": 0.0, "is_ground_truth": false }, "geometry": { "type": "Polygon", "coordinates": [ [ [ 110.678330103918071, -7.619892813121409 ], [ 110.67860208794157, -7.619893015062685 ], [ 110.678602155378101, -7.619802559330914 ], [ 110.678692816698316, -7.619802626605746 ], [ 110.678692749288729, -7.619893082337516 ], [ 110.678783410626906, -7.619893149585399 ], [ 110.678783478027498, -7.619802693853628 ], [ 110.679146123335272, -7.61980296268346 ], [ 110.679146257974764, -7.619622051210936 ], [ 110.679236919268021, -7.619622118368987 ], [ 110.679237323051765, -7.61907938393345 ], [ 110.679146661875293, -7.619079316775399 ], [ 110.67914672919504, -7.618988861043628 ], [ 110.678874745719511, -7.618988659470662 ], [ 110.678874678354845, -7.619079115211416 ], [ 110.678330711322943, -7.619078711553442 ], [ 110.678330103918071, -7.619892813121409 ] ] ] } },
{ "type": "Feature", "properties": { "cluster_id": -726412717, "count": 87, "area_m2": 8699.9999821509118, "area_ha": 0.86999999821509122, "kelas_sawah": "unlabeled", "varietas": "unlabeled", "usia_fase": null, "overlap_ratio": 0.0, "is_ground_truth": false }, "geometry": { "type": "Polygon", "coordinates": [ [ [ 110.67833314027763, -7.615822304949201 ], [ 110.678786442710489, -7.615822641233527 ], [ 110.678786510066161, -7.615732185483791 ], [ 110.679058491484554, -7.615732387020825 ], [ 110.679058424173789, -7.615822842779544 ], [ 110.679149084667543, -7.615822909919629 ], [ 110.679149219235171, -7.615641998411173 ], [ 110.679239879693, -7.615642065533291 ], [ 110.679240283261137, -7.615099330998938 ], [ 110.679149622920093, -7.615099263885804 ], [ 110.67914975747874, -7.614918352368364 ], [ 110.678333814795636, -7.614917747478785 ], [ 110.67833367989563, -7.615098658978257 ], [ 110.678424340227679, -7.615098726262072 ], [ 110.678423935635465, -7.615641460751509 ], [ 110.678333275186617, -7.615641393458711 ], [ 110.67833314027763, -7.615822304949201 ] ] ] } },
{ "type": "Feature", "properties": { "cluster_id": -645958486, "count": 86, "area_m2": 8600.0000252044993, "area_ha": 0.86000000252044995, "kelas_sawah": "unlabeled", "varietas": "unlabeled", "usia_fase": null, "overlap_ratio": 0.0, "is_ground_truth": false }, "geometry": { "type": "Polygon", "coordinates": [ [ [ 110.67833442178727, -7.614103645722173 ], [ 110.678425081912721, -7.614103712997004 ], [ 110.678425014494152, -7.61419416874674 ], [ 110.678787655076789, -7.614194437675387 ], [ 110.678787722414498, -7.61410398192565 ], [ 110.678969042674382, -7.614104116268702 ], [ 110.678968975363617, -7.614194572027421 ], [ 110.679150295668407, -7.61419470630759 ], [ 110.679150632006639, -7.613742427505008 ], [ 110.679241292060212, -7.613742494609159 ], [ 110.679241561042758, -7.613380671556314 ], [ 110.67915090106105, -7.613380604452162 ], [ 110.679150968326894, -7.613290148693443 ], [ 110.678788328489858, -7.613289880097173 ], [ 110.67878826115215, -7.613380335855893 ], [ 110.678334961288485, -7.613379999679363 ], [ 110.67833442178727, -7.614103645722173 ] ] ] } },
{ "type": "Feature", "properties": { "cluster_id": -1755525824, "count": 76, "area_m2": 7599.9999985555769, "area_ha": 0.75999999985555766, "kelas_sawah": "unlabeled", "varietas": "unlabeled", "usia_fase": null, "overlap_ratio": 0.0, "is_ground_truth": false }, "geometry": { "type": "Polygon", "coordinates": [ [ [ 110.678334961288485, -7.613379999679363 ], [ 110.67878826115215, -7.613380335855893 ], [ 110.678788328489858, -7.613289880097173 ], [ 110.679060308363148, -7.613290081571325 ], [ 110.679060375646955, -7.613199625803622 ], [ 110.679151035583757, -7.61319969292574 ], [ 110.67915137188605, -7.612747414105192 ], [ 110.679242031724044, -7.61274748120036 ], [ 110.679242098962931, -7.612657025432657 ], [ 110.679151439133932, -7.612656958337489 ], [ 110.679151573647658, -7.612476046802083 ], [ 110.67906091386358, -7.612475979688949 ], [ 110.67906084658874, -7.612566435456651 ], [ 110.678788867173608, -7.612566234000465 ], [ 110.678788934502336, -7.612475778241746 ], [ 110.678607614934165, -7.612475643844796 ], [ 110.678607547560517, -7.612566099603516 ], [ 110.678516887758462, -7.6125660323736 ], [ 110.678516955150073, -7.61247557661488 ], [ 110.678426295365981, -7.612475509366998 ], [ 110.678425890908514, -7.6130182439283 ], [ 110.678335231016632, -7.613018176653468 ], [ 110.678334961288485, -7.613379999679363 ] ] ] } },
{ "type": "Feature", "properties": { "cluster_id": -1950484137, "count": 77, "area_m2": 7699.9999981737346, "area_ha": 0.76999999981737344, "kelas_sawah": "unlabeled", "varietas": "unlabeled", "usia_fase": null, "overlap_ratio": 0.0, "is_ground_truth": false }, "geometry": { "type": "Polygon", "coordinates": [ [ [ 110.678323418053864, -7.628847928410709 ], [ 110.67850474450313, -7.6288480632119 ], [ 110.678504812038469, -7.628757607525047 ], [ 110.678595475245146, -7.62875767488971 ], [ 110.678595407727769, -7.628848130585547 ], [ 110.678776734186016, -7.628848265278941 ], [ 110.678776801667453, -7.628757809583103 ], [ 110.679230117718774, -7.628758145966244 ], [ 110.679230656761831, -7.628034500354627 ], [ 110.678414689249294, -7.628033894575715 ], [ 110.678414216385107, -7.628667084437596 ], [ 110.678323553196407, -7.628667017028017 ], [ 110.678323418053864, -7.628847928410709 ] ] ] } },
{ "type": "Feature", "properties": { "cluster_id": -1419537473, "count": 74, "area_m2": 7400.000060336024, "area_ha": 0.74000000603360239, "kelas_sawah": "unlabeled", "varietas": "unlabeled", "usia_fase": null, "overlap_ratio": 0.0, "is_ground_truth": false }, "geometry": { "type": "Polygon", "coordinates": [ [ [ 110.678327065887643, -7.623963320530048 ], [ 110.678417728088206, -7.623963387903695 ], [ 110.678417795596602, -7.62387293218989 ], [ 110.679143093048324, -7.623873470433459 ], [ 110.679143295124348, -7.623602103274081 ], [ 110.679233957253032, -7.623602170468065 ], [ 110.679234361252369, -7.623059436131341 ], [ 110.679053037228556, -7.623059301734392 ], [ 110.679052969854908, -7.623149757457179 ], [ 110.678418335654769, -7.623149286470476 ], [ 110.678417930613392, -7.623692020762283 ], [ 110.678327268475712, -7.62369195339762 ], [ 110.678327065887643, -7.623963320530048 ] ] ] } },
{ "type": "Feature", "properties": { "cluster_id": -1656453355, "count": 86, "area_m2": 8600.0000003611785, "area_ha": 0.86000000003611787, "kelas_sawah": "unlabeled", "varietas": "unlabeled", "usia_fase": null, "overlap_ratio": 0.0, "is_ground_truth": false }, "geometry": { "type": "Polygon", "coordinates": [ [ [ 110.678237686984374, -7.62224459457616 ], [ 110.678328348816621, -7.622244661940823 ], [ 110.678328281299244, -7.62233511766361 ], [ 110.679234899882218, -7.622335790331078 ], [ 110.67923550577791, -7.621521688781078 ], [ 110.678419550590249, -7.62152108352319 ], [ 110.678419213138113, -7.621973362137125 ], [ 110.678328551359769, -7.621973294781445 ], [ 110.678328416333997, -7.62215420622702 ], [ 110.678237754519714, -7.622154138853372 ], [ 110.678237686984374, -7.62224459457616 ] ] ] } },
{ "type": "Feature", "properties": { "cluster_id": 1777383287, "count": 77, "area_m2": 7699.9999503933941, "area_ha": 0.76999999503933936, "kelas_sawah": "unlabeled", "varietas": "unlabeled", "usia_fase": null, "overlap_ratio": 0.0, "is_ground_truth": false }, "geometry": { "type": "Polygon", "coordinates": [ [ [ 110.678422586761172, -7.617450575620476 ], [ 110.678785230074681, -7.617450844665904 ], [ 110.678785297448329, -7.61736038892515 ], [ 110.679057279890799, -7.617360590507101 ], [ 110.679057212571038, -7.617451046256837 ], [ 110.679238534241279, -7.617451180545989 ], [ 110.679239139732729, -7.616637078807343 ], [ 110.678513854453172, -7.616636541237511 ], [ 110.678513787025622, -7.616726996978263 ], [ 110.678423126352214, -7.616726929694449 ], [ 110.678422586761172, -7.617450575620476 ] ] ] } },
{ "type": "Feature", "properties": { "cluster_id": -356638501, "count": 70, "area_m2": 6999.999958339904, "area_ha": 0.69999999583399042, "kelas_sawah": "unlabeled", "varietas": "unlabeled", "usia_fase": null, "overlap_ratio": 0.0, "is_ground_truth": false }, "geometry": { "type": "Polygon", "coordinates": [ [ [ 110.679226410380579, -7.63373320887799 ], [ 110.679317074647258, -7.633733276143838 ], [ 110.679317142056831, -7.633642820456983 ], [ 110.679951791779871, -7.633643290769951 ], [ 110.679951993595381, -7.633371923709388 ], [ 110.680042657790196, -7.633371990822522 ], [ 110.680042994047568, -7.632919712379266 ], [ 110.679680337672551, -7.632919443845879 ], [ 110.679680404992297, -7.632828988159024 ], [ 110.679499076845218, -7.63282885378004 ], [ 110.679499009480551, -7.632919309466895 ], [ 110.679227017210508, -7.632919107750198 ], [ 110.6792267475183, -7.63328093047965 ], [ 110.679317411686171, -7.633280997736515 ], [ 110.67931727686701, -7.633461909101241 ], [ 110.679226612663214, -7.633461841835392 ], [ 110.679226410380579, -7.63373320887799 ] ] ] } },
{ "type": "Feature", "properties": { "cluster_id": -849536193, "count": 77, "area_m2": 7699.9999690111144, "area_ha": 0.76999999690111143, "kelas_sawah": "unlabeled", "varietas": "unlabeled", "usia_fase": null, "overlap_ratio": 0.0, "is_ground_truth": false }, "geometry": { "type": "Polygon", "coordinates": [ [ [ 110.679234899882218, -7.622335790331078 ], [ 110.679869532932514, -7.622336260069123 ], [ 110.679869600126494, -7.622245804337354 ], [ 110.679960261976717, -7.62224587136964 ], [ 110.679960329152735, -7.622155415637869 ], [ 110.680050990975985, -7.622155482643207 ], [ 110.680051259581248, -7.621793659698159 ], [ 110.679960597829847, -7.621793592692822 ], [ 110.679960799330942, -7.621522225488528 ], [ 110.679688814238446, -7.621522024364719 ], [ 110.679688881459384, -7.621431568632949 ], [ 110.679507558109307, -7.621431434451595 ], [ 110.679507490852444, -7.621521890183365 ], [ 110.67923550577791, -7.621521688781078 ], [ 110.679234899882218, -7.622335790331078 ] ] ] } },
{ "type": "Feature", "properties": { "cluster_id": 98645565, "count": 89, "area_m2": 8899.9999788813875, "area_ha": 0.88999999788813877, "kelas_sawah": "unlabeled", "varietas": "unlabeled", "usia_fase": null, "overlap_ratio": 0.0, "is_ground_truth": false }, "geometry": { "type": "Polygon", "coordinates": [ [ [ 110.679146661875293, -7.619079316775399 ], [ 110.679962612499494, -7.619079920470219 ], [ 110.679962679639587, -7.618989464720483 ], [ 110.680053340807078, -7.61898953169887 ], [ 110.680053877766056, -7.618265885709961 ], [ 110.67969123372491, -7.618265617697595 ], [ 110.67969130091889, -7.618175161947859 ], [ 110.679509978934249, -7.618175027829387 ], [ 110.679509911704329, -7.618265483579123 ], [ 110.679147267672164, -7.618265215108618 ], [ 110.679147133059615, -7.618446126590125 ], [ 110.679237794101354, -7.618446193739192 ], [ 110.67923765952473, -7.618627105229682 ], [ 110.679146998438085, -7.618627038080615 ], [ 110.679146661875293, -7.619079316775399 ] ] ] } },
{ "type": "Feature", "properties": { "cluster_id": 752672878, "count": 79, "area_m2": 7900.0000413737143, "area_ha": 0.79000000413737148, "kelas_sawah": "unlabeled", "varietas": "unlabeled", "usia_fase": null, "overlap_ratio": 0.0, "is_ground_truth": false }, "geometry": { "type": "Polygon", "coordinates": [ [ [ 110.679139387102524, -7.628848534423183 ], [ 110.679955356223047, -7.628849138899538 ], [ 110.679955961283312, -7.628035037529201 ], [ 110.679865298211382, -7.628034970451998 ], [ 110.679865365459264, -7.627944514738195 ], [ 110.679321387180451, -7.627944111861756 ], [ 110.67932131982478, -7.628034567566576 ], [ 110.679230656761831, -7.628034500354627 ], [ 110.679230117718774, -7.628758145966244 ], [ 110.679139454512097, -7.628758078727345 ], [ 110.679139387102524, -7.628848534423183 ] ] ] } },
{ "type": "Feature", "properties": { "cluster_id": -1860990491, "count": 88, "area_m2": 8799.9999174984987, "area_ha": 0.87999999174984989, "kelas_sawah": "unlabeled", "varietas": "unlabeled", "usia_fase": null, "overlap_ratio": 0.0, "is_ground_truth": false }, "geometry": { "type": "Polygon", "coordinates": [ [ [ 110.679139993707878, -7.628034433124712 ], [ 110.67932131982478, -7.628034567566576 ], [ 110.679321387180451, -7.627944111861756 ], [ 110.679956028504236, -7.627944581815397 ], [ 110.679956499050775, -7.627311391845718 ], [ 110.680047161969981, -7.627311458895972 ], [ 110.680047229163961, -7.627221003182167 ], [ 110.679956566271699, -7.627220936131915 ], [ 110.679956633483656, -7.627130480418111 ], [ 110.679865970609356, -7.627130413349891 ], [ 110.679866037848257, -7.627039957636088 ], [ 110.679775374991934, -7.627039890540919 ], [ 110.679775307735071, -7.627130346254723 ], [ 110.679593981986486, -7.62713021201947 ], [ 110.679594049279288, -7.627039756305666 ], [ 110.679231397862964, -7.627039487601598 ], [ 110.679231330489316, -7.627129943306419 ], [ 110.679140667624011, -7.627129876085486 ], [ 110.679140532849772, -7.627310787495128 ], [ 110.679231195751001, -7.627310854716061 ], [ 110.679231128386348, -7.627401310429865 ], [ 110.679140465458147, -7.627401243199949 ], [ 110.679139993707878, -7.628034433124712 ] ] ] } },
{ "type": "Feature", "properties": { "cluster_id": -563781777, "count": 75, "area_m2": 7499.9999603326432, "area_ha": 0.74999999603326428, "kelas_sawah": "unlabeled", "varietas": "unlabeled", "usia_fase": null, "overlap_ratio": 0.0, "is_ground_truth": false }, "geometry": { "type": "Polygon", "coordinates": [ [ [ 110.679141206703008, -7.626406230428953 ], [ 110.679322532137178, -7.626406364843869 ], [ 110.679322599474901, -7.626315909130065 ], [ 110.679503924882127, -7.626316043473116 ], [ 110.679503857580343, -7.62640649918692 ], [ 110.679594520301919, -7.626406566327004 ], [ 110.679594587585726, -7.6263161106132 ], [ 110.679957238400178, -7.626316378984892 ], [ 110.679957776050856, -7.625592733247511 ], [ 110.679867113490985, -7.625592666188274 ], [ 110.679867180711909, -7.625502210465488 ], [ 110.67950453058917, -7.625501942048881 ], [ 110.679504463287387, -7.625592397762684 ], [ 110.679232475643673, -7.625592196243617 ], [ 110.679232206220959, -7.62595401908985 ], [ 110.679141543598192, -7.6259539518779 ], [ 110.679141206703008, -7.626406230428953 ] ] ] } },
{ "type": "Feature", "properties": { "cluster_id": 257338718, "count": 62, "area_m2": 6200.000009033829, "area_ha": 0.62000000090338292, "kelas_sawah": "unlabeled", "varietas": "unlabeled", "usia_fase": null, "overlap_ratio": 0.0, "is_ground_truth": false }, "geometry": { "type": "Polygon", "coordinates": [ [ [ 110.679133924725761, -7.636175444761954 ], [ 110.679224589504472, -7.636175512072718 ], [ 110.679224184786491, -7.636718246077065 ], [ 110.680040168828029, -7.636718851002577 ], [ 110.68004023611185, -7.636628395333688 ], [ 110.679949571234317, -7.636628328193605 ], [ 110.679949638536101, -7.636537872524716 ], [ 110.680040303395657, -7.636537939655818 ], [ 110.680040572521932, -7.636176116953315 ], [ 110.679949907743222, -7.636176049822214 ], [ 110.67994997503601, -7.636085594144342 ], [ 110.679133992198217, -7.636084989093066 ], [ 110.679133924725761, -7.636175444761954 ] ] ] } },
{ "type": "Feature", "properties": { "cluster_id": -1294578222, "count": 85, "area_m2": 8499.9999985689647, "area_ha": 0.84999999985689645, "kelas_sawah": "unlabeled", "varietas": "unlabeled", "usia_fase": null, "overlap_ratio": 0.0, "is_ground_truth": false }, "geometry": { "type": "Polygon", "coordinates": [ [ [ 110.679134396997043, -7.635542255079737 ], [ 110.67922506164102, -7.635542322381518 ], [ 110.679224656958965, -7.636085056403831 ], [ 110.67994997503601, -7.636085594144342 ], [ 110.67995031151797, -7.635633315763969 ], [ 110.680040976188891, -7.63563338289507 ], [ 110.680041245279241, -7.635271560183584 ], [ 110.679950580680185, -7.635271493052484 ], [ 110.679950647972973, -7.635181037374612 ], [ 110.679587989684549, -7.63518076868851 ], [ 110.679587922319882, -7.635271224357399 ], [ 110.679406593148727, -7.635271089897567 ], [ 110.679406660549319, -7.635180634228679 ], [ 110.679225331414088, -7.635180499687999 ], [ 110.679225263977557, -7.63527095536587 ], [ 110.679134599387481, -7.635270888064089 ], [ 110.679134396997043, -7.635542255079737 ] ] ] } },
{ "type": "Feature", "properties": { "cluster_id": -198325476, "count": 77, "area_m2": 7699.9999441186083, "area_ha": 0.76999999441186084, "kelas_sawah": "unlabeled", "varietas": "unlabeled", "usia_fase": null, "overlap_ratio": 0.0, "is_ground_truth": false }, "geometry": { "type": "Polygon", "coordinates": [ [ [ 110.679134869232414, -7.634909065379553 ], [ 110.679225533741644, -7.634909132672351 ], [ 110.679225331414088, -7.635180499687999 ], [ 110.679406660549319, -7.635180634228679 ], [ 110.679406593148727, -7.635271089897567 ], [ 110.679587922319882, -7.635271224357399 ], [ 110.679587989684549, -7.63518076868851 ], [ 110.679950647972973, -7.635181037374612 ], [ 110.679950849842385, -7.634909670332015 ], [ 110.680041514351615, -7.634909737454133 ], [ 110.680041850680851, -7.63445745904681 ], [ 110.679951186261462, -7.634457391924692 ], [ 110.679951253545283, -7.634366936246821 ], [ 110.679860589143857, -7.634366869106736 ], [ 110.679860521842073, -7.634457324793591 ], [ 110.679135206513862, -7.634456787008163 ], [ 110.679134869232414, -7.634909065379553 ] ] ] } },
{ "type": "Feature", "properties": { "cluster_id": 1910490937, "count": 83, "area_m2": 8300.000025346817, "area_ha": 0.83000000253468165, "kelas_sawah": "unlabeled", "varietas": "unlabeled", "usia_fase": null, "overlap_ratio": 0.0, "is_ground_truth": false }, "geometry": { "type": "Polygon", "coordinates": [ [ [ 110.679135206513862, -7.634456787008163 ], [ 110.679860521842073, -7.634457324793591 ], [ 110.679860589143857, -7.634366869106736 ], [ 110.679951253545283, -7.634366936246821 ], [ 110.679951388112912, -7.634186024882094 ], [ 110.680042052469418, -7.63418609199523 ], [ 110.68004238877171, -7.63373381356994 ], [ 110.679951724505031, -7.633733746456805 ], [ 110.679951791779871, -7.633643290769951 ], [ 110.679317142056831, -7.633642820456983 ], [ 110.679317074647258, -7.633733276143838 ], [ 110.679135746122881, -7.633733141594175 ], [ 110.679135206513862, -7.634456787008163 ] ] ] } },
{ "type": "Feature", "properties": { "cluster_id": -185316744, "count": 82, "area_m2": 8200.0000114899012, "area_ha": 0.82000000114899008, "kelas_sawah": "unlabeled", "varietas": "unlabeled", "usia_fase": null, "overlap_ratio": 0.0, "is_ground_truth": false }, "geometry": { "type": "Polygon", "coordinates": [ [ [ 110.679136353114515, -7.632919040475366 ], [ 110.679499009480551, -7.632919309466895 ], [ 110.679499076845218, -7.63282885378004 ], [ 110.679680404992297, -7.632828988159024 ], [ 110.679680337672551, -7.632919443845879 ], [ 110.679952329951561, -7.632919645275114 ], [ 110.679952599023949, -7.632557822518713 ], [ 110.680043263048077, -7.632557889613882 ], [ 110.680043330286978, -7.632467433927028 ], [ 110.679952666289793, -7.632467366822875 ], [ 110.679953002601067, -7.632015088370637 ], [ 110.67968101088799, -7.632014886959367 ], [ 110.679680943568243, -7.632105342655205 ], [ 110.679227623968586, -7.632105006595457 ], [ 110.679227556550032, -7.632195462282311 ], [ 110.67913689261573, -7.632195395007479 ], [ 110.679136353114515, -7.632919040475366 ] ] ] } },
{ "type": "Feature", "properties": { "cluster_id": 31468740, "count": 86, "area_m2": 8600.0000281847315, "area_ha": 0.86000000281847311, "kelas_sawah": "unlabeled", "varietas": "unlabeled", "usia_fase": null, "overlap_ratio": 0.0, "is_ground_truth": false }, "geometry": { "type": "Polygon", "coordinates": [ [ [ 110.679136960052247, -7.632104939329609 ], [ 110.679680943568243, -7.632105342655205 ], [ 110.67968101088799, -7.632014886959367 ], [ 110.679953002601067, -7.632015088370637 ], [ 110.679953271637515, -7.631653265596269 ], [ 110.680043935473009, -7.631653332691438 ], [ 110.680044204419616, -7.631291509908087 ], [ 110.679953540664968, -7.631291442812919 ], [ 110.679953607912864, -7.631200987117081 ], [ 110.679590952984128, -7.63120071857471 ], [ 110.679590885655401, -7.631291174261564 ], [ 110.679137566909148, -7.631290838147918 ], [ 110.679136960052247, -7.632104939329609 ] ] ] } },
{ "type": "Feature", "properties": { "cluster_id": 1834157772, "count": 81, "area_m2": 8099.9999850447057, "area_ha": 0.80999999850447058, "kelas_sawah": "unlabeled", "varietas": "unlabeled", "usia_fase": null, "overlap_ratio": 0.0, "is_ground_truth": false }, "geometry": { "type": "Polygon", "coordinates": [ [ [ 110.679137566909148, -7.631290838147918 ], [ 110.679590885655401, -7.631291174261564 ], [ 110.679590952984128, -7.63120071857471 ], [ 110.680044271649535, -7.63120105421225 ], [ 110.68004454057818, -7.630839231419916 ], [ 110.679953876922355, -7.630839164333731 ], [ 110.679954145913882, -7.630477341541397 ], [ 110.679138173712133, -7.630476736939277 ], [ 110.679137566909148, -7.631290838147918 ] ] ] } },
{ "type": "Feature", "properties": { "cluster_id": -55193691, "count": 91, "area_m2": 9100.0000209594145, "area_ha": 0.91000000209594145, "kelas_sawah": "unlabeled", "varietas": "unlabeled", "usia_fase": null, "overlap_ratio": 0.0, "is_ground_truth": false }, "geometry": { "type": "Polygon", "coordinates": [ [ [ 110.679138173712133, -7.630476736939277 ], [ 110.679954145913882, -7.630477341541397 ], [ 110.679954347657528, -7.6302059744449 ], [ 110.680045011178606, -7.630206041522102 ], [ 110.680045414513188, -7.629663307311144 ], [ 110.679954751108895, -7.629663240233942 ], [ 110.679954818347781, -7.629572784529121 ], [ 110.679592164784495, -7.629572516040649 ], [ 110.679592097464749, -7.629662971736487 ], [ 110.679138780443253, -7.629662635694705 ], [ 110.679138173712133, -7.630476736939277 ] ] ] } },
{ "type": "Feature", "properties": { "cluster_id": -892997258, "count": 71, "area_m2": 7099.9999869274325, "area_ha": 0.70999999869274322, "kelas_sawah": "unlabeled", "varietas": "unlabeled", "usia_fase": null, "overlap_ratio": 0.0, "is_ground_truth": false }, "geometry": { "type": "Polygon", "coordinates": [ [ [ 110.679140667624011, -7.627129876085486 ], [ 110.679231330489316, -7.627129943306419 ], [ 110.679231397862964, -7.627039487601598 ], [ 110.679594049279288, -7.627039756305666 ], [ 110.679593981986486, -7.62713021201947 ], [ 110.679775307735071, -7.627130346254723 ], [ 110.679775374991934, -7.627039890540919 ], [ 110.679956700704579, -7.627040024704306 ], [ 110.679957036773317, -7.626587746135287 ], [ 110.680047699530817, -7.626587813185539 ], [ 110.680047766724812, -7.626497357462752 ], [ 110.679957103985259, -7.626497290421483 ], [ 110.679957238400178, -7.626316378984892 ], [ 110.679594587585726, -7.6263161106132 ], [ 110.679594520301919, -7.626406566327004 ], [ 110.679503857580343, -7.62640649918692 ], [ 110.679503924882127, -7.626316043473116 ], [ 110.679322599474901, -7.626315909130065 ], [ 110.679322532137178, -7.626406364843869 ], [ 110.679141206703008, -7.626406230428953 ], [ 110.679141139320379, -7.626496686133774 ], [ 110.679231802050936, -7.626496753354707 ], [ 110.679231667330598, -7.626677664773331 ], [ 110.67914100455512, -7.626677597552399 ], [ 110.679140667624011, -7.627129876085486 ] ] ] } },
{ "type": "Feature", "properties": { "cluster_id": -469336297, "count": 85, "area_m2": 8500.0000156296301, "area_ha": 0.85000000156296296, "kelas_sawah": "unlabeled", "varietas": "unlabeled", "usia_fase": null, "overlap_ratio": 0.0, "is_ground_truth": false }, "geometry": { "type": "Polygon", "coordinates": [ [ [ 110.67914181309277, -7.625592129031667 ], [ 110.679504463287387, -7.625592397762684 ], [ 110.67950453058917, -7.625501942048881 ], [ 110.679867180711909, -7.625502210465488 ], [ 110.679867247932847, -7.6254117547427 ], [ 110.679957910447811, -7.625411821801936 ], [ 110.67995824644467, -7.624959543196984 ], [ 110.680048908869807, -7.62495961022927 ], [ 110.680049043221842, -7.624778698783696 ], [ 110.679958380832645, -7.624778631751409 ], [ 110.679958448035606, -7.624688176028623 ], [ 110.679233149146569, -7.624687639096594 ], [ 110.679233081799879, -7.624778094810398 ], [ 110.679142419428644, -7.624778027607431 ], [ 110.67914181309277, -7.625592129031667 ] ] ] } },
{ "type": "Feature", "properties": { "cluster_id": 2010234270, "count": 73, "area_m2": 7300.0000143126817, "area_ha": 0.7300000014312682, "kelas_sawah": "unlabeled", "varietas": "unlabeled", "usia_fase": null, "overlap_ratio": 0.0, "is_ground_truth": false }, "geometry": { "type": "Polygon", "coordinates": [ [ [ 110.679143025692639, -7.623963926156247 ], [ 110.679233687893202, -7.623963993350229 ], [ 110.679233755230911, -7.623873537627443 ], [ 110.679596403988214, -7.623873806223712 ], [ 110.679596336722369, -7.623964261946499 ], [ 110.679958985560518, -7.623964530237342 ], [ 110.679959254300528, -7.623602707328227 ], [ 110.680049916438193, -7.62360277435153 ], [ 110.68004998360523, -7.623512318619761 ], [ 110.679959321485526, -7.623512251596457 ], [ 110.679959590216541, -7.623150428678359 ], [ 110.679234293923642, -7.623149891854129 ], [ 110.679233957253032, -7.623602170468065 ], [ 110.679143295124348, -7.623602103274081 ], [ 110.679143025692639, -7.623963926156247 ] ] ] } },
{ "type": "Feature", "properties": { "cluster_id": 860370335, "count": 78, "area_m2": 7800.0000101004844, "area_ha": 0.7800000010100484, "kelas_sawah": "unlabeled", "varietas": "unlabeled", "usia_fase": null, "overlap_ratio": 0.0, "is_ground_truth": false }, "geometry": { "type": "Polygon", "coordinates": [ [ [ 110.679144170676324, -7.622426178877848 ], [ 110.67923483255349, -7.622426246053865 ], [ 110.679234293923642, -7.623149891854129 ], [ 110.679959590216541, -7.623150428678359 ], [ 110.679959657392558, -7.623059972955572 ], [ 110.680050319413454, -7.623060039969892 ], [ 110.680050453738531, -7.622879128506352 ], [ 110.679959791753575, -7.622879061492031 ], [ 110.67995992610561, -7.622698150028491 ], [ 110.680050588054641, -7.622698217042811 ], [ 110.680050655212682, -7.622607761311041 ], [ 110.679959993281628, -7.622607694296721 ], [ 110.679960060457645, -7.62251723856495 ], [ 110.680050722361756, -7.622517305579271 ], [ 110.680050789519811, -7.622426849847501 ], [ 110.679960127633663, -7.62242678283318 ], [ 110.679960261976717, -7.62224587136964 ], [ 110.679869600126494, -7.622245804337354 ], [ 110.679869532932514, -7.622336260069123 ], [ 110.679144238023014, -7.622335723146078 ], [ 110.679144170676324, -7.622426178877848 ] ] ] } },
{ "type": "Feature", "properties": { "cluster_id": 144982877, "count": 86, "area_m2": 8599.9999700361514, "area_ha": 0.85999999700361518, "kelas_sawah": "unlabeled", "varietas": "unlabeled", "usia_fase": null, "overlap_ratio": 0.0, "is_ground_truth": false }, "geometry": { "type": "Polygon", "coordinates": [ [ [ 110.679144844080412, -7.621521621605061 ], [ 110.679507490852444, -7.621521890183365 ], [ 110.679507558109307, -7.621431434451595 ], [ 110.679688881459384, -7.621431568632949 ], [ 110.679688814238446, -7.621522024364719 ], [ 110.679960799330942, -7.621522225488528 ], [ 110.679960866488997, -7.621431769747774 ], [ 110.680051528168534, -7.621431836753112 ], [ 110.680051729606745, -7.621160469539834 ], [ 110.679961067981111, -7.621160402543481 ], [ 110.679961135148147, -7.621069946802727 ], [ 110.680051796746838, -7.621070013799081 ], [ 110.680052065307166, -7.62070819084505 ], [ 110.679961403789335, -7.620708123848696 ], [ 110.679961470938409, -7.620617668107943 ], [ 110.679780147929677, -7.620617534061337 ], [ 110.679780080735696, -7.620707989793106 ], [ 110.67932677311957, -7.620707654344213 ], [ 110.679326705826767, -7.620798110075984 ], [ 110.679145382755166, -7.620797975759882 ], [ 110.679144844080412, -7.621521621605061 ] ] ] } },
{ "type": "Feature", "properties": { "cluster_id": -1809756781, "count": 79, "area_m2": 7900.0000130871194, "area_ha": 0.79000000130871195, "kelas_sawah": "unlabeled", "varietas": "unlabeled", "usia_fase": null, "overlap_ratio": 0.0, "is_ground_truth": false }, "geometry": { "type": "Polygon", "coordinates": [ [ [ 110.679145382755166, -7.620797975759882 ], [ 110.679326705826767, -7.620798110075984 ], [ 110.67932677311957, -7.620707654344213 ], [ 110.679780080735696, -7.620707989793106 ], [ 110.679780147929677, -7.620617534061337 ], [ 110.680052132447258, -7.620617735104297 ], [ 110.680052400998605, -7.620255912132301 ], [ 110.67996173956162, -7.620255845144929 ], [ 110.679962008175863, -7.619894022172932 ], [ 110.679236717362684, -7.619893485573281 ], [ 110.679236313525053, -7.620436219990852 ], [ 110.67914565207009, -7.620436152823818 ], [ 110.679145382755166, -7.620797975759882 ] ] ] } },
{ "type": "Feature", "properties": { "cluster_id": -1148444964, "count": 83, "area_m2": 8299.9999789320282, "area_ha": 0.82999999789320278, "kelas_sawah": "unlabeled", "varietas": "unlabeled", "usia_fase": null, "overlap_ratio": 0.0, "is_ground_truth": false }, "geometry": { "type": "Polygon", "coordinates": [ [ [ 110.679147267672164, -7.618265215108618 ], [ 110.679509911704329, -7.618265483579123 ], [ 110.679509978934249, -7.618175027829387 ], [ 110.67969130091889, -7.618175161947859 ], [ 110.67969123372491, -7.618265617697595 ], [ 110.679963216760257, -7.618265818731573 ], [ 110.679963418162544, -7.617994451482363 ], [ 110.680054079114441, -7.617994518451768 ], [ 110.68005434756698, -7.617632695443838 ], [ 110.679963686686946, -7.617632628474434 ], [ 110.679963888071271, -7.617361261216241 ], [ 110.679510583976537, -7.617360926099725 ], [ 110.679510516746632, -7.61745138184946 ], [ 110.679238534241279, -7.617451180545989 ], [ 110.679238197831182, -7.617903459276706 ], [ 110.679147536897261, -7.617903392136621 ], [ 110.679147267672164, -7.618265215108618 ] ] ] } },
{ "type": "Feature", "properties": { "cluster_id": -521639373, "count": 75, "area_m2": 7499.9999879807001, "area_ha": 0.74999999879807, "kelas_sawah": "unlabeled", "varietas": "unlabeled", "usia_fase": null, "overlap_ratio": 0.0, "is_ground_truth": false }, "geometry": { "type": "Polygon", "coordinates": [ [ [ 110.679238534241279, -7.617451180545989 ], [ 110.679510516746632, -7.61745138184946 ], [ 110.679510583976537, -7.617360926099725 ], [ 110.679963888071271, -7.617361261216241 ], [ 110.679964156577711, -7.616999438199328 ], [ 110.680054817322997, -7.616999505159749 ], [ 110.680055085739596, -7.616637682133854 ], [ 110.67996442507517, -7.616637615173432 ], [ 110.679964492188304, -7.616547159414713 ], [ 110.679601849593439, -7.616546891393365 ], [ 110.679601782399459, -7.616637347143101 ], [ 110.679239139732729, -7.616637078807343 ], [ 110.679238534241279, -7.617451180545989 ] ] ] } },
{ "type": "Feature", "properties": { "cluster_id": 2069985736, "count": 75, "area_m2": 7500.000024267938, "area_ha": 0.75000000242679377, "kelas_sawah": "unlabeled", "varietas": "unlabeled", "usia_fase": null, "overlap_ratio": 0.0, "is_ground_truth": false }, "geometry": { "type": "Polygon", "coordinates": [ [ [ 110.679149084667543, -7.615822909919629 ], [ 110.679330405655051, -7.615823044145899 ], [ 110.679330472902933, -7.615732588396162 ], [ 110.680055756727214, -7.615733124537673 ], [ 110.680056226357465, -7.615099934199685 ], [ 110.679965566016421, -7.61509986725723 ], [ 110.679965633120574, -7.615009411489527 ], [ 110.679149690203914, -7.615008808127084 ], [ 110.679149622920093, -7.615099263885804 ], [ 110.679240283261137, -7.615099330998938 ], [ 110.679239879693, -7.615642065533291 ], [ 110.679149219235171, -7.615641998411173 ], [ 110.679149084667543, -7.615822909919629 ] ] ] } },
{ "type": "Feature", "properties": { "cluster_id": -636308037, "count": 79, "area_m2": 7899.9999517417746, "area_ha": 0.78999999517417741, "kelas_sawah": "unlabeled", "varietas": "unlabeled", "usia_fase": null, "overlap_ratio": 0.0, "is_ground_truth": false }, "geometry": { "type": "Polygon", "coordinates": [ [ [ 110.679149690203914, -7.615008808127084 ], [ 110.679965633120574, -7.615009411489527 ], [ 110.679966169944805, -7.614285765365871 ], [ 110.680056830124158, -7.614285832308326 ], [ 110.680056897201354, -7.614195376540623 ], [ 110.679966237048959, -7.614195309607151 ], [ 110.679966304144131, -7.614104853839448 ], [ 110.679875644009698, -7.614104786879027 ], [ 110.679875576887582, -7.61419524264673 ], [ 110.679150295668407, -7.61419470630759 ], [ 110.679150228393581, -7.614285162066309 ], [ 110.679240888563939, -7.614285229170461 ], [ 110.679240754059194, -7.614466140696884 ], [ 110.679150093852897, -7.614466073583749 ], [ 110.679150026578071, -7.614556529342469 ], [ 110.679240686802331, -7.614556596455603 ], [ 110.679240552297586, -7.614737507973043 ], [ 110.679149892028406, -7.614737440859908 ], [ 110.679149690203914, -7.615008808127084 ] ] ] } },
{ "type": "Feature", "properties": { "cluster_id": 1069383009, "count": 86, "area_m2": 8600.0000097666634, "area_ha": 0.86000000097666629, "kelas_sawah": "unlabeled", "varietas": "unlabeled", "usia_fase": null, "overlap_ratio": 0.0, "is_ground_truth": false }, "geometry": { "type": "Polygon", "coordinates": [ [ [ 110.679150295668407, -7.61419470630759 ], [ 110.679875576887582, -7.61419524264673 ], [ 110.679875644009698, -7.614104786879027 ], [ 110.679966304144131, -7.614104853839448 ], [ 110.679966572533786, -7.613743030759654 ], [ 110.680057232596354, -7.613743097702109 ], [ 110.680057500887187, -7.613381274613331 ], [ 110.679966840905479, -7.613381207688843 ], [ 110.679966907991655, -7.613290751912156 ], [ 110.679422948209165, -7.613290349934033 ], [ 110.67942288100619, -7.613380805701736 ], [ 110.679241561042758, -7.613380671556314 ], [ 110.679241292060212, -7.613742494609159 ], [ 110.679150632006639, -7.613742427505008 ], [ 110.679150295668407, -7.61419470630759 ] ] ] } },
{ "type": "Feature", "properties": { "cluster_id": 803213631, "count": 84, "area_m2": 8399.9999498634133, "area_ha": 0.83999999498634137, "kelas_sawah": "unlabeled", "varietas": "unlabeled", "usia_fase": null, "overlap_ratio": 0.0, "is_ground_truth": false }, "geometry": { "type": "Polygon", "coordinates": [ [ [ 110.679060308363148, -7.613290081571325 ], [ 110.679150968326894, -7.613290148693443 ], [ 110.67915090106105, -7.613380604452162 ], [ 110.67942288100619, -7.613380805701736 ], [ 110.679422948209165, -7.613290349934033 ], [ 110.679966907991655, -7.613290751912156 ], [ 110.679967511776312, -7.612476649966897 ], [ 110.679151573647658, -7.612476046802083 ], [ 110.679151439133932, -7.612656958337489 ], [ 110.679242098962931, -7.612657025432657 ], [ 110.679242031724044, -7.61274748120036 ], [ 110.67915137188605, -7.612747414105192 ], [ 110.679151035583757, -7.61319969292574 ], [ 110.679060375646955, -7.613199625803622 ], [ 110.679060308363148, -7.613290081571325 ] ] ] } },
{ "type": "Feature", "properties": { "cluster_id": -573065541, "count": 77, "area_m2": 7699.9999993568053, "area_ha": 0.76999999993568058, "kelas_sawah": "unlabeled", "varietas": "unlabeled", "usia_fase": null, "overlap_ratio": 0.0, "is_ground_truth": false }, "geometry": { "type": "Polygon", "coordinates": [ [ [ 110.679138780443253, -7.629662635694705 ], [ 110.679592097464749, -7.629662971736487 ], [ 110.679592164784495, -7.629572516040649 ], [ 110.679954818347781, -7.629572784529121 ], [ 110.679955087294402, -7.629210961718821 ], [ 110.680045750608869, -7.62921102878704 ], [ 110.680046019465649, -7.628849205967756 ], [ 110.679230050336145, -7.628848601662082 ], [ 110.679229780796632, -7.629210424454416 ], [ 110.679139117482165, -7.629210357215516 ], [ 110.679138780443253, -7.629662635694705 ] ] ] } },
{ "type": "Feature", "properties": { "cluster_id": -1182841289, "count": 78, "area_m2": 7799.9999787221896, "area_ha": 0.77999999787221896, "kelas_sawah": "unlabeled", "varietas": "unlabeled", "usia_fase": null, "overlap_ratio": 0.0, "is_ground_truth": false }, "geometry": { "type": "Polygon", "coordinates": [ [ [ 110.679142419428644, -7.624778027607431 ], [ 110.679233081799879, -7.624778094810398 ], [ 110.679233149146569, -7.624687639096594 ], [ 110.679958448035606, -7.624688176028623 ], [ 110.679958649608579, -7.624416808860261 ], [ 110.680049311916932, -7.624416875892548 ], [ 110.680049714937098, -7.623874141528876 ], [ 110.679959052745531, -7.623874074505572 ], [ 110.679958985560518, -7.623964530237342 ], [ 110.679596336722369, -7.623964261946499 ], [ 110.679596403988214, -7.623873806223712 ], [ 110.679233755230911, -7.623873537627443 ], [ 110.679233351186667, -7.624416271946199 ], [ 110.679142688887296, -7.624416204743232 ], [ 110.679142419428644, -7.624778027607431 ] ] ] } },
{ "type": "Feature", "properties": { "cluster_id": 1900866620, "count": 81, "area_m2": 8100.0000039581209, "area_ha": 0.8100000003958121, "kelas_sawah": "unlabeled", "varietas": "unlabeled", "usia_fase": null, "overlap_ratio": 0.0, "is_ground_truth": false }, "geometry": { "type": "Polygon", "coordinates": [ [ [ 110.679146056015526, -7.61989341841523 ], [ 110.679962008175863, -7.619894022172932 ], [ 110.679962209623056, -7.619622654941689 ], [ 110.680052870925309, -7.61962272192906 ], [ 110.680053273684962, -7.619079987448607 ], [ 110.679237323051765, -7.61907938393345 ], [ 110.679236919268021, -7.619622118368987 ], [ 110.679146257974764, -7.619622051210936 ], [ 110.679146056015526, -7.61989341841523 ] ] ] } },
{ "type": "Feature", "properties": { "cluster_id": -1266720352, "count": 84, "area_m2": 8399.9999927301542, "area_ha": 0.83999999927301539, "kelas_sawah": "unlabeled", "varietas": "unlabeled", "usia_fase": null, "overlap_ratio": 0.0, "is_ground_truth": false }, "geometry": { "type": "Polygon", "coordinates": [ [ [ 110.679148479068289, -7.616637011676241 ], [ 110.679601782399459, -7.616637347143101 ], [ 110.679601849593439, -7.616546891393365 ], [ 110.679964492188304, -7.616547159414713 ], [ 110.679964760667787, -7.616185336388817 ], [ 110.6800554212424, -7.616185403340255 ], [ 110.680055756727214, -7.615733124537673 ], [ 110.679330472902933, -7.615732588396162 ], [ 110.679330405655051, -7.615823044145899 ], [ 110.679239745161297, -7.615822977041747 ], [ 110.679239408823065, -7.616275255808397 ], [ 110.679148748230503, -7.616275188677295 ], [ 110.679148479068289, -7.616637011676241 ] ] ] } },
{ "type": "Feature", "properties": { "cluster_id": 1810473867, "count": 73, "area_m2": 7300.0000262638787, "area_ha": 0.73000000262638787, "kelas_sawah": "unlabeled", "varietas": "unlabeled", "usia_fase": null, "overlap_ratio": 0.0, "is_ground_truth": false }, "geometry": { "type": "Polygon", "coordinates": [ [ [ 110.679951186261462, -7.634457391924692 ], [ 110.680041850680851, -7.63445745904681 ], [ 110.680041783423988, -7.634547914733664 ], [ 110.680404441191399, -7.634548183015524 ], [ 110.680404508376398, -7.63445772732867 ], [ 110.680767166080926, -7.634457995314085 ], [ 110.680767702950078, -7.633734349783317 ], [ 110.680405045847422, -7.63373408182485 ], [ 110.680405113032421, -7.633643626137996 ], [ 110.680223784526007, -7.633643492046473 ], [ 110.680223717305068, -7.633733947733328 ], [ 110.68004238877171, -7.63373381356994 ], [ 110.680042052469418, -7.63418609199523 ], [ 110.679951388112912, -7.634186024882094 ], [ 110.679951186261462, -7.634457391924692 ] ] ] } },
{ "type": "Feature", "properties": { "cluster_id": 356155341, "count": 86, "area_m2": 8600.0000225324766, "area_ha": 0.86000000225324769, "kelas_sawah": "unlabeled", "varietas": "unlabeled", "usia_fase": null, "overlap_ratio": 0.0, "is_ground_truth": false }, "geometry": { "type": "Polygon", "coordinates": [ [ [ 110.679955356223047, -7.628849138899538 ], [ 110.680408672436045, -7.628849474051987 ], [ 110.680408739567156, -7.628759018338183 ], [ 110.680862055699308, -7.628759353014526 ], [ 110.680862390896678, -7.628307074436522 ], [ 110.680771727761865, -7.628307007547966 ], [ 110.680771928930596, -7.628035640397571 ], [ 110.68059060277777, -7.628035506557577 ], [ 110.68059066986396, -7.627945050843773 ], [ 110.680228017657114, -7.627944782948189 ], [ 110.680227950490092, -7.62803523865301 ], [ 110.679955961283312, -7.628035037529201 ], [ 110.679955356223047, -7.628849138899538 ] ] ] } },
{ "type": "Feature", "properties": { "cluster_id": -458166540, "count": 82, "area_m2": 8200.0000258046202, "area_ha": 0.82000000258046202, "kelas_sawah": "unlabeled", "varietas": "unlabeled", "usia_fase": null, "overlap_ratio": 0.0, "is_ground_truth": false }, "geometry": { "type": "Polygon", "coordinates": [ [ [ 110.679867113490985, -7.625592666188274 ], [ 110.680229763712532, -7.625592934308437 ], [ 110.680229830861606, -7.62550247858565 ], [ 110.680773806095132, -7.625502880186481 ], [ 110.68077434230851, -7.624779234359268 ], [ 110.680593017539081, -7.624779100582156 ], [ 110.680593084598314, -7.624688644850386 ], [ 110.679958448035606, -7.624688176028623 ], [ 110.679958380832645, -7.624778631751409 ], [ 110.680049043221842, -7.624778698783696 ], [ 110.680048908869807, -7.62495961022927 ], [ 110.67995824644467, -7.624959543196984 ], [ 110.679957910447811, -7.625411821801936 ], [ 110.679867247932847, -7.6254117547427 ], [ 110.679867113490985, -7.625592666188274 ] ] ] } },
{ "type": "Feature", "properties": { "cluster_id": -1182916665, "count": 70, "area_m2": 7000.0000202309457, "area_ha": 0.70000000202309454, "kelas_sawah": "unlabeled", "varietas": "unlabeled", "usia_fase": null, "overlap_ratio": 0.0, "is_ground_truth": false }, "geometry": { "type": "Polygon", "coordinates": [ [ [ 110.679963820949155, -7.617451716965977 ], [ 110.680054481793249, -7.617451783935382 ], [ 110.680054548897402, -7.617361328185646 ], [ 110.680326531375798, -7.617361528968095 ], [ 110.680326464316565, -7.617451984726814 ], [ 110.680417125160673, -7.61745205161537 ], [ 110.680417192201929, -7.617361595856651 ], [ 110.680689174680339, -7.617361796414521 ], [ 110.680689241658726, -7.617271340655801 ], [ 110.680779902466895, -7.617271407472492 ], [ 110.680780371135938, -7.616638217134504 ], [ 110.680689710462516, -7.616638150326796 ], [ 110.680689777431922, -7.616547694559094 ], [ 110.680599116767482, -7.61654762773342 ], [ 110.680599049780113, -7.616638083492139 ], [ 110.680055085739596, -7.616637682133854 ], [ 110.680054817322997, -7.616999505159749 ], [ 110.679964156577711, -7.616999438199328 ], [ 110.679963820949155, -7.617451716965977 ] ] ] } },
{ "type": "Feature", "properties": { "cluster_id": 1909306549, "count": 83, "area_m2": 8299.9999712902354, "area_ha": 0.8299999971290235, "kelas_sawah": "unlabeled", "varietas": "unlabeled", "usia_fase": null, "overlap_ratio": 0.0, "is_ground_truth": false }, "geometry": { "type": "Polygon", "coordinates": [ [ [ 110.679950580680185, -7.635271493052484 ], [ 110.680041245279241, -7.635271560183584 ], [ 110.680041178004402, -7.635362015861456 ], [ 110.680131842621435, -7.635362082965607 ], [ 110.680131909869317, -7.635271627287737 ], [ 110.680313239058449, -7.635271761442141 ], [ 110.680313171846493, -7.635362217120012 ], [ 110.680403836463512, -7.635362284170265 ], [ 110.680403903657506, -7.635271828492394 ], [ 110.680675897445681, -7.635272029526371 ], [ 110.680675830305603, -7.635362485213226 ], [ 110.680766494931603, -7.63536255218263 ], [ 110.680766562044738, -7.635272096504758 ], [ 110.680857226643795, -7.635272163456197 ], [ 110.680857763414139, -7.634548517943395 ], [ 110.680767098967792, -7.634548451000939 ], [ 110.680767166080926, -7.634457995314085 ], [ 110.680404508376398, -7.63445772732867 ], [ 110.680404441191399, -7.634548183015524 ], [ 110.680041783423988, -7.634547914733664 ], [ 110.680041514351615, -7.634909737454133 ], [ 110.679950849842385, -7.634909670332015 ], [ 110.679950580680185, -7.635271493052484 ] ] ] } },
{ "type": "Feature", "properties": { "cluster_id": 1540967988, "count": 85, "area_m2": 8500.0000162867946, "area_ha": 0.8500000016286795, "kelas_sawah": "unlabeled", "varietas": "unlabeled", "usia_fase": null, "overlap_ratio": 0.0, "is_ground_truth": false }, "geometry": { "type": "Polygon", "coordinates": [ [ [ 110.679952329951561, -7.632919645275114 ], [ 110.680768306860486, -7.632920248529761 ], [ 110.680768977794202, -7.632015691553417 ], [ 110.680587649961538, -7.632015557641558 ], [ 110.680587582839408, -7.632106013346379 ], [ 110.680315591045485, -7.632105812339351 ], [ 110.680315658230484, -7.632015356643513 ], [ 110.680043666508425, -7.632015155465806 ], [ 110.680043599269524, -7.63210561115266 ], [ 110.679952935344204, -7.632105544057492 ], [ 110.679952666289793, -7.632467366822875 ], [ 110.680043330286978, -7.632467433927028 ], [ 110.680043263048077, -7.632557889613882 ], [ 110.679952599023949, -7.632557822518713 ], [ 110.679952329951561, -7.632919645275114 ] ] ] } },
{ "type": "Feature", "properties": { "cluster_id": 1727896114, "count": 78, "area_m2": 7800.000008942734, "area_ha": 0.78000000089427335, "kelas_sawah": "unlabeled", "varietas": "unlabeled", "usia_fase": null, "overlap_ratio": 0.0, "is_ground_truth": false }, "geometry": { "type": "Polygon", "coordinates": [ [ [ 110.679952935344204, -7.632105544057492 ], [ 110.680043599269524, -7.63210561115266 ], [ 110.680043666508425, -7.632015155465806 ], [ 110.680315658230484, -7.632015356643513 ], [ 110.680315591045485, -7.632105812339351 ], [ 110.680587582839408, -7.632106013346379 ], [ 110.680587649961538, -7.632015557641558 ], [ 110.680768977794202, -7.632015691553417 ], [ 110.680769313225127, -7.63156341304728 ], [ 110.680859977042658, -7.631563479971768 ], [ 110.680860044110872, -7.631473024266947 ], [ 110.680769380311318, -7.631472957351442 ], [ 110.680769581560895, -7.631201590236979 ], [ 110.680316262859549, -7.631201255363008 ], [ 110.680316195683531, -7.631291711058846 ], [ 110.680044204419616, -7.631291509908087 ], [ 110.680043935473009, -7.631653332691438 ], [ 110.679953271637515, -7.631653265596269 ], [ 110.679952935344204, -7.632105544057492 ] ] ] } },
{ "type": "Feature", "properties": { "cluster_id": -773894795, "count": 84, "area_m2": 8400.000058398, "area_ha": 0.84000000583979995, "kelas_sawah": "unlabeled", "varietas": "unlabeled", "usia_fase": null, "overlap_ratio": 0.0, "is_ground_truth": false }, "geometry": { "type": "Polygon", "coordinates": [ [ [ 110.679953540664968, -7.631291442812919 ], [ 110.680316195683531, -7.631291711058846 ], [ 110.680316262859549, -7.631201255363008 ], [ 110.680769581560895, -7.631201590236979 ], [ 110.680769916964863, -7.630749311721859 ], [ 110.680860580611707, -7.630749378637364 ], [ 110.680860781780439, -7.630478011513919 ], [ 110.680770118187496, -7.630477944598413 ], [ 110.680770185264691, -7.630387488893592 ], [ 110.679954213161764, -7.630386885836575 ], [ 110.679953876922355, -7.630839164333731 ], [ 110.68004454057818, -7.630839231419916 ], [ 110.680044271649535, -7.63120105421225 ], [ 110.679953607912864, -7.631200987117081 ], [ 110.679953540664968, -7.631291442812919 ] ] ] } },
{ "type": "Feature", "properties": { "cluster_id": -1683400580, "count": 68, "area_m2": 6799.9999885482248, "area_ha": 0.67999999885482243, "kelas_sawah": "unlabeled", "varietas": "unlabeled", "usia_fase": null, "overlap_ratio": 0.0, "is_ground_truth": false }, "geometry": { "type": "Polygon", "coordinates": [ [ [ 110.679954213161764, -7.630386885836575 ], [ 110.680770185264691, -7.630387488893592 ], [ 110.680770319410115, -7.630206577483951 ], [ 110.680860982949156, -7.630206644390473 ], [ 110.680861117049673, -7.630025732971848 ], [ 110.680770453555539, -7.630025666065326 ], [ 110.680770721837405, -7.629663843228077 ], [ 110.680045414513188, -7.629663307311144 ], [ 110.680045011178606, -7.630206041522102 ], [ 110.679954347657528, -7.6302059744449 ], [ 110.679954213161764, -7.630386885836575 ] ] ] } },
{ "type": "Feature", "properties": { "cluster_id": 448034841, "count": 91, "area_m2": 9100.0000088967499, "area_ha": 0.91000000088967503, "kelas_sawah": "unlabeled", "varietas": "unlabeled", "usia_fase": null, "overlap_ratio": 0.0, "is_ground_truth": false }, "geometry": { "type": "Polygon", "coordinates": [ [ [ 110.679865298211382, -7.628034970451998 ], [ 110.680227950490092, -7.62803523865301 ], [ 110.680228017657114, -7.627944782948189 ], [ 110.68059066986396, -7.627945050843773 ], [ 110.68059060277777, -7.628035506557577 ], [ 110.680771928930596, -7.628035640397571 ], [ 110.680771995980848, -7.627945184683767 ], [ 110.680862659034801, -7.627945251572323 ], [ 110.680863195275123, -7.627221605816976 ], [ 110.680772532373894, -7.627221538937403 ], [ 110.68077259941515, -7.627131083214616 ], [ 110.680228622124488, -7.627130681523953 ], [ 110.680228554966448, -7.627221137237758 ], [ 110.680047229163961, -7.627221003182167 ], [ 110.680047161969981, -7.627311458895972 ], [ 110.679956499050775, -7.627311391845718 ], [ 110.679956028504236, -7.627944581815397 ], [ 110.679865365459264, -7.627944514738195 ], [ 110.679865298211382, -7.628034970451998 ] ] ] } },
{ "type": "Feature", "properties": { "cluster_id": -903289728, "count": 83, "area_m2": 8299.9999608393409, "area_ha": 0.82999999608393404, "kelas_sawah": "unlabeled", "varietas": "unlabeled", "usia_fase": null, "overlap_ratio": 0.0, "is_ground_truth": false }, "geometry": { "type": "Polygon", "coordinates": [ [ [ 110.679865970609356, -7.627130413349891 ], [ 110.679956633483656, -7.627130480418111 ], [ 110.679956566271699, -7.627220936131915 ], [ 110.680228554966448, -7.627221137237758 ], [ 110.680228622124488, -7.627130681523953 ], [ 110.68077259941515, -7.627131083214616 ], [ 110.680773202786582, -7.626316981718515 ], [ 110.680047901103791, -7.626316446035145 ], [ 110.680047833918792, -7.626406901748949 ], [ 110.679957171188235, -7.626406834698695 ], [ 110.679957103985259, -7.626497290421483 ], [ 110.680047766724812, -7.626497357462752 ], [ 110.680047699530817, -7.626587813185539 ], [ 110.679957036773317, -7.626587746135287 ], [ 110.679956700704579, -7.627040024704306 ], [ 110.679866037848257, -7.627039957636088 ], [ 110.679865970609356, -7.627130413349891 ] ] ] } },
{ "type": "Feature", "properties": { "cluster_id": -874305075, "count": 79, "area_m2": 7899.9999815743649, "area_ha": 0.78999999815743649, "kelas_sawah": "unlabeled", "varietas": "unlabeled", "usia_fase": null, "overlap_ratio": 0.0, "is_ground_truth": false }, "geometry": { "type": "Polygon", "coordinates": [ [ [ 110.679957171188235, -7.626406834698695 ], [ 110.680047833918792, -7.626406901748949 ], [ 110.680047901103791, -7.626316446035145 ], [ 110.680773202786582, -7.626316981718515 ], [ 110.680773806095132, -7.625502880186481 ], [ 110.680229830861606, -7.62550247858565 ], [ 110.680229763712532, -7.625592934308437 ], [ 110.679957776050856, -7.625592733247511 ], [ 110.679957171188235, -7.626406834698695 ] ] ] } },
{ "type": "Feature", "properties": { "cluster_id": 1129300049, "count": 75, "area_m2": 7499.9999587802449, "area_ha": 0.74999999587802446, "kelas_sawah": "unlabeled", "varietas": "unlabeled", "usia_fase": null, "overlap_ratio": 0.0, "is_ground_truth": false }, "geometry": { "type": "Polygon", "coordinates": [ [ [ 110.679958448035606, -7.624688176028623 ], [ 110.680593084598314, -7.624688644850386 ], [ 110.680593017539081, -7.624779100582156 ], [ 110.68077434230851, -7.624779234359268 ], [ 110.680774409331804, -7.624688778627498 ], [ 110.680865071703039, -7.624688845489104 ], [ 110.68086527271906, -7.624417478293794 ], [ 110.680774610401713, -7.62441741144117 ], [ 110.680774677425021, -7.6243269557094 ], [ 110.68086533971541, -7.624327022562023 ], [ 110.680865540713455, -7.624055655366713 ], [ 110.680774878476967, -7.624055588514089 ], [ 110.680774945491279, -7.623965132773336 ], [ 110.680049647770062, -7.623964597260645 ], [ 110.680049311916932, -7.624416875892548 ], [ 110.679958649608579, -7.624416808860261 ], [ 110.679958448035606, -7.624688176028623 ] ] ] } },
{ "type": "Feature", "properties": { "cluster_id": 1698643084, "count": 87, "area_m2": 8700.0000038769213, "area_ha": 0.8700000003876921, "kelas_sawah": "unlabeled", "varietas": "unlabeled", "usia_fase": null, "overlap_ratio": 0.0, "is_ground_truth": false }, "geometry": { "type": "Polygon", "coordinates": [ [ [ 110.679959052745531, -7.623874074505572 ], [ 110.680049714937098, -7.623874141528876 ], [ 110.680049647770062, -7.623964597260645 ], [ 110.680774945491279, -7.623965132773336 ], [ 110.680775615616525, -7.623060575419701 ], [ 110.680050319413454, -7.623060039969892 ], [ 110.680050252255398, -7.623150495701663 ], [ 110.679959590216541, -7.623150428678359 ], [ 110.679959321485526, -7.623512251596457 ], [ 110.68004998360523, -7.623512318619761 ], [ 110.680049916438193, -7.62360277435153 ], [ 110.679959254300528, -7.623602707328227 ], [ 110.679959052745531, -7.623874074505572 ] ] ] } },
{ "type": "Feature", "properties": { "cluster_id": 886294748, "count": 83, "area_m2": 8299.9999897234375, "area_ha": 0.82999999897234378, "kelas_sawah": "unlabeled", "varietas": "unlabeled", "usia_fase": null, "overlap_ratio": 0.0, "is_ground_truth": false }, "geometry": { "type": "MultiPolygon", "coordinates": [ [ [ [ 110.680050319413454, -7.623060039969892 ], [ 110.680775615616525, -7.623060575419701 ], [ 110.680775816641514, -7.622789208206424 ], [ 110.680866478608507, -7.622789275050064 ], [ 110.680866813536383, -7.62233699635528 ], [ 110.680776151659217, -7.62233692951164 ], [ 110.680776218655566, -7.622246473770886 ], [ 110.679960261976717, -7.62224587136964 ], [ 110.679960127633663, -7.62242678283318 ], [ 110.680050789519811, -7.622426849847501 ], [ 110.680050722361756, -7.622517305579271 ], [ 110.679960060457645, -7.62251723856495 ], [ 110.679959993281628, -7.622607694296721 ], [ 110.680050655212682, -7.622607761311041 ], [ 110.680050588054641, -7.622698217042811 ], [ 110.67995992610561, -7.622698150028491 ], [ 110.679959791753575, -7.622879061492031 ], [ 110.680050453738531, -7.622879128506352 ], [ 110.680050319413454, -7.623060039969892 ] ] ], [ [ [ 110.680050319413454, -7.623060039969892 ], [ 110.679959657392558, -7.623059972955572 ], [ 110.679959590216541, -7.623150428678359 ], [ 110.680050252255398, -7.623150495701663 ], [ 110.680050319413454, -7.623060039969892 ] ] ] ] } },
{ "type": "Feature", "properties": { "cluster_id": 1172024758, "count": 81, "area_m2": 8100.0000180513598, "area_ha": 0.81000000180513598, "kelas_sawah": "unlabeled", "varietas": "unlabeled", "usia_fase": null, "overlap_ratio": 0.0, "is_ground_truth": false }, "geometry": { "type": "Polygon", "coordinates": [ [ [ 110.679960261976717, -7.62224587136964 ], [ 110.680776218655566, -7.622246473770886 ], [ 110.680776486658957, -7.621884650807872 ], [ 110.680867148437301, -7.621884717642529 ], [ 110.680867416341869, -7.621522894670533 ], [ 110.680776754635389, -7.621522827835875 ], [ 110.680776821631738, -7.621432372095122 ], [ 110.679960866488997, -7.621431769747774 ], [ 110.679960597829847, -7.621793592692822 ], [ 110.680051259581248, -7.621793659698159 ], [ 110.680050990975985, -7.622155482643207 ], [ 110.679960329152735, -7.622155415637869 ], [ 110.679960261976717, -7.62224587136964 ] ] ] } },
{ "type": "Feature", "properties": { "cluster_id": 1148001356, "count": 65, "area_m2": 6500.0000033780816, "area_ha": 0.65000000033780814, "kelas_sawah": "unlabeled", "varietas": "unlabeled", "usia_fase": null, "overlap_ratio": 0.0, "is_ground_truth": false }, "geometry": { "type": "Polygon", "coordinates": [ [ [ 110.679961067981111, -7.621160402543481 ], [ 110.680051729606745, -7.621160469539834 ], [ 110.680051528168534, -7.621431836753112 ], [ 110.680776821631738, -7.621432372095122 ], [ 110.680777357557659, -7.620708726133162 ], [ 110.680052065307166, -7.62070819084505 ], [ 110.680051796746838, -7.621070013799081 ], [ 110.679961135148147, -7.621069946802727 ], [ 110.679961067981111, -7.621160402543481 ] ] ] } },
{ "type": "Feature", "properties": { "cluster_id": -303466989, "count": 87, "area_m2": 8700.0000635490869, "area_ha": 0.87000000635490871, "kelas_sawah": "unlabeled", "varietas": "unlabeled", "usia_fase": null, "overlap_ratio": 0.0, "is_ground_truth": false }, "geometry": { "type": "Polygon", "coordinates": [ [ [ 110.679961403789335, -7.620708123848696 ], [ 110.680777357557659, -7.620708726133162 ], [ 110.680777625498152, -7.620346903134216 ], [ 110.680868286953114, -7.62034696995989 ], [ 110.680868621764191, -7.619894691211207 ], [ 110.68077796039907, -7.619894624394516 ], [ 110.680778027386452, -7.619804168635796 ], [ 110.680324720677618, -7.619803834264881 ], [ 110.680324653600408, -7.619894290014618 ], [ 110.679962008175863, -7.619894022172932 ], [ 110.67996173956162, -7.620255845144929 ], [ 110.680052400998605, -7.620255912132301 ], [ 110.680052132447258, -7.620617735104297 ], [ 110.679961470938409, -7.620617668107943 ], [ 110.679961403789335, -7.620708123848696 ] ] ] } },
{ "type": "Feature", "properties": { "cluster_id": 620643428, "count": 79, "area_m2": 7899.9999506893801, "area_ha": 0.78999999506893803, "kelas_sawah": "unlabeled", "varietas": "unlabeled", "usia_fase": null, "overlap_ratio": 0.0, "is_ground_truth": false }, "geometry": { "type": "Polygon", "coordinates": [ [ [ 110.679962008175863, -7.619894022172932 ], [ 110.680324653600408, -7.619894290014618 ], [ 110.680324720677618, -7.619803834264881 ], [ 110.680778027386452, -7.619804168635796 ], [ 110.68077829529102, -7.61944234563685 ], [ 110.680868956557319, -7.619442412444558 ], [ 110.680869224381041, -7.619080589436628 ], [ 110.680778563186593, -7.619080522619937 ], [ 110.680778630155999, -7.6189900668702 ], [ 110.68032532430955, -7.618989732535218 ], [ 110.680325257241336, -7.619080188284955 ], [ 110.680053273684962, -7.619079987448607 ], [ 110.680052870925309, -7.61962272192906 ], [ 110.679962209623056, -7.619622654941689 ], [ 110.679962008175863, -7.619894022172932 ] ] ] } },
{ "type": "Feature", "properties": { "cluster_id": 330369952, "count": 77, "area_m2": 7700.0000225877739, "area_ha": 0.77000000225877741, "kelas_sawah": "unlabeled", "varietas": "unlabeled", "usia_fase": null, "overlap_ratio": 0.0, "is_ground_truth": false }, "geometry": { "type": "Polygon", "coordinates": [ [ [ 110.679962612499494, -7.619079920470219 ], [ 110.680325257241336, -7.619080188284955 ], [ 110.68032532430955, -7.618989732535218 ], [ 110.680778630155999, -7.6189900668702 ], [ 110.680778898033623, -7.618628243844305 ], [ 110.68086955913823, -7.618628310652013 ], [ 110.680869826926013, -7.618266487626117 ], [ 110.680779165902251, -7.618266420818409 ], [ 110.680779232871657, -7.618175965068673 ], [ 110.680325927869632, -7.618175630769622 ], [ 110.680325860810399, -7.618266086519359 ], [ 110.680053877766056, -7.618265885709961 ], [ 110.680053340807078, -7.61898953169887 ], [ 110.679962679639587, -7.618989464720483 ], [ 110.679962612499494, -7.619079920470219 ] ] ] } },
{ "type": "Feature", "properties": { "cluster_id": 647258304, "count": 82, "area_m2": 8199.9999978230335, "area_ha": 0.81999999978230331, "kelas_sawah": "unlabeled", "varietas": "unlabeled", "usia_fase": null, "overlap_ratio": 0.0, "is_ground_truth": false }, "geometry": { "type": "Polygon", "coordinates": [ [ [ 110.679963216760257, -7.618265818731573 ], [ 110.680325860810399, -7.618266086519359 ], [ 110.680325927869632, -7.618175630769622 ], [ 110.680779232871657, -7.618175965068673 ], [ 110.680779500713342, -7.617814142033794 ], [ 110.680870161638296, -7.617814208832518 ], [ 110.680870295523206, -7.617633297306096 ], [ 110.680779634634192, -7.617633230516354 ], [ 110.680779701594602, -7.617542774748651 ], [ 110.680870362465654, -7.617542841547376 ], [ 110.680870429399121, -7.617452385788656 ], [ 110.680779768555027, -7.617452318989931 ], [ 110.68077983550647, -7.617361863231212 ], [ 110.680417192201929, -7.617361595856651 ], [ 110.680417125160673, -7.61745205161537 ], [ 110.680326464316565, -7.617451984726814 ], [ 110.680326531375798, -7.617361528968095 ], [ 110.680054548897402, -7.617361328185646 ], [ 110.680054481793249, -7.617451783935382 ], [ 110.679963820949155, -7.617451716965977 ], [ 110.679963686686946, -7.617632628474434 ], [ 110.68005434756698, -7.617632695443838 ], [ 110.680054079114441, -7.617994518451768 ], [ 110.679963418162544, -7.617994451482363 ], [ 110.679963216760257, -7.618265818731573 ] ] ] } },
{ "type": "Feature", "properties": { "cluster_id": -219669162, "count": 80, "area_m2": 7999.9999668973032, "area_ha": 0.79999999668973032, "kelas_sawah": "unlabeled", "varietas": "unlabeled", "usia_fase": null, "overlap_ratio": 0.0, "is_ground_truth": false }, "geometry": { "type": "Polygon", "coordinates": [ [ [ 110.67996442507517, -7.616637615173432 ], [ 110.680599049780113, -7.616638083492139 ], [ 110.680599116767482, -7.61654762773342 ], [ 110.680689777431922, -7.616547694559094 ], [ 110.680689710462516, -7.616638150326796 ], [ 110.680780371135938, -7.616638217134504 ], [ 110.680780638932703, -7.616276394072676 ], [ 110.68087129953426, -7.616276460862418 ], [ 110.680871567241198, -7.615914637791605 ], [ 110.680780906711504, -7.615914571010848 ], [ 110.680780973653967, -7.615824115243145 ], [ 110.680055689632056, -7.615823580296393 ], [ 110.6800554212424, -7.616185403340255 ], [ 110.679964760667787, -7.616185336388817 ], [ 110.67996442507517, -7.616637615173432 ] ] ] } },
{ "type": "Feature", "properties": { "cluster_id": -1581240032, "count": 80, "area_m2": 7999.9999767146073, "area_ha": 0.79999999767146068, "kelas_sawah": "unlabeled", "varietas": "unlabeled", "usia_fase": null, "overlap_ratio": 0.0, "is_ground_truth": false }, "geometry": { "type": "Polygon", "coordinates": [ [ [ 110.679965566016421, -7.61509986725723 ], [ 110.680056226357465, -7.615099934199685 ], [ 110.680055689632056, -7.615823580296393 ], [ 110.680780973653967, -7.615824115243145 ], [ 110.680781643042579, -7.614919557548149 ], [ 110.680419001786206, -7.61491929026342 ], [ 110.680418934771893, -7.615009746031123 ], [ 110.68032827443983, -7.615009679160533 ], [ 110.680328341472119, -7.61491922339283 ], [ 110.680056360538828, -7.614919022673263 ], [ 110.680056293452637, -7.615009478431983 ], [ 110.679965633120574, -7.615009411489527 ], [ 110.679965566016421, -7.61509986725723 ] ] ] } },
{ "type": "Feature", "properties": { "cluster_id": -867996431, "count": 82, "area_m2": 8200.0000193569576, "area_ha": 0.82000000193569578, "kelas_sawah": "unlabeled", "varietas": "unlabeled", "usia_fase": null, "overlap_ratio": 0.0, "is_ground_truth": false }, "geometry": { "type": "Polygon", "coordinates": [ [ [ 110.679965633120574, -7.615009411489527 ], [ 110.680056293452637, -7.615009478431983 ], [ 110.680056360538828, -7.614919022673263 ], [ 110.680328341472119, -7.61491922339283 ], [ 110.68032827443983, -7.615009679160533 ], [ 110.680418934771893, -7.615009746031123 ], [ 110.680419001786206, -7.61491929026342 ], [ 110.680781643042579, -7.614919557548149 ], [ 110.680781843842993, -7.614648190236058 ], [ 110.680872504103192, -7.614648257007833 ], [ 110.680872838653769, -7.614195978133385 ], [ 110.680782178492393, -7.614195911361611 ], [ 110.680782245416879, -7.614105455593908 ], [ 110.680419604843223, -7.614105188336127 ], [ 110.680419537837892, -7.61419564410383 ], [ 110.680056897201354, -7.614195376540623 ], [ 110.680056830124158, -7.614285832308326 ], [ 110.679966169944805, -7.614285765365871 ], [ 110.679965633120574, -7.615009411489527 ] ] ] } },
{ "type": "Feature", "properties": { "cluster_id": -1944852243, "count": 77, "area_m2": 7700.0000234509935, "area_ha": 0.77000000234509935, "kelas_sawah": "unlabeled", "varietas": "unlabeled", "usia_fase": null, "overlap_ratio": 0.0, "is_ground_truth": false }, "geometry": { "type": "Polygon", "coordinates": [ [ [ 110.679966237048959, -7.614195309607151 ], [ 110.680419537837892, -7.61419564410383 ], [ 110.680419604843223, -7.614105188336127 ], [ 110.680782245416879, -7.614105455593908 ], [ 110.680782312350345, -7.614014999817222 ], [ 110.680872972475797, -7.614015066580014 ], [ 110.680873240092907, -7.613653243473269 ], [ 110.680782580048302, -7.613653176710478 ], [ 110.680782780812791, -7.613381809380419 ], [ 110.680057500887187, -7.613381274613331 ], [ 110.680057232596354, -7.613743097702109 ], [ 110.679966572533786, -7.613743030759654 ], [ 110.679966237048959, -7.614195309607151 ] ] ] } },
{ "type": "Feature", "properties": { "cluster_id": 544245096, "count": 81, "area_m2": 8099.9999700608896, "area_ha": 0.80999999700608893, "kelas_sawah": "unlabeled", "varietas": "unlabeled", "usia_fase": null, "overlap_ratio": 0.0, "is_ground_truth": false }, "geometry": { "type": "Polygon", "coordinates": [ [ [ 110.679966840905479, -7.613381207688843 ], [ 110.680782780812791, -7.613381809380419 ], [ 110.680783383061325, -7.612567707372278 ], [ 110.679967444699116, -7.6125671057346 ], [ 110.679966840905479, -7.613381207688843 ] ] ] } },
{ "type": "Feature", "properties": { "cluster_id": -519133536, "count": 9, "area_m2": 899.99998977000359, "area_ha": 0.089999998977000353, "kelas_sawah": "unlabeled", "varietas": "unlabeled", "usia_fase": null, "overlap_ratio": 0.0, "is_ground_truth": false }, "geometry": { "type": "Polygon", "coordinates": [ [ [ 110.679967444699116, -7.6125671057346 ], [ 110.680783383061325, -7.612567707372278 ], [ 110.680783449976829, -7.612477251586609 ], [ 110.679967511776312, -7.612476649966897 ], [ 110.679967444699116, -7.6125671057346 ] ] ] } },
{ "type": "Feature", "properties": { "cluster_id": 1431009343, "count": 50, "area_m2": 5000.0000356300734, "area_ha": 0.50000000356300733, "kelas_sawah": "unlabeled", "varietas": "unlabeled", "usia_fase": null, "overlap_ratio": 0.0, "is_ground_truth": false }, "geometry": { "type": "Polygon", "coordinates": [ [ [ 110.679949571234317, -7.636628328193605 ], [ 110.68004023611185, -7.636628395333688 ], [ 110.680040168828029, -7.636718851002577 ], [ 110.680765488045935, -7.636719387431548 ], [ 110.680765823692468, -7.636267109024225 ], [ 110.680856488498137, -7.636267175984647 ], [ 110.680856555611271, -7.636176720306776 ], [ 110.680040572521932, -7.636176116953315 ], [ 110.680040303395657, -7.636537939655818 ], [ 110.679949638536101, -7.636537872524716 ], [ 110.679949571234317, -7.636628328193605 ] ] ] } },
{ "type": "Feature", "properties": { "cluster_id": 1880038748, "count": 84, "area_m2": 8399.9999843467958, "area_ha": 0.83999999843467954, "kelas_sawah": "unlabeled", "varietas": "unlabeled", "usia_fase": null, "overlap_ratio": 0.0, "is_ground_truth": false }, "geometry": { "type": "MultiPolygon", "coordinates": [ [ [ [ 110.680766494931603, -7.63536255218263 ], [ 110.680857159548637, -7.635362619143051 ], [ 110.680857226643795, -7.635272163456197 ], [ 110.680766562044738, -7.635272096504758 ], [ 110.680766494931603, -7.63536255218263 ] ] ], [ [ [ 110.680766494931603, -7.63536255218263 ], [ 110.680675830305603, -7.635362485213226 ], [ 110.680675897445681, -7.635272029526371 ], [ 110.680403903657506, -7.635271828492394 ], [ 110.680403836463512, -7.635362284170265 ], [ 110.680313171846493, -7.635362217120012 ], [ 110.680313239058449, -7.635271761442141 ], [ 110.680131909869317, -7.635271627287737 ], [ 110.680131842621435, -7.635362082965607 ], [ 110.680041178004402, -7.635362015861456 ], [ 110.680040976188891, -7.63563338289507 ], [ 110.67995031151797, -7.635633315763969 ], [ 110.679949907743222, -7.636176049822214 ], [ 110.680765890814584, -7.636176653346355 ], [ 110.680766494931603, -7.63536255218263 ] ] ] ] } },
{ "type": "Feature", "properties": { "cluster_id": 1988267781, "count": 78, "area_m2": 7800.0000320645631, "area_ha": 0.78000000320645635, "kelas_sawah": "unlabeled", "varietas": "unlabeled", "usia_fase": null, "overlap_ratio": 0.0, "is_ground_truth": false }, "geometry": { "type": "Polygon", "coordinates": [ [ [ 110.679951724505031, -7.633733746456805 ], [ 110.680223717305068, -7.633733947733328 ], [ 110.680223784526007, -7.633643492046473 ], [ 110.680405113032421, -7.633643626137996 ], [ 110.680405045847422, -7.63373408182485 ], [ 110.680767702950078, -7.633734349783317 ], [ 110.680768038461849, -7.633282071313111 ], [ 110.680858702638702, -7.633282138246583 ], [ 110.680858970965474, -7.632920315463232 ], [ 110.680042994047568, -7.632919712379266 ], [ 110.680042657790196, -7.633371990822522 ], [ 110.679951993595381, -7.633371923709388 ], [ 110.679951724505031, -7.633733746456805 ] ] ] } },
{ "type": "Feature", "properties": { "cluster_id": 1677116, "count": 87, "area_m2": 8699.9999465371366, "area_ha": 0.86999999465371369, "kelas_sawah": "unlabeled", "varietas": "unlabeled", "usia_fase": null, "overlap_ratio": 0.0, "is_ground_truth": false }, "geometry": { "type": "Polygon", "coordinates": [ [ [ 110.679954751108895, -7.629663240233942 ], [ 110.680770721837405, -7.629663843228077 ], [ 110.680770788905619, -7.629573387523256 ], [ 110.680861452300931, -7.629573454429778 ], [ 110.680861519351183, -7.629482998715974 ], [ 110.680770855973833, -7.629482931809451 ], [ 110.680771057160527, -7.629211564677023 ], [ 110.680861720483975, -7.629211631583545 ], [ 110.680862055699308, -7.628759353014526 ], [ 110.680408739567156, -7.628759018338183 ], [ 110.680408672436045, -7.628849474051987 ], [ 110.680046019465649, -7.628849205967756 ], [ 110.680045750608869, -7.62921102878704 ], [ 110.679955087294402, -7.629210961718821 ], [ 110.679954751108895, -7.629663240233942 ] ] ] } },
{ "type": "Feature", "properties": { "cluster_id": 1358632092, "count": 4, "area_m2": 400.00001230771881, "area_ha": 0.040000001230771881, "kelas_sawah": "unlabeled", "varietas": "unlabeled", "usia_fase": null, "overlap_ratio": 0.0, "is_ground_truth": false }, "geometry": { "type": "Polygon", "coordinates": [ [ [ 110.680783383061325, -7.612567707372278 ], [ 110.681146022359371, -7.612567974270733 ], [ 110.68114608919403, -7.612477518485064 ], [ 110.680783449976829, -7.612477251586609 ], [ 110.680783383061325, -7.612567707372278 ] ] ] } },
{ "type": "Feature", "properties": { "cluster_id": 253864298, "count": 77, "area_m2": 7700.0000111534609, "area_ha": 0.77000000111534606, "kelas_sawah": "unlabeled", "varietas": "unlabeled", "usia_fase": null, "overlap_ratio": 0.0, "is_ground_truth": false }, "geometry": { "type": "Polygon", "coordinates": [ [ [ 110.680770855973833, -7.629482931809451 ], [ 110.680861519351183, -7.629482998715974 ], [ 110.68086138525068, -7.629663910134599 ], [ 110.68095204867295, -7.629663977023155 ], [ 110.680952115705225, -7.629573521309351 ], [ 110.681586759526326, -7.629573988972288 ], [ 110.681586826423867, -7.629483533258484 ], [ 110.681677489810198, -7.629483599985343 ], [ 110.681677757310524, -7.629121777112161 ], [ 110.681587093996058, -7.629121710385301 ], [ 110.681587294670706, -7.628850343225923 ], [ 110.681405968158558, -7.628850209718306 ], [ 110.681406035092039, -7.628759753995519 ], [ 110.681224708624796, -7.628759620407052 ], [ 110.68122464165539, -7.62885007612984 ], [ 110.681133978403807, -7.628850009304166 ], [ 110.681134045391175, -7.628759553590362 ], [ 110.680862055699308, -7.628759353014526 ], [ 110.680861720483975, -7.629211631583545 ], [ 110.680771057160527, -7.629211564677023 ], [ 110.680770855973833, -7.629482931809451 ] ] ] } },
{ "type": "Feature", "properties": { "cluster_id": -968532999, "count": 84, "area_m2": 8400.0000100926263, "area_ha": 0.84000000100926264, "kelas_sawah": "unlabeled", "varietas": "unlabeled", "usia_fase": null, "overlap_ratio": 0.0, "is_ground_truth": false }, "geometry": { "type": "Polygon", "coordinates": [ [ [ 110.680777357557659, -7.620708726133162 ], [ 110.681593311388852, -7.620709326872525 ], [ 110.681593511829945, -7.620437959614332 ], [ 110.681684173320832, -7.620438026260343 ], [ 110.681684574068257, -7.619895291717008 ], [ 110.681412589963912, -7.619895091716093 ], [ 110.681412656807552, -7.619804635966356 ], [ 110.681321995460394, -7.619804569257464 ], [ 110.68132192858981, -7.619895025016183 ], [ 110.681231267224689, -7.619894958289324 ], [ 110.681231334113235, -7.619804502539587 ], [ 110.681140672766091, -7.619804435794761 ], [ 110.681140605859568, -7.619894891553481 ], [ 110.680868621764191, -7.619894691211207 ], [ 110.680868286953114, -7.62034696995989 ], [ 110.680777625498152, -7.620346903134216 ], [ 110.680777357557659, -7.620708726133162 ] ] ] } },
{ "type": "Feature", "properties": { "cluster_id": 2054347803, "count": 82, "area_m2": 8199.9999744107481, "area_ha": 0.81999999744107477, "kelas_sawah": "unlabeled", "varietas": "unlabeled", "usia_fase": null, "overlap_ratio": 0.0, "is_ground_truth": false }, "geometry": { "type": "Polygon", "coordinates": [ [ [ 110.680779165902251, -7.618266420818409 ], [ 110.68159511511611, -7.618267021369126 ], [ 110.681595716223782, -7.617452919477766 ], [ 110.681414394517617, -7.617452786167778 ], [ 110.681414461343294, -7.617362330400075 ], [ 110.681051818002828, -7.617362063564503 ], [ 110.681051751105286, -7.617452519323223 ], [ 110.680870429399121, -7.617452385788656 ], [ 110.680870362465654, -7.617542841547376 ], [ 110.680779701594602, -7.617542774748651 ], [ 110.680779634634192, -7.617633230516354 ], [ 110.680870295523206, -7.617633297306096 ], [ 110.680870161638296, -7.617814208832518 ], [ 110.680779500713342, -7.617814142033794 ], [ 110.680779165902251, -7.618266420818409 ] ] ] } },
{ "type": "Feature", "properties": { "cluster_id": -523641636, "count": 79, "area_m2": 7899.9999801945523, "area_ha": 0.7899999980194552, "kelas_sawah": "unlabeled", "varietas": "unlabeled", "usia_fase": null, "overlap_ratio": 0.0, "is_ground_truth": false }, "geometry": { "type": "Polygon", "coordinates": [ [ [ 110.68077554861118, -7.623151031160454 ], [ 110.680866210659019, -7.623151098004095 ], [ 110.680866277646402, -7.623060642272324 ], [ 110.681682235942219, -7.623061243029653 ], [ 110.681682770457783, -7.62233759705871 ], [ 110.681501446694483, -7.622337463703806 ], [ 110.681501513538123, -7.62224700795407 ], [ 110.681229527951544, -7.622246807782475 ], [ 110.681229461045021, -7.622337263523228 ], [ 110.680866813536383, -7.62233699635528 ], [ 110.680866478608507, -7.622789275050064 ], [ 110.680775816641514, -7.622789208206424 ], [ 110.68077554861118, -7.623151031160454 ] ] ] } },
{ "type": "Feature", "properties": { "cluster_id": 1635908386, "count": 80, "area_m2": 8000.000007362687, "area_ha": 0.80000000073626876, "kelas_sawah": "unlabeled", "varietas": "unlabeled", "usia_fase": null, "overlap_ratio": 0.0, "is_ground_truth": false }, "geometry": { "type": "Polygon", "coordinates": [ [ [ 110.680780371135938, -7.616638217134504 ], [ 110.680961692491763, -7.616638350687038 ], [ 110.680961759407268, -7.616547894928318 ], [ 110.681143080727153, -7.616548028408986 ], [ 110.68114301385657, -7.616638484176689 ], [ 110.681324335221376, -7.616638617585492 ], [ 110.681324402056021, -7.616548161817789 ], [ 110.681596384049328, -7.616548361782771 ], [ 110.681596651154408, -7.616186538693993 ], [ 110.68168731174697, -7.616186605304072 ], [ 110.681687578762208, -7.61582478220631 ], [ 110.681506257738761, -7.615824648968188 ], [ 110.681506324528499, -7.615734193191502 ], [ 110.681143682553483, -7.615733926481694 ], [ 110.681143615691866, -7.61582438225838 ], [ 110.680780973653967, -7.615824115243145 ], [ 110.680780906711504, -7.615914571010848 ], [ 110.680871567241198, -7.615914637791605 ], [ 110.68087129953426, -7.616276460862418 ], [ 110.680780638932703, -7.616276394072676 ], [ 110.680780371135938, -7.616638217134504 ] ] ] } },
{ "type": "Feature", "properties": { "cluster_id": 1480046188, "count": 54, "area_m2": 5399.9999805953121, "area_ha": 0.53999999805953125, "kelas_sawah": "unlabeled", "varietas": "unlabeled", "usia_fase": null, "overlap_ratio": 0.0, "is_ground_truth": false }, "geometry": { "type": "Polygon", "coordinates": [ [ [ 110.680765488045935, -7.636719387431548 ], [ 110.68140014239529, -7.636719855804155 ], [ 110.681400209391654, -7.6366294001173 ], [ 110.681581539173663, -7.636629533768648 ], [ 110.681581606134088, -7.63653907807281 ], [ 110.681672271011621, -7.636539144871535 ], [ 110.681672471821017, -7.636267777801988 ], [ 110.681581807006367, -7.636267711012247 ], [ 110.681581873966792, -7.636177255325393 ], [ 110.680856555611271, -7.636176720306776 ], [ 110.680856488498137, -7.636267175984647 ], [ 110.680765823692468, -7.636267109024225 ], [ 110.680765488045935, -7.636719387431548 ] ] ] } },
{ "type": "Feature", "properties": { "cluster_id": 442038874, "count": 81, "area_m2": 8099.9999592680251, "area_ha": 0.8099999959268025, "kelas_sawah": "unlabeled", "varietas": "unlabeled", "usia_fase": null, "overlap_ratio": 0.0, "is_ground_truth": false }, "geometry": { "type": "Polygon", "coordinates": [ [ [ 110.680857159548637, -7.635362619143051 ], [ 110.680947824165656, -7.635362686076523 ], [ 110.680947891242852, -7.635272230389669 ], [ 110.681129220449961, -7.635272364202714 ], [ 110.681129153408691, -7.635362819889568 ], [ 110.681582476529741, -7.635363154098786 ], [ 110.681582543472189, -7.635272698402948 ], [ 110.681673208080227, -7.63527276519269 ], [ 110.681673743485121, -7.634549119625989 ], [ 110.681583079029792, -7.63454905284523 ], [ 110.681583145963273, -7.634458597149393 ], [ 110.681220488231787, -7.63445832985568 ], [ 110.681220421217475, -7.634548785551518 ], [ 110.680948427869467, -7.634548584876867 ], [ 110.680948360792257, -7.634639040563721 ], [ 110.680857696327948, -7.634638973639232 ], [ 110.680857159548637, -7.635362619143051 ] ] ] } },
{ "type": "Feature", "properties": { "cluster_id": 1893469168, "count": 87, "area_m2": 8699.9999623457552, "area_ha": 0.86999999623457547, "kelas_sawah": "unlabeled", "varietas": "unlabeled", "usia_fase": null, "overlap_ratio": 0.0, "is_ground_truth": false }, "geometry": { "type": "Polygon", "coordinates": [ [ [ 110.680767098967792, -7.634548451000939 ], [ 110.680857763414139, -7.634548517943395 ], [ 110.680857696327948, -7.634638973639232 ], [ 110.680948360792257, -7.634639040563721 ], [ 110.680948427869467, -7.634548584876867 ], [ 110.681220421217475, -7.634548785551518 ], [ 110.681220488231787, -7.63445832985568 ], [ 110.681583145963273, -7.634458597149393 ], [ 110.681583748391461, -7.633644495868888 ], [ 110.680767770054217, -7.633643894087479 ], [ 110.680767098967792, -7.634548451000939 ] ] ] } },
{ "type": "Feature", "properties": { "cluster_id": 1774953254, "count": 76, "area_m2": 7600.0000012683449, "area_ha": 0.76000000012683444, "kelas_sawah": "unlabeled", "varietas": "unlabeled", "usia_fase": null, "overlap_ratio": 0.0, "is_ground_truth": false }, "geometry": { "type": "Polygon", "coordinates": [ [ [ 110.680767770054217, -7.633643894087479 ], [ 110.681583748391461, -7.633644495868888 ], [ 110.681583815324942, -7.633554040164067 ], [ 110.681674479573644, -7.633554106935842 ], [ 110.681674546480167, -7.633463651231021 ], [ 110.681583882258408, -7.633463584468229 ], [ 110.681584016116375, -7.633282673058587 ], [ 110.681674680302194, -7.633282739830363 ], [ 110.681674947937267, -7.632920917011079 ], [ 110.681584283823312, -7.632920850248287 ], [ 110.681584350747798, -7.63283039455245 ], [ 110.681312358477754, -7.632830194147293 ], [ 110.681312291499367, -7.632920649852114 ], [ 110.680858970965474, -7.632920315463232 ], [ 110.680858702638702, -7.633282138246583 ], [ 110.680768038461849, -7.633282071313111 ], [ 110.680767770054217, -7.633643894087479 ] ] ] } },
{ "type": "Feature", "properties": { "cluster_id": 1595125386, "count": 80, "area_m2": 8000.000016563281, "area_ha": 0.80000000165632812, "kelas_sawah": "unlabeled", "varietas": "unlabeled", "usia_fase": null, "overlap_ratio": 0.0, "is_ground_truth": false }, "geometry": { "type": "Polygon", "coordinates": [ [ [ 110.680768306860486, -7.632920248529761 ], [ 110.681312291499367, -7.632920649852114 ], [ 110.681312358477754, -7.632830194147293 ], [ 110.681584350747798, -7.63283039455245 ], [ 110.681584618445754, -7.632468571733166 ], [ 110.681675282460901, -7.632468638486975 ], [ 110.681675416264966, -7.632287727077333 ], [ 110.681584752285744, -7.632287660323525 ], [ 110.681584886125734, -7.6321067489049 ], [ 110.680768910699044, -7.632106147249255 ], [ 110.680768306860486, -7.632920248529761 ] ] ] } },
{ "type": "Feature", "properties": { "cluster_id": 1190694529, "count": 79, "area_m2": 7900.0000097544398, "area_ha": 0.79000000097544398, "kelas_sawah": "unlabeled", "varietas": "unlabeled", "usia_fase": null, "overlap_ratio": 0.0, "is_ground_truth": false }, "geometry": { "type": "Polygon", "coordinates": [ [ [ 110.680768910699044, -7.632106147249255 ], [ 110.681494222191432, -7.632106682133124 ], [ 110.681494289124899, -7.632016226428304 ], [ 110.681584953041238, -7.632016293200079 ], [ 110.681585488365286, -7.631292647534563 ], [ 110.680769514474704, -7.631292045941801 ], [ 110.680769380311318, -7.631472957351442 ], [ 110.680860044110872, -7.631473024266947 ], [ 110.680859977042658, -7.631563479971768 ], [ 110.680769313225127, -7.63156341304728 ], [ 110.680768910699044, -7.632106147249255 ] ] ] } },
{ "type": "Feature", "properties": { "cluster_id": -128766291, "count": 90, "area_m2": 9000.0000052317046, "area_ha": 0.90000000052317042, "kelas_sawah": "unlabeled", "varietas": "unlabeled", "usia_fase": null, "overlap_ratio": 0.0, "is_ground_truth": false }, "geometry": { "type": "MultiPolygon", "coordinates": [ [ [ [ 110.680860781780439, -7.630478011513919 ], [ 110.680860848839671, -7.630387555809098 ], [ 110.680770185264691, -7.630387488893592 ], [ 110.680770118187496, -7.630477944598413 ], [ 110.680860781780439, -7.630478011513919 ] ] ], [ [ [ 110.680860781780439, -7.630478011513919 ], [ 110.680860580611707, -7.630749378637364 ], [ 110.680769916964863, -7.630749311721859 ], [ 110.680769514474704, -7.631292045941801 ], [ 110.681585488365286, -7.631292647534563 ], [ 110.681585822906882, -7.630840368974527 ], [ 110.68167648658067, -7.630840435719352 ], [ 110.681676754125917, -7.630478612864136 ], [ 110.681586090532974, -7.630478546128294 ], [ 110.681586157430516, -7.63038809041449 ], [ 110.68095151240567, -7.630387622697654 ], [ 110.680951445373381, -7.630478078411458 ], [ 110.680860781780439, -7.630478011513919 ] ] ] ] } },
{ "type": "Feature", "properties": { "cluster_id": 337423992, "count": 83, "area_m2": 8299.9999987031333, "area_ha": 0.82999999987031337, "kelas_sawah": "sawah", "varietas": "Rojolele Srinuk", "usia_fase": "terkalibrasi", "overlap_ratio": 0.31176329176083617, "is_ground_truth": true }, "geometry": { "type": "Polygon", "coordinates": [ [ [ 110.680770185264691, -7.630387488893592 ], [ 110.680860848839671, -7.630387555809098 ], [ 110.680860781780439, -7.630478011513919 ], [ 110.680951445373381, -7.630478078411458 ], [ 110.68095151240567, -7.630387622697654 ], [ 110.681586157430516, -7.63038809041449 ], [ 110.681586425038631, -7.630026267559273 ], [ 110.681677088541747, -7.630026334295116 ], [ 110.681677356060035, -7.629664511421934 ], [ 110.681586692628784, -7.629664444695075 ], [ 110.681586759526326, -7.629573988972288 ], [ 110.680952115705225, -7.629573521309351 ], [ 110.68095204867295, -7.629663977023155 ], [ 110.68086138525068, -7.629663910134599 ], [ 110.680861452300931, -7.629573454429778 ], [ 110.680770788905619, -7.629573387523256 ], [ 110.680770453555539, -7.630025666065326 ], [ 110.680861117049673, -7.630025732971848 ], [ 110.680860982949156, -7.630206644390473 ], [ 110.680770319410115, -7.630206577483951 ], [ 110.680770185264691, -7.630387488893592 ] ] ] } },
{ "type": "Feature", "properties": { "cluster_id": -2052730120, "count": 78, "area_m2": 7800.0000103001366, "area_ha": 0.78000000103001366, "kelas_sawah": "unlabeled", "varietas": "unlabeled", "usia_fase": null, "overlap_ratio": 0.0, "is_ground_truth": false }, "geometry": { "type": "Polygon", "coordinates": [ [ [ 110.680771727761865, -7.628307007547966 ], [ 110.680862390896678, -7.628307074436522 ], [ 110.680862055699308, -7.628759353014526 ], [ 110.681134045391175, -7.628759553590362 ], [ 110.681133978403807, -7.628850009304166 ], [ 110.68122464165539, -7.62885007612984 ], [ 110.681224708624796, -7.628759620407052 ], [ 110.681406035092039, -7.628759753995519 ], [ 110.681405968158558, -7.628850209718306 ], [ 110.681587294670706, -7.628850343225923 ], [ 110.681587963520343, -7.627945786007035 ], [ 110.680862659034801, -7.627945251572323 ], [ 110.680862592002512, -7.628035707286127 ], [ 110.680771928930596, -7.628035640397571 ], [ 110.680771727761865, -7.628307007547966 ] ] ] } },
{ "type": "Feature", "properties": { "cluster_id": -836496918, "count": 67, "area_m2": 6700.0000379953417, "area_ha": 0.67000000379953417, "kelas_sawah": "unlabeled", "varietas": "unlabeled", "usia_fase": null, "overlap_ratio": 0.0, "is_ground_truth": false }, "geometry": { "type": "MultiPolygon", "coordinates": [ [ [ [ 110.680862659034801, -7.627945251572323 ], [ 110.681587963520343, -7.627945786007035 ], [ 110.681588097279487, -7.627764874552478 ], [ 110.681678760306497, -7.627764941270354 ], [ 110.68167889402072, -7.627584029815797 ], [ 110.681588231038631, -7.627583963106903 ], [ 110.681588498538957, -7.627222140197789 ], [ 110.680863195275123, -7.627221605816976 ], [ 110.680862659034801, -7.627945251572323 ] ] ], [ [ [ 110.680862659034801, -7.627945251572323 ], [ 110.680771995980848, -7.627945184683767 ], [ 110.680771928930596, -7.628035640397571 ], [ 110.680862592002512, -7.628035707286127 ], [ 110.680862659034801, -7.627945251572323 ] ] ] ] } },
{ "type": "Feature", "properties": { "cluster_id": -1098740876, "count": 87, "area_m2": 8699.9999748324626, "area_ha": 0.8699999974832463, "kelas_sawah": "unlabeled", "varietas": "unlabeled", "usia_fase": null, "overlap_ratio": 0.0, "is_ground_truth": false }, "geometry": { "type": "Polygon", "coordinates": [ [ [ 110.680772532373894, -7.627221538937403 ], [ 110.681588498538957, -7.627222140197789 ], [ 110.681588766030302, -7.626860317288674 ], [ 110.681679428868662, -7.626860383997567 ], [ 110.681679696270166, -7.626498561079469 ], [ 110.681589033512651, -7.626498494370576 ], [ 110.681589167244852, -7.626317582907036 ], [ 110.6814078418017, -7.626317449444334 ], [ 110.681407774904159, -7.626407905176104 ], [ 110.680773135754293, -7.626407437441302 ], [ 110.680772532373894, -7.627221538937403 ] ] ] } },
{ "type": "Feature", "properties": { "cluster_id": 378027277, "count": 82, "area_m2": 8199.999999376887, "area_ha": 0.81999999993768868, "kelas_sawah": "unlabeled", "varietas": "unlabeled", "usia_fase": null, "overlap_ratio": 0.0, "is_ground_truth": false }, "geometry": { "type": "Polygon", "coordinates": [ [ [ 110.680773135754293, -7.626407437441302 ], [ 110.681407774904159, -7.626407905176104 ], [ 110.6814078418017, -7.626317449444334 ], [ 110.681589167244852, -7.626317582907036 ], [ 110.681589367838654, -7.626046215711725 ], [ 110.681680030506342, -7.626046282420617 ], [ 110.681680231037262, -7.625774915216324 ], [ 110.681589568432457, -7.625774848516413 ], [ 110.681589702146695, -7.625593937052873 ], [ 110.680773739062843, -7.625593335918252 ], [ 110.680773135754293, -7.626407437441302 ] ] ] } },
{ "type": "Feature", "properties": { "cluster_id": -439064963, "count": 90, "area_m2": 9000.0000816746615, "area_ha": 0.90000000816746617, "kelas_sawah": "unlabeled", "varietas": "unlabeled", "usia_fase": null, "overlap_ratio": 0.0, "is_ground_truth": false }, "geometry": { "type": "Polygon", "coordinates": [ [ [ 110.680773739062843, -7.625593335918252 ], [ 110.681680364715547, -7.625594003752783 ], [ 110.681680431559201, -7.62550354801203 ], [ 110.681589769008298, -7.625503481321103 ], [ 110.681589902722521, -7.62532256984858 ], [ 110.681680565237485, -7.625322636539506 ], [ 110.681680832585101, -7.624960813594458 ], [ 110.681590170150983, -7.624960746903532 ], [ 110.681590370708861, -7.624689379690254 ], [ 110.681227721196962, -7.624689112746885 ], [ 110.681227654272476, -7.624779568478655 ], [ 110.68077434230851, -7.624779234359268 ], [ 110.680773739062843, -7.625593335918252 ] ] ] } },
{ "type": "Feature", "properties": { "cluster_id": -303859981, "count": 71, "area_m2": 7100.0000165504753, "area_ha": 0.71000000165504751, "kelas_sawah": "unlabeled", "varietas": "unlabeled", "usia_fase": null, "overlap_ratio": 0.0, "is_ground_truth": false }, "geometry": { "type": "Polygon", "coordinates": [ [ [ 110.68077434230851, -7.624779234359268 ], [ 110.681227654272476, -7.624779568478655 ], [ 110.681227721196962, -7.624689112746885 ], [ 110.681590370708861, -7.624689379690254 ], [ 110.681590905493906, -7.623965733782193 ], [ 110.680774945491279, -7.623965132773336 ], [ 110.680774878476967, -7.624055588514089 ], [ 110.680865540713455, -7.624055655366713 ], [ 110.68086533971541, -7.624327022562023 ], [ 110.680774677425021, -7.6243269557094 ], [ 110.680774610401713, -7.62441741144117 ], [ 110.68086527271906, -7.624417478293794 ], [ 110.680865071703039, -7.624688845489104 ], [ 110.680774409331804, -7.624688778627498 ], [ 110.68077434230851, -7.624779234359268 ] ] ] } },
{ "type": "Feature", "properties": { "cluster_id": -1009246951, "count": 93, "area_m2": 9299.9999802917591, "area_ha": 0.92999999802917588, "kelas_sawah": "unlabeled", "varietas": "unlabeled", "usia_fase": null, "overlap_ratio": 0.0, "is_ground_truth": false }, "geometry": { "type": "Polygon", "coordinates": [ [ [ 110.680774945491279, -7.623965132773336 ], [ 110.681590905493906, -7.623965733782193 ], [ 110.68159123971212, -7.623513455069443 ], [ 110.681681901840804, -7.623513521751387 ], [ 110.681682169125537, -7.62315169877939 ], [ 110.681591507068703, -7.623151632097446 ], [ 110.681591573903361, -7.623061176356693 ], [ 110.680866277646402, -7.623060642272324 ], [ 110.680866210659019, -7.623151098004095 ], [ 110.68077554861118, -7.623151031160454 ], [ 110.680774945491279, -7.623965132773336 ] ] ] } },
{ "type": "Feature", "properties": { "cluster_id": 1020098858, "count": 83, "area_m2": 8299.9999573000241, "area_ha": 0.82999999573000238, "kelas_sawah": "unlabeled", "varietas": "unlabeled", "usia_fase": null, "overlap_ratio": 0.0, "is_ground_truth": false }, "geometry": { "type": "Polygon", "coordinates": [ [ [ 110.680776151659217, -7.62233692951164 ], [ 110.681229461045021, -7.622337263523228 ], [ 110.681229527951544, -7.622246807782475 ], [ 110.681501513538123, -7.62224700795407 ], [ 110.681501446694483, -7.622337463703806 ], [ 110.681592108571635, -7.622337530385749 ], [ 110.681592242231972, -7.62215661889526 ], [ 110.68168290408218, -7.622156685559237 ], [ 110.681682970889895, -7.622066229809501 ], [ 110.681592309057649, -7.622066163145523 ], [ 110.681592442717971, -7.62188525164605 ], [ 110.681683104505311, -7.621885318310027 ], [ 110.681683371727146, -7.621523495311081 ], [ 110.681592710011685, -7.621523428647103 ], [ 110.681592776837363, -7.621432972897368 ], [ 110.681230130074312, -7.621432706061795 ], [ 110.681230063176784, -7.621523161811532 ], [ 110.680867416341869, -7.621522894670533 ], [ 110.680867148437301, -7.621884717642529 ], [ 110.680776486658957, -7.621884650807872 ], [ 110.680776151659217, -7.62233692951164 ] ] ] } },
{ "type": "Feature", "properties": { "cluster_id": -805506173, "count": 80, "area_m2": 7999.9999906599987, "area_ha": 0.79999999906599983, "kelas_sawah": "unlabeled", "varietas": "unlabeled", "usia_fase": null, "overlap_ratio": 0.0, "is_ground_truth": false }, "geometry": { "type": "Polygon", "coordinates": [ [ [ 110.680776754635389, -7.621522827835875 ], [ 110.681230063176784, -7.621523161811532 ], [ 110.681230130074312, -7.621432706061795 ], [ 110.681592776837363, -7.621432972897368 ], [ 110.681592977296418, -7.621161605639174 ], [ 110.681683638940015, -7.621161672303152 ], [ 110.681683839336188, -7.620890305035975 ], [ 110.681593177755474, -7.620890238380982 ], [ 110.681593311388852, -7.620709326872525 ], [ 110.680777357557659, -7.620708726133162 ], [ 110.680776754635389, -7.621522827835875 ] ] ] } },
{ "type": "Feature", "properties": { "cluster_id": 663144546, "count": 84, "area_m2": 8400.0000099497265, "area_ha": 0.84000000099497263, "kelas_sawah": "unlabeled", "varietas": "unlabeled", "usia_fase": null, "overlap_ratio": 0.0, "is_ground_truth": false }, "geometry": { "type": "Polygon", "coordinates": [ [ [ 110.68077796039907, -7.619894624394516 ], [ 110.681140605859568, -7.619894891553481 ], [ 110.681140672766091, -7.619804435794761 ], [ 110.681231334113235, -7.619804502539587 ], [ 110.681231267224689, -7.619894958289324 ], [ 110.68132192858981, -7.619895025016183 ], [ 110.681321995460394, -7.619804569257464 ], [ 110.681412656807552, -7.619804635966356 ], [ 110.681412589963912, -7.619895091716093 ], [ 110.681593912694154, -7.619895225070997 ], [ 110.681594113117285, -7.619623857794838 ], [ 110.681684774428504, -7.619623924440849 ], [ 110.681684841218242, -7.619533468682129 ], [ 110.681594179924986, -7.619533402036118 ], [ 110.681594246732701, -7.619442946277398 ], [ 110.681684908007981, -7.619443012923409 ], [ 110.681685175140004, -7.619081189879547 ], [ 110.681594513936574, -7.619081123233536 ], [ 110.681594580744289, -7.618990667474816 ], [ 110.681231936029391, -7.618990400729076 ], [ 110.681231869149826, -7.619080856487796 ], [ 110.680869224381041, -7.619080589436628 ], [ 110.680868956557319, -7.619442412444558 ], [ 110.68077829529102, -7.61944234563685 ], [ 110.68077796039907, -7.619894624394516 ] ] ] } },
{ "type": "Feature", "properties": { "cluster_id": 1698721629, "count": 77, "area_m2": 7700.0000194538734, "area_ha": 0.77000000194538731, "kelas_sawah": "unlabeled", "varietas": "unlabeled", "usia_fase": null, "overlap_ratio": 0.0, "is_ground_truth": false }, "geometry": { "type": "Polygon", "coordinates": [ [ [ 110.680778563186593, -7.619080522619937 ], [ 110.681231869149826, -7.619080856487796 ], [ 110.681231936029391, -7.618990400729076 ], [ 110.681594580744289, -7.618990667474816 ], [ 110.681594714341728, -7.618809755948393 ], [ 110.681685375482274, -7.618809822594405 ], [ 110.681685642596321, -7.618447999532576 ], [ 110.681594981527653, -7.618447932904532 ], [ 110.68159511511611, -7.618267021369126 ], [ 110.680869826926013, -7.618266487626117 ], [ 110.68086955913823, -7.618628310652013 ], [ 110.680778898033623, -7.618628243844305 ], [ 110.680778563186593, -7.619080522619937 ] ] ] } },
{ "type": "Feature", "properties": { "cluster_id": 1250527188, "count": 83, "area_m2": 8299.9999583853059, "area_ha": 0.82999999583853057, "kelas_sawah": "unlabeled", "varietas": "unlabeled", "usia_fase": null, "overlap_ratio": 0.0, "is_ground_truth": false }, "geometry": { "type": "Polygon", "coordinates": [ [ [ 110.680689174680339, -7.617361796414521 ], [ 110.68077983550647, -7.617361863231212 ], [ 110.680779768555027, -7.617452318989931 ], [ 110.681051751105286, -7.617452519323223 ], [ 110.681051818002828, -7.617362063564503 ], [ 110.681414461343294, -7.617362330400075 ], [ 110.681414394517617, -7.617452786167778 ], [ 110.681595716223782, -7.617452919477766 ], [ 110.681596384049328, -7.616548361782771 ], [ 110.681324402056021, -7.616548161817789 ], [ 110.681324335221376, -7.616638617585492 ], [ 110.68114301385657, -7.616638484176689 ], [ 110.681143080727153, -7.616548028408986 ], [ 110.680961759407268, -7.616547894928318 ], [ 110.680961692491763, -7.616638350687038 ], [ 110.680780371135938, -7.616638217134504 ], [ 110.680779902466895, -7.617271407472492 ], [ 110.680689241658726, -7.617271340655801 ], [ 110.680689174680339, -7.617361796414521 ] ] ] } },
{ "type": "Feature", "properties": { "cluster_id": -1150140513, "count": 86, "area_m2": 8600.0000201031798, "area_ha": 0.86000000201031801, "kelas_sawah": "unlabeled", "varietas": "unlabeled", "usia_fase": null, "overlap_ratio": 0.0, "is_ground_truth": false }, "geometry": { "type": "Polygon", "coordinates": [ [ [ 110.680780973653967, -7.615824115243145 ], [ 110.681143615691866, -7.61582438225838 ], [ 110.681143682553483, -7.615733926481694 ], [ 110.681506324528499, -7.615734193191502 ], [ 110.681506257738761, -7.615824648968188 ], [ 110.681596918250492, -7.615824715596232 ], [ 110.681597185328599, -7.615462892498472 ], [ 110.681687845768465, -7.615462959099567 ], [ 110.681688179501563, -7.615010680216137 ], [ 110.681597519160533, -7.615010613606058 ], [ 110.681597585923313, -7.614920157829371 ], [ 110.681234944631015, -7.614919891227362 ], [ 110.681234877796356, -7.615010347004048 ], [ 110.680781576109112, -7.615010013315852 ], [ 110.680780973653967, -7.615824115243145 ] ] ] } },
{ "type": "Feature", "properties": { "cluster_id": 182352649, "count": 88, "area_m2": 8799.9999877929804, "area_ha": 0.87999999877929802, "kelas_sawah": "unlabeled", "varietas": "unlabeled", "usia_fase": null, "overlap_ratio": 0.0, "is_ground_truth": false }, "geometry": { "type": "Polygon", "coordinates": [ [ [ 110.680782780812791, -7.613381809380419 ], [ 110.681598720782986, -7.613382409544861 ], [ 110.68159905452508, -7.612930130616514 ], [ 110.681689714425943, -7.612930197199644 ], [ 110.681689781152812, -7.612839741413975 ], [ 110.681599121269898, -7.612839674830846 ], [ 110.681599188014729, -7.612749219045177 ], [ 110.681689847879667, -7.612749285628305 ], [ 110.681689914606523, -7.612658829833653 ], [ 110.681599254759561, -7.612658763250524 ], [ 110.68159938824023, -7.612477851679186 ], [ 110.68114608919403, -7.612477518485064 ], [ 110.681146022359371, -7.612567974270733 ], [ 110.680783383061325, -7.612567707372278 ], [ 110.680782780812791, -7.613381809380419 ] ] ] } },
{ "type": "Feature", "properties": { "cluster_id": -938912892, "count": 90, "area_m2": 9000.0000429752981, "area_ha": 0.9000000042975298, "kelas_sawah": "unlabeled", "varietas": "unlabeled", "usia_fase": null, "overlap_ratio": 0.0, "is_ground_truth": false }, "geometry": { "type": "Polygon", "coordinates": [ [ [ 110.680765890814584, -7.636176653346355 ], [ 110.681581873966792, -7.636177255325393 ], [ 110.681582074821108, -7.635905888246863 ], [ 110.681672739563894, -7.635905955036604 ], [ 110.681673208080227, -7.63527276519269 ], [ 110.681582543472189, -7.635272698402948 ], [ 110.681582476529741, -7.635363154098786 ], [ 110.681129153408691, -7.635362819889568 ], [ 110.681129220449961, -7.635272364202714 ], [ 110.680947891242852, -7.635272230389669 ], [ 110.680947824165656, -7.635362686076523 ], [ 110.680766494931603, -7.63536255218263 ], [ 110.680765890814584, -7.636176653346355 ] ] ] } },
{ "type": "Feature", "properties": { "cluster_id": 1361457395, "count": 80, "area_m2": 7999.9999832277535, "area_ha": 0.79999999832277535, "kelas_sawah": "unlabeled", "varietas": "unlabeled", "usia_fase": null, "overlap_ratio": 0.0, "is_ground_truth": false }, "geometry": { "type": "Polygon", "coordinates": [ [ [ 110.680781576109112, -7.615010013315852 ], [ 110.681234877796356, -7.615010347004048 ], [ 110.681234944631015, -7.614919891227362 ], [ 110.681597585923313, -7.614920157829371 ], [ 110.681597786211697, -7.614648790490331 ], [ 110.681688446480877, -7.614648857091426 ], [ 110.681688579961545, -7.614467945538054 ], [ 110.68159791972829, -7.614467878936958 ], [ 110.681598053244898, -7.614286967374603 ], [ 110.681688713442213, -7.614287033966716 ], [ 110.6816888469139, -7.61410612240436 ], [ 110.681507526609096, -7.614105989193186 ], [ 110.68150745983732, -7.614196444978856 ], [ 110.681235479326233, -7.614196245013874 ], [ 110.681235546160892, -7.614105789237187 ], [ 110.680963565712688, -7.614105589101525 ], [ 110.680963498824127, -7.614196044878211 ], [ 110.680872838653769, -7.614195978133385 ], [ 110.680872504103192, -7.614648257007833 ], [ 110.680781843842993, -7.614648190236058 ], [ 110.680781576109112, -7.615010013315852 ] ] ] } },
{ "type": "Feature", "properties": { "cluster_id": -1383474420, "count": 81, "area_m2": 8099.9999456980731, "area_ha": 0.80999999456980731, "kelas_sawah": "unlabeled", "varietas": "unlabeled", "usia_fase": null, "overlap_ratio": 0.0, "is_ground_truth": false }, "geometry": { "type": "Polygon", "coordinates": [ [ [ 110.680782178492393, -7.614195911361611 ], [ 110.680963498824127, -7.614196044878211 ], [ 110.680963565712688, -7.614105589101525 ], [ 110.681235546160892, -7.614105789237187 ], [ 110.681235479326233, -7.614196245013874 ], [ 110.68150745983732, -7.614196444978856 ], [ 110.681507526609096, -7.614105989193186 ], [ 110.6816888469139, -7.61410612240436 ], [ 110.681689380782672, -7.613382476136973 ], [ 110.680782780812791, -7.613381809380419 ], [ 110.680782580048302, -7.613653176710478 ], [ 110.680873240092907, -7.613653243473269 ], [ 110.680872972475797, -7.614015066580014 ], [ 110.680782312350345, -7.614014999817222 ], [ 110.680782178492393, -7.614195911361611 ] ] ] } },
{ "type": "Feature", "properties": { "cluster_id": 1154752352, "count": 1, "area_m2": 100.00000081199671, "area_ha": 0.010000000081199672, "kelas_sawah": "unlabeled", "varietas": "unlabeled", "usia_fase": null, "overlap_ratio": 0.0, "is_ground_truth": false }, "geometry": { "type": "Polygon", "coordinates": [ [ [ 110.681599321495398, -7.612568307464855 ], [ 110.681689981333378, -7.612568374047984 ], [ 110.681690048051266, -7.612477918262314 ], [ 110.68159938824023, -7.612477851679186 ], [ 110.681599321495398, -7.612568307464855 ] ] ] } },
{ "type": "Feature", "properties": { "cluster_id": 1154752352, "count": 1, "area_m2": 100.00000362168088, "area_ha": 0.010000000362168087, "kelas_sawah": "unlabeled", "varietas": "unlabeled", "usia_fase": null, "overlap_ratio": 0.0, "is_ground_truth": false }, "geometry": { "type": "Polygon", "coordinates": [ [ [ 110.681961960820388, -7.61256857368059 ], [ 110.682052620658382, -7.612568640191853 ], [ 110.682052687304392, -7.612478184397201 ], [ 110.681962027493356, -7.612478117885937 ], [ 110.681961960820388, -7.61256857368059 ] ] ] } },
{ "type": "Feature", "properties": { "cluster_id": -1537512369, "count": 85, "area_m2": 8499.9999847804429, "area_ha": 0.84999999847804431, "kelas_sawah": "unlabeled", "varietas": "unlabeled", "usia_fase": null, "overlap_ratio": 0.0, "is_ground_truth": false }, "geometry": { "type": "Polygon", "coordinates": [ [ [ 110.681583079029792, -7.63454905284523 ], [ 110.682036401306434, -7.634549386542409 ], [ 110.682036468150073, -7.634458930846571 ], [ 110.68239912591747, -7.634459197448582 ], [ 110.682399192689246, -7.634368741752744 ], [ 110.682489857108649, -7.634368808353839 ], [ 110.682490324331411, -7.63373561841111 ], [ 110.682218331459495, -7.633735418553925 ], [ 110.682218398258229, -7.633644962849105 ], [ 110.68212773399155, -7.63364489619411 ], [ 110.682127667174854, -7.633735351898931 ], [ 110.681583681457994, -7.633734951564725 ], [ 110.681583079029792, -7.63454905284523 ] ] ] } },
{ "type": "Feature", "properties": { "cluster_id": 1653416048, "count": 83, "area_m2": 8299.9999947892502, "area_ha": 0.829999999478925, "kelas_sawah": "unlabeled", "varietas": "unlabeled", "usia_fase": null, "overlap_ratio": 0.0, "is_ground_truth": false }, "geometry": { "type": "Polygon", "coordinates": [ [ [ 110.681588498538957, -7.627222140197789 ], [ 110.682041813108043, -7.627222473571574 ], [ 110.6820418798888, -7.627132017839804 ], [ 110.682404531475797, -7.627132284190285 ], [ 110.682404798284423, -7.626770461245238 ], [ 110.682495461104821, -7.626770527783451 ], [ 110.682495727814626, -7.626408704838403 ], [ 110.682223739578021, -7.626408505178849 ], [ 110.682223806313871, -7.626318049438095 ], [ 110.681679829966427, -7.626317649615928 ], [ 110.681679763122787, -7.626408105347699 ], [ 110.681589100374268, -7.626408038638806 ], [ 110.681589033512651, -7.626498494370576 ], [ 110.681679696270166, -7.626498561079469 ], [ 110.681679428868662, -7.626860383997567 ], [ 110.681588766030302, -7.626860317288674 ], [ 110.681588498538957, -7.627222140197789 ] ] ] } },
{ "type": "Feature", "properties": { "cluster_id": -555511934, "count": 79, "area_m2": 7899.9999690972618, "area_ha": 0.78999999690972622, "kelas_sawah": "unlabeled", "varietas": "unlabeled", "usia_fase": null, "overlap_ratio": 0.0, "is_ground_truth": false }, "geometry": { "type": "Polygon", "coordinates": [ [ [ 110.681592108571635, -7.622337530385749 ], [ 110.682408065555919, -7.622338129723741 ], [ 110.68240866545986, -7.621524027922213 ], [ 110.682227342019942, -7.62152389488172 ], [ 110.682227408710872, -7.621433439123 ], [ 110.681955423618376, -7.621433239427512 ], [ 110.681955356873544, -7.621523695177249 ], [ 110.681683371727146, -7.621523495311081 ], [ 110.681683104505311, -7.621885318310027 ], [ 110.681592442717971, -7.62188525164605 ], [ 110.681592309057649, -7.622066163145523 ], [ 110.681682970889895, -7.622066229809501 ], [ 110.68168290408218, -7.622156685559237 ], [ 110.681592242231972, -7.62215661889526 ], [ 110.681592108571635, -7.622337530385749 ] ] ] } },
{ "type": "Feature", "properties": { "cluster_id": 1154752352, "count": 1, "area_m2": 100.00000004802141, "area_ha": 0.01000000000480214, "kelas_sawah": "unlabeled", "varietas": "unlabeled", "usia_fase": null, "overlap_ratio": 0.0, "is_ground_truth": false }, "geometry": { "type": "Polygon", "coordinates": [ [ [ 110.682143280496362, -7.612568706676167 ], [ 110.682233940325361, -7.612568773142515 ], [ 110.682234006935445, -7.612478317347863 ], [ 110.682143347115428, -7.612478250881515 ], [ 110.682143280496362, -7.612568706676167 ] ] ] } },
{ "type": "Feature", "properties": { "cluster_id": 1544156028, "count": 83, "area_m2": 8299.9999867920997, "area_ha": 0.82999999867920993, "kelas_sawah": "sawah", "varietas": "Rojolele Srinuk", "usia_fase": "terkalibrasi", "overlap_ratio": 0.57080810512765456, "is_ground_truth": true }, "geometry": { "type": "MultiPolygon", "coordinates": [ [ [ [ 110.681677356060035, -7.629664511421934 ], [ 110.681677422930633, -7.62957405570813 ], [ 110.681586759526326, -7.629573988972288 ], [ 110.681586692628784, -7.629664444695075 ], [ 110.681677356060035, -7.629664511421934 ] ] ], [ [ [ 110.681677356060035, -7.629664511421934 ], [ 110.681677088541747, -7.630026334295116 ], [ 110.681586425038631, -7.630026267559273 ], [ 110.681586090532974, -7.630478546128294 ], [ 110.681858081320783, -7.630478746290906 ], [ 110.681858148173404, -7.630388290577101 ], [ 110.682402129668191, -7.630388690390284 ], [ 110.682402196395046, -7.630298234667498 ], [ 110.682492859961044, -7.630298301241643 ], [ 110.682493260223382, -7.629755566895938 ], [ 110.682402596765186, -7.629755500330775 ], [ 110.682402663492041, -7.629665044607988 ], [ 110.682312000060804, -7.629664978024859 ], [ 110.682312066805622, -7.629574522302072 ], [ 110.681858749748201, -7.629574189116933 ], [ 110.681858682913543, -7.62966464483972 ], [ 110.681677356060035, -7.629664511421934 ] ] ] ] } },
{ "type": "Feature", "properties": { "cluster_id": 1710473641, "count": 82, "area_m2": 8200.0000579762855, "area_ha": 0.82000000579762855, "kelas_sawah": "unlabeled", "varietas": "unlabeled", "usia_fase": null, "overlap_ratio": 0.0, "is_ground_truth": false }, "geometry": { "type": "Polygon", "coordinates": [ [ [ 110.681589769008298, -7.625503481321103 ], [ 110.681680431559201, -7.62550354801203 ], [ 110.681680364715547, -7.625594003752783 ], [ 110.682405665302397, -7.625594536651376 ], [ 110.682406265466838, -7.624780434966628 ], [ 110.682315603059678, -7.624780368428416 ], [ 110.682315669759589, -7.624689912678679 ], [ 110.68213434499016, -7.624689779548354 ], [ 110.682134278254324, -7.624780235289108 ], [ 110.682043615856145, -7.624780168696995 ], [ 110.682043682609944, -7.624689712956242 ], [ 110.681681033089077, -7.624689446381182 ], [ 110.681680966254419, -7.624779902121935 ], [ 110.68159030385624, -7.624779835431008 ], [ 110.681590170150983, -7.624960746903532 ], [ 110.681680832585101, -7.624960813594458 ], [ 110.681680565237485, -7.625322636539506 ], [ 110.681589902722521, -7.62532256984858 ], [ 110.681589769008298, -7.625503481321103 ] ] ] } },
{ "type": "Feature", "properties": { "cluster_id": -314994012, "count": 81, "area_m2": 8100.0000175941386, "area_ha": 0.81000000175941389, "kelas_sawah": "unlabeled", "varietas": "unlabeled", "usia_fase": null, "overlap_ratio": 0.0, "is_ground_truth": false }, "geometry": { "type": "Polygon", "coordinates": [ [ [ 110.681590905493906, -7.623965733782193 ], [ 110.682044216631439, -7.623966067012248 ], [ 110.682044283385238, -7.623875611262512 ], [ 110.682406932232382, -7.623875877496213 ], [ 110.682407198924224, -7.623514054506249 ], [ 110.68249786106189, -7.623514121017513 ], [ 110.682498127654924, -7.623152298009583 ], [ 110.682316803532288, -7.623152164978073 ], [ 110.682316870214237, -7.623061709228336 ], [ 110.682226208175379, -7.62306164268114 ], [ 110.682226141466487, -7.623152098430877 ], [ 110.682044817352832, -7.623151965291568 ], [ 110.682044884097664, -7.623061509541832 ], [ 110.681772897981077, -7.623061309684648 ], [ 110.681772831182357, -7.623151765434384 ], [ 110.681682169125537, -7.62315169877939 ], [ 110.681681901840804, -7.623513521751387 ], [ 110.68159123971212, -7.623513455069443 ], [ 110.681590905493906, -7.623965733782193 ] ] ] } },
{ "type": "Feature", "properties": { "cluster_id": 1324766658, "count": 81, "area_m2": 8100.0000328684109, "area_ha": 0.81000000328684107, "kelas_sawah": "unlabeled", "varietas": "unlabeled", "usia_fase": null, "overlap_ratio": 0.0, "is_ground_truth": false }, "geometry": { "type": "Polygon", "coordinates": [ [ [ 110.681592710011685, -7.621523428647103 ], [ 110.681955356873544, -7.621523695177249 ], [ 110.681955423618376, -7.621433239427512 ], [ 110.682227408710872, -7.621433439123 ], [ 110.682227342019942, -7.62152389488172 ], [ 110.68240866545986, -7.621524027922213 ], [ 110.682409265291923, -7.620709926084753 ], [ 110.682318603747134, -7.620709859582472 ], [ 110.682318670411107, -7.620619403814769 ], [ 110.681865362777017, -7.620619071024889 ], [ 110.681865296014223, -7.620709526783608 ], [ 110.681774634469448, -7.620709460164547 ], [ 110.681774701250205, -7.620619004405827 ], [ 110.681684039723379, -7.620618937777783 ], [ 110.681683972933641, -7.620709393527519 ], [ 110.681593311388852, -7.620709326872525 ], [ 110.681593177755474, -7.620890238380982 ], [ 110.681683839336188, -7.620890305035975 ], [ 110.681683638940015, -7.621161672303152 ], [ 110.681592977296418, -7.621161605639174 ], [ 110.681592710011685, -7.621523428647103 ] ] ] } },
{ "type": "Feature", "properties": { "cluster_id": 1820265553, "count": 87, "area_m2": 8699.9999901067349, "area_ha": 0.86999999901067349, "kelas_sawah": "unlabeled", "varietas": "unlabeled", "usia_fase": null, "overlap_ratio": 0.0, "is_ground_truth": false }, "geometry": { "type": "Polygon", "coordinates": [ [ [ 110.681597519160533, -7.615010613606058 ], [ 110.682413462283805, -7.615011212360145 ], [ 110.682413795235391, -7.614558933431798 ], [ 110.682504455495575, -7.614558999862213 ], [ 110.682504721765213, -7.614197176710554 ], [ 110.682323401406521, -7.61419704384074 ], [ 110.682323468007624, -7.614106588046088 ], [ 110.682232807855215, -7.614106521588723 ], [ 110.682232741227182, -7.614196977374392 ], [ 110.682051420877471, -7.614196844387798 ], [ 110.682051487541443, -7.614106388602128 ], [ 110.6816888469139, -7.61410612240436 ], [ 110.681688713442213, -7.614287033966716 ], [ 110.681598053244898, -7.614286967374603 ], [ 110.68159791972829, -7.614467878936958 ], [ 110.681688579961545, -7.614467945538054 ], [ 110.681688446480877, -7.614648857091426 ], [ 110.681597786211697, -7.614648790490331 ], [ 110.681597519160533, -7.615010613606058 ] ] ] } },
{ "type": "Feature", "properties": { "cluster_id": -19688317, "count": 42, "area_m2": 4199.9999976402614, "area_ha": 0.41999999976402613, "kelas_sawah": "unlabeled", "varietas": "unlabeled", "usia_fase": null, "overlap_ratio": 0.0, "is_ground_truth": false }, "geometry": { "type": "Polygon", "coordinates": [ [ [ 110.681581539173663, -7.636629533768648 ], [ 110.682397523242159, -7.636630134238517 ], [ 110.682397857172901, -7.636177855759328 ], [ 110.681581873966792, -7.636177255325393 ], [ 110.681581807006367, -7.636267711012247 ], [ 110.681672471821017, -7.636267777801988 ], [ 110.681672271011621, -7.636539144871535 ], [ 110.681581606134088, -7.63653907807281 ], [ 110.681581539173663, -7.636629533768648 ] ] ] } },
{ "type": "Feature", "properties": { "cluster_id": -1130357273, "count": 77, "area_m2": 7700.0000239539077, "area_ha": 0.77000000239539079, "kelas_sawah": "unlabeled", "varietas": "unlabeled", "usia_fase": null, "overlap_ratio": 0.0, "is_ground_truth": false }, "geometry": { "type": "Polygon", "coordinates": [ [ [ 110.681581873966792, -7.636177255325393 ], [ 110.682397857172901, -7.636177855759328 ], [ 110.682398057524154, -7.635906488671815 ], [ 110.682488722266953, -7.635906555281894 ], [ 110.682488855792528, -7.635725643890218 ], [ 110.682398191085682, -7.635725577271157 ], [ 110.682398458190747, -7.63536375446984 ], [ 110.681673141155741, -7.635363220888528 ], [ 110.681672739563894, -7.635905955036604 ], [ 110.681582074821108, -7.635905888246863 ], [ 110.681581873966792, -7.636177255325393 ] ] ] } },
{ "type": "Feature", "properties": { "cluster_id": 1265210248, "count": 80, "area_m2": 7999.9999645908247, "area_ha": 0.79999999645908249, "kelas_sawah": "unlabeled", "varietas": "unlabeled", "usia_fase": null, "overlap_ratio": 0.0, "is_ground_truth": false }, "geometry": { "type": "Polygon", "coordinates": [ [ [ 110.681673141155741, -7.635363220888528 ], [ 110.682398458190747, -7.63536375446984 ], [ 110.682398792067588, -7.634911475963702 ], [ 110.682489456603761, -7.63491154257378 ], [ 110.682489723610004, -7.634549719763481 ], [ 110.682399059145695, -7.634549653153402 ], [ 110.68239912591747, -7.634459197448582 ], [ 110.682036468150073, -7.634458930846571 ], [ 110.682036401306434, -7.634549386542409 ], [ 110.681673743485121, -7.634549119625989 ], [ 110.681673141155741, -7.635363220888528 ] ] ] } },
{ "type": "Feature", "properties": { "cluster_id": 388779552, "count": 85, "area_m2": 8500.0000147384708, "area_ha": 0.85000000147384713, "kelas_sawah": "unlabeled", "varietas": "unlabeled", "usia_fase": null, "overlap_ratio": 0.0, "is_ground_truth": false }, "geometry": { "type": "Polygon", "coordinates": [ [ [ 110.681584283823312, -7.632920850248287 ], [ 110.682037604393145, -7.6329211838736 ], [ 110.682037671218808, -7.63283072816878 ], [ 110.682400327611802, -7.632830994716891 ], [ 110.68240059462704, -7.632469171870659 ], [ 110.682491258651169, -7.63246923846277 ], [ 110.682491525567585, -7.632107415607554 ], [ 110.682400861615321, -7.632107349024426 ], [ 110.682400928369134, -7.632016893310621 ], [ 110.681856944808217, -7.632016493407606 ], [ 110.681856877946615, -7.632106949112427 ], [ 110.681584886125734, -7.6321067489049 ], [ 110.681584752285744, -7.632287660323525 ], [ 110.681675416264966, -7.632287727077333 ], [ 110.681675282460901, -7.632468638486975 ], [ 110.681584618445754, -7.632468571733166 ], [ 110.681584283823312, -7.632920850248287 ] ] ] } },
{ "type": "Feature", "properties": { "cluster_id": -311327157, "count": 85, "area_m2": 8500.000009117648, "area_ha": 0.85000000091176475, "kelas_sawah": "unlabeled", "varietas": "unlabeled", "usia_fase": null, "overlap_ratio": 0.0, "is_ground_truth": false }, "geometry": { "type": "Polygon", "coordinates": [ [ [ 110.681494222191432, -7.632106682133124 ], [ 110.681856877946615, -7.632106949112427 ], [ 110.681856944808217, -7.632016493407606 ], [ 110.682400928369134, -7.632016893310621 ], [ 110.682401529045606, -7.63120279186842 ], [ 110.681585555271809, -7.631202191820759 ], [ 110.681584953041238, -7.632016293200079 ], [ 110.681494289124899, -7.632016226428304 ], [ 110.681494222191432, -7.632106682133124 ] ] ] } },
{ "type": "Feature", "properties": { "cluster_id": -16133298, "count": 83, "area_m2": 8299.9999971996294, "area_ha": 0.82999999971996297, "kelas_sawah": "unlabeled", "varietas": "unlabeled", "usia_fase": null, "overlap_ratio": 0.0, "is_ground_truth": false }, "geometry": { "type": "Polygon", "coordinates": [ [ [ 110.681587294670706, -7.628850343225923 ], [ 110.682040610946601, -7.628850676671574 ], [ 110.68204067774532, -7.628760220939803 ], [ 110.682403330706748, -7.628760487353167 ], [ 110.682403597569262, -7.628398664435069 ], [ 110.682494260731019, -7.628398730991249 ], [ 110.682494394121846, -7.628217819527708 ], [ 110.682403730996029, -7.628217752980512 ], [ 110.682403931122707, -7.627946385785201 ], [ 110.682041278844011, -7.62794611940777 ], [ 110.682041212063254, -7.628036575130557 ], [ 110.681587896640764, -7.628036241729823 ], [ 110.681587294670706, -7.628850343225923 ] ] ] } },
{ "type": "Feature", "properties": { "cluster_id": -1412606959, "count": 79, "area_m2": 7899.9999703772482, "area_ha": 0.78999999703772483, "kelas_sawah": "unlabeled", "varietas": "unlabeled", "usia_fase": null, "overlap_ratio": 0.0, "is_ground_truth": false }, "geometry": { "type": "Polygon", "coordinates": [ [ [ 110.681587896640764, -7.628036241729823 ], [ 110.682041212063254, -7.628036575130557 ], [ 110.682041278844011, -7.62794611940777 ], [ 110.682403931122707, -7.627946385785201 ], [ 110.682404531475797, -7.627132284190285 ], [ 110.6820418798888, -7.627132017839804 ], [ 110.682041813108043, -7.627222473571574 ], [ 110.681588498538957, -7.627222140197789 ], [ 110.681588231038631, -7.627583963106903 ], [ 110.68167889402072, -7.627584029815797 ], [ 110.681678760306497, -7.627764941270354 ], [ 110.681588097279487, -7.627764874552478 ], [ 110.681587896640764, -7.628036241729823 ] ] ] } },
{ "type": "Feature", "properties": { "cluster_id": -531832254, "count": 78, "area_m2": 7800.0000138010364, "area_ha": 0.78000000138010361, "kelas_sawah": "unlabeled", "varietas": "unlabeled", "usia_fase": null, "overlap_ratio": 0.0, "is_ground_truth": false }, "geometry": { "type": "Polygon", "coordinates": [ [ [ 110.681593912694154, -7.619895225070997 ], [ 110.681956558181597, -7.619895491547243 ], [ 110.681956624917433, -7.619805035788523 ], [ 110.682319270341992, -7.619805301950358 ], [ 110.68231920367802, -7.619895757718061 ], [ 110.682409865061103, -7.619895824211359 ], [ 110.682409931698132, -7.619805368452639 ], [ 110.682500593054272, -7.61980543492797 ], [ 110.682500792902474, -7.619534067624861 ], [ 110.682410131600236, -7.61953400114953 ], [ 110.682410198237264, -7.619443545381827 ], [ 110.682500859521525, -7.619443611857158 ], [ 110.682501059351765, -7.61917224455405 ], [ 110.682410398130372, -7.619172178087702 ], [ 110.682410464758419, -7.619081722311016 ], [ 110.681685175140004, -7.619081189879547 ], [ 110.681684908007981, -7.619443012923409 ], [ 110.681594246732701, -7.619442946277398 ], [ 110.681594179924986, -7.619533402036118 ], [ 110.681684841218242, -7.619533468682129 ], [ 110.681684774428504, -7.619623924440849 ], [ 110.681594113117285, -7.619623857794838 ], [ 110.681593912694154, -7.619895225070997 ] ] ] } },
{ "type": "Feature", "properties": { "cluster_id": 1741024338, "count": 82, "area_m2": 8199.9999491183553, "area_ha": 0.81999999491183551, "kelas_sawah": "unlabeled", "varietas": "unlabeled", "usia_fase": null, "overlap_ratio": 0.0, "is_ground_truth": false }, "geometry": { "type": "Polygon", "coordinates": [ [ [ 110.681595048326372, -7.618357477136829 ], [ 110.681685709368097, -7.618357543773857 ], [ 110.681685776148854, -7.618267088006154 ], [ 110.682411064392852, -7.618267620383723 ], [ 110.682411663964402, -7.617453518429482 ], [ 110.681595716223782, -7.617452919477766 ], [ 110.681595048326372, -7.618357477136829 ] ] ] } },
{ "type": "Feature", "properties": { "cluster_id": 1877686209, "count": 89, "area_m2": 8900.000059127633, "area_ha": 0.89000000591276329, "kelas_sawah": "unlabeled", "varietas": "unlabeled", "usia_fase": null, "overlap_ratio": 0.0, "is_ground_truth": false }, "geometry": { "type": "Polygon", "coordinates": [ [ [ 110.681595716223782, -7.617452919477766 ], [ 110.682411663964402, -7.617453518429482 ], [ 110.682411863812604, -7.617182151099424 ], [ 110.682502524611792, -7.617182217556788 ], [ 110.682502591212895, -7.617091761771119 ], [ 110.682411930422688, -7.617091695322737 ], [ 110.682411997032773, -7.617001239546052 ], [ 110.682502657805003, -7.617001305994433 ], [ 110.682502790980237, -7.616820394441061 ], [ 110.682412130252928, -7.61682032799268 ], [ 110.682412330074172, -7.616548960653638 ], [ 110.681959026716058, -7.616548628142236 ], [ 110.681958960016146, -7.616639083909939 ], [ 110.681596317268571, -7.616638817550474 ], [ 110.681595716223782, -7.617452919477766 ] ] ] } },
{ "type": "Feature", "properties": { "cluster_id": -1787565904, "count": 84, "area_m2": 8399.9999997197301, "area_ha": 0.83999999997197305, "kelas_sawah": "unlabeled", "varietas": "unlabeled", "usia_fase": null, "overlap_ratio": 0.0, "is_ground_truth": false }, "geometry": { "type": "Polygon", "coordinates": [ [ [ 110.681583681457994, -7.633734951564725 ], [ 110.682127667174854, -7.633735351898931 ], [ 110.68212773399155, -7.63364489619411 ], [ 110.682218398258229, -7.633644962849105 ], [ 110.682218331459495, -7.633735418553925 ], [ 110.682399660037774, -7.633735551810015 ], [ 110.682399993833769, -7.633283273267945 ], [ 110.682490658028584, -7.633283339860056 ], [ 110.682490991716776, -7.632831061309003 ], [ 110.682037671218808, -7.63283072816878 ], [ 110.682037604393145, -7.6329211838736 ], [ 110.681674947937267, -7.632920917011079 ], [ 110.681674680302194, -7.633282739830363 ], [ 110.681584016116375, -7.633282673058587 ], [ 110.681583882258408, -7.633463584468229 ], [ 110.681674546480167, -7.633463651231021 ], [ 110.681674479573644, -7.633554106935842 ], [ 110.681583815324942, -7.633554040164067 ], [ 110.681583681457994, -7.633734951564725 ] ] ] } },
{ "type": "Feature", "properties": { "cluster_id": 1734533031, "count": 80, "area_m2": 8000.0000034034019, "area_ha": 0.80000000034034024, "kelas_sawah": "unlabeled", "varietas": "unlabeled", "usia_fase": null, "overlap_ratio": 0.0, "is_ground_truth": false }, "geometry": { "type": "Polygon", "coordinates": [ [ [ 110.681585555271809, -7.631202191820759 ], [ 110.682401529045606, -7.63120279186842 ], [ 110.682401729262125, -7.630931424709042 ], [ 110.682492392962857, -7.630931491283187 ], [ 110.682492793252152, -7.630388756964431 ], [ 110.681858148173404, -7.630388290577101 ], [ 110.681858081320783, -7.630478746290906 ], [ 110.681676754125917, -7.630478612864136 ], [ 110.68167648658067, -7.630840435719352 ], [ 110.681585822906882, -7.630840368974527 ], [ 110.681585555271809, -7.631202191820759 ] ] ] } },
{ "type": "Feature", "properties": { "cluster_id": 2047786791, "count": 82, "area_m2": 8199.999965558236, "area_ha": 0.81999999655582356, "kelas_sawah": "unlabeled", "varietas": "unlabeled", "usia_fase": null, "overlap_ratio": 0.0, "is_ground_truth": false }, "geometry": { "type": "Polygon", "coordinates": [ [ [ 110.681586759526326, -7.629573988972288 ], [ 110.681677422930633, -7.62957405570813 ], [ 110.681677356060035, -7.629664511421934 ], [ 110.681858682913543, -7.62966464483972 ], [ 110.681858749748201, -7.629574189116933 ], [ 110.682312066805622, -7.629574522302072 ], [ 110.682312000060804, -7.629664978024859 ], [ 110.682402663492041, -7.629665044607988 ], [ 110.68240286366364, -7.629393677439626 ], [ 110.68249352704099, -7.629393743995806 ], [ 110.68249399394935, -7.628760553909347 ], [ 110.68204067774532, -7.628760220939803 ], [ 110.682040610946601, -7.628850676671574 ], [ 110.681587294670706, -7.628850343225923 ], [ 110.681587093996058, -7.629121710385301 ], [ 110.681677757310524, -7.629121777112161 ], [ 110.681677489810198, -7.629483599985343 ], [ 110.681586826423867, -7.629483533258484 ], [ 110.681586759526326, -7.629573988972288 ] ] ] } },
{ "type": "Feature", "properties": { "cluster_id": -1645927813, "count": 81, "area_m2": 8100.0000208898564, "area_ha": 0.81000000208898559, "kelas_sawah": "unlabeled", "varietas": "unlabeled", "usia_fase": null, "overlap_ratio": 0.0, "is_ground_truth": false }, "geometry": { "type": "Polygon", "coordinates": [ [ [ 110.681589100374268, -7.626408038638806 ], [ 110.681679763122787, -7.626408105347699 ], [ 110.681679829966427, -7.626317649615928 ], [ 110.682223806313871, -7.626318049438095 ], [ 110.682223739578021, -7.626408505178849 ], [ 110.682495727814626, -7.626408704838403 ], [ 110.682496327880244, -7.625594603171622 ], [ 110.681589702146695, -7.625593937052873 ], [ 110.681589568432457, -7.625774848516413 ], [ 110.681680231037262, -7.625774915216324 ], [ 110.681680030506342, -7.626046282420617 ], [ 110.681589367838654, -7.626046215711725 ], [ 110.681589100374268, -7.626408038638806 ] ] ] } },
{ "type": "Feature", "properties": { "cluster_id": -1010725051, "count": 89, "area_m2": 8899.9999692614074, "area_ha": 0.88999999692614074, "kelas_sawah": "unlabeled", "varietas": "unlabeled", "usia_fase": null, "overlap_ratio": 0.0, "is_ground_truth": false }, "geometry": { "type": "Polygon", "coordinates": [ [ [ 110.68159030385624, -7.624779835431008 ], [ 110.681680966254419, -7.624779902121935 ], [ 110.681681033089077, -7.624689446381182 ], [ 110.682043682609944, -7.624689712956242 ], [ 110.682043615856145, -7.624780168696995 ], [ 110.682134278254324, -7.624780235289108 ], [ 110.68213434499016, -7.624689779548354 ], [ 110.682315669759589, -7.624689912678679 ], [ 110.682315603059678, -7.624780368428416 ], [ 110.682496927865031, -7.624780501486875 ], [ 110.682497594450908, -7.62387594401646 ], [ 110.682044283385238, -7.623875611262512 ], [ 110.682044216631439, -7.623966067012248 ], [ 110.681590905493906, -7.623965733782193 ], [ 110.68159030385624, -7.624779835431008 ] ] ] } },
{ "type": "Feature", "properties": { "cluster_id": -954999151, "count": 77, "area_m2": 7699.9999739127816, "area_ha": 0.76999999739127811, "kelas_sawah": "unlabeled", "varietas": "unlabeled", "usia_fase": null, "overlap_ratio": 0.0, "is_ground_truth": false }, "geometry": { "type": "Polygon", "coordinates": [ [ [ 110.681591507068703, -7.623151632097446 ], [ 110.681772831182357, -7.623151765434384 ], [ 110.681772897981077, -7.623061309684648 ], [ 110.682044884097664, -7.623061509541832 ], [ 110.682044817352832, -7.623151965291568 ], [ 110.682226141466487, -7.623152098430877 ], [ 110.682226208175379, -7.62306164268114 ], [ 110.682316870214237, -7.623061709228336 ], [ 110.682316803532288, -7.623152164978073 ], [ 110.682498127654924, -7.623152298009583 ], [ 110.682498260946943, -7.622971386501127 ], [ 110.682407598926048, -7.622971319998847 ], [ 110.682407665590034, -7.62288086424911 ], [ 110.682498327592953, -7.622880930751391 ], [ 110.682498727451048, -7.622338196226021 ], [ 110.681682770457783, -7.62233759705871 ], [ 110.681682235942219, -7.623061243029653 ], [ 110.681591573903361, -7.623061176356693 ], [ 110.681591507068703, -7.623151632097446 ] ] ] } },
{ "type": "Feature", "properties": { "cluster_id": 1367327748, "count": 78, "area_m2": 7799.9999931803904, "area_ha": 0.77999999931803909, "kelas_sawah": "unlabeled", "varietas": "unlabeled", "usia_fase": null, "overlap_ratio": 0.0, "is_ground_truth": false }, "geometry": { "type": "Polygon", "coordinates": [ [ [ 110.681593311388852, -7.620709326872525 ], [ 110.681683972933641, -7.620709393527519 ], [ 110.681684039723379, -7.620618937777783 ], [ 110.681774701250205, -7.620619004405827 ], [ 110.681774634469448, -7.620709460164547 ], [ 110.681865296014223, -7.620709526783608 ], [ 110.681865362777017, -7.620619071024889 ], [ 110.682318670411107, -7.620619403814769 ], [ 110.682318603747134, -7.620709859582472 ], [ 110.682409265291923, -7.620709926084753 ], [ 110.682409598504009, -7.620257647273188 ], [ 110.682500259958957, -7.620257713748519 ], [ 110.682500593054272, -7.61980543492797 ], [ 110.682409931698132, -7.619805368452639 ], [ 110.682409865061103, -7.619895824211359 ], [ 110.68231920367802, -7.619895757718061 ], [ 110.682319270341992, -7.619805301950358 ], [ 110.681956624917433, -7.619805035788523 ], [ 110.681956558181597, -7.619895491547243 ], [ 110.681684574068257, -7.619895291717008 ], [ 110.681684173320832, -7.620438026260343 ], [ 110.681593511829945, -7.620437959614332 ], [ 110.681593311388852, -7.620709326872525 ] ] ] } },
{ "type": "Feature", "properties": { "cluster_id": -241578389, "count": 85, "area_m2": 8500.0000038699363, "area_ha": 0.85000000038699364, "kelas_sawah": "unlabeled", "varietas": "unlabeled", "usia_fase": null, "overlap_ratio": 0.0, "is_ground_truth": false }, "geometry": { "type": "Polygon", "coordinates": [ [ [ 110.681594513936574, -7.619081123233536 ], [ 110.68250112597083, -7.619081788786347 ], [ 110.682501725434577, -7.618267686850071 ], [ 110.681685776148854, -7.618267088006154 ], [ 110.681685709368097, -7.618357543773857 ], [ 110.681595048326372, -7.618357477136829 ], [ 110.681594981527653, -7.618447932904532 ], [ 110.681685642596321, -7.618447999532576 ], [ 110.681685375482274, -7.618809822594405 ], [ 110.681594714341728, -7.618809755948393 ], [ 110.681594513936574, -7.619081123233536 ] ] ] } },
{ "type": "Feature", "properties": { "cluster_id": 96390056, "count": 82, "area_m2": 8199.9999769515125, "area_ha": 0.81999999769515131, "kelas_sawah": "unlabeled", "varietas": "unlabeled", "usia_fase": null, "overlap_ratio": 0.0, "is_ground_truth": false }, "geometry": { "type": "Polygon", "coordinates": [ [ [ 110.681596317268571, -7.616638817550474 ], [ 110.681958960016146, -7.616639083909939 ], [ 110.681959026716058, -7.616548628142236 ], [ 110.682412330074172, -7.616548960653638 ], [ 110.682412596496519, -7.616187137537911 ], [ 110.682503257098077, -7.616187203986293 ], [ 110.682503590013724, -7.615734925075913 ], [ 110.681959627006265, -7.615734526152061 ], [ 110.681959560315335, -7.615824981928748 ], [ 110.681687578762208, -7.61582478220631 ], [ 110.68168731174697, -7.616186605304072 ], [ 110.681596651154408, -7.616186538693993 ], [ 110.681596317268571, -7.616638817550474 ] ] ] } },
{ "type": "Feature", "properties": { "cluster_id": 1227750772, "count": 75, "area_m2": 7500.0000078920857, "area_ha": 0.75000000078920859, "kelas_sawah": "unlabeled", "varietas": "unlabeled", "usia_fase": null, "overlap_ratio": 0.0, "is_ground_truth": false }, "geometry": { "type": "Polygon", "coordinates": [ [ [ 110.681596918250492, -7.615824715596232 ], [ 110.681959560315335, -7.615824981928748 ], [ 110.681959627006265, -7.615734526152061 ], [ 110.682412929510974, -7.615734858636515 ], [ 110.682413195897396, -7.615373035502821 ], [ 110.682503856328267, -7.615373101942219 ], [ 110.68250412263383, -7.615011278799543 ], [ 110.681688179501563, -7.615010680216137 ], [ 110.681687845768465, -7.615462959099567 ], [ 110.681597185328599, -7.615462892498472 ], [ 110.681596918250492, -7.615824715596232 ] ] ] } },
{ "type": "Feature", "properties": { "cluster_id": -179785448, "count": 74, "area_m2": 7400.0000112416456, "area_ha": 0.74000000112416453, "kelas_sawah": "unlabeled", "varietas": "unlabeled", "usia_fase": null, "overlap_ratio": 0.0, "is_ground_truth": false }, "geometry": { "type": "Polygon", "coordinates": [ [ [ 110.6816888469139, -7.61410612240436 ], [ 110.682051487541443, -7.614106388602128 ], [ 110.682051420877471, -7.614196844387798 ], [ 110.682232741227182, -7.614196977374392 ], [ 110.682232807855215, -7.614106521588723 ], [ 110.682323468007624, -7.614106588046088 ], [ 110.682323401406521, -7.61419704384074 ], [ 110.682414061585874, -7.614197110280139 ], [ 110.682414194752127, -7.614016198699817 ], [ 110.682504854895541, -7.614016265130232 ], [ 110.682505320833712, -7.613383074585632 ], [ 110.681689380782672, -7.613382476136973 ], [ 110.6816888469139, -7.61410612240436 ] ] ] } },
{ "type": "Feature", "properties": { "cluster_id": -212525919, "count": 91, "area_m2": 9100.0000237277709, "area_ha": 0.91000000237277712, "kelas_sawah": "unlabeled", "varietas": "unlabeled", "usia_fase": null, "overlap_ratio": 0.0, "is_ground_truth": false }, "geometry": { "type": "Polygon", "coordinates": [ [ [ 110.681598720782986, -7.613382409544861 ], [ 110.682414660825046, -7.613383008173183 ], [ 110.682414927130608, -7.613021184994573 ], [ 110.682505587067411, -7.613021251416006 ], [ 110.682505986386516, -7.612478516639109 ], [ 110.682234006935445, -7.612478317347863 ], [ 110.682233940325361, -7.612568773142515 ], [ 110.682143280496362, -7.612568706676167 ], [ 110.682143347115428, -7.612478250881515 ], [ 110.682052687304392, -7.612478184397201 ], [ 110.682052620658382, -7.612568640191853 ], [ 110.681961960820388, -7.61256857368059 ], [ 110.681962027493356, -7.612478117885937 ], [ 110.681690048051266, -7.612477918262314 ], [ 110.681689981333378, -7.612568374047984 ], [ 110.681599321495398, -7.612568307464855 ], [ 110.681599254759561, -7.612658763250524 ], [ 110.681689914606523, -7.612658829833653 ], [ 110.681689847879667, -7.612749285628305 ], [ 110.681599188014729, -7.612749219045177 ], [ 110.681599121269898, -7.612839674830846 ], [ 110.681689781152812, -7.612839741413975 ], [ 110.681689714425943, -7.612930197199644 ], [ 110.68159905452508, -7.612930130616514 ], [ 110.681598720782986, -7.613382409544861 ] ] ] } },
{ "type": "Feature", "properties": { "cluster_id": -1847917364, "count": 1, "area_m2": 99.999997882114158, "area_ha": 0.0099999997882114153, "kelas_sawah": "unlabeled", "varietas": "unlabeled", "usia_fase": null, "overlap_ratio": 0.0, "is_ground_truth": false }, "geometry": { "type": "Polygon", "coordinates": [ [ [ 110.682505919839329, -7.612568972433761 ], [ 110.682596579677309, -7.612569038828243 ], [ 110.682596646206548, -7.612478583033591 ], [ 110.682505986386516, -7.612478516639109 ], [ 110.682505919839329, -7.612568972433761 ] ] ] } },
{ "type": "Feature", "properties": { "cluster_id": 255263935, "count": 54, "area_m2": 5399.9999955005478, "area_ha": 0.53999999955005473, "kelas_sawah": "unlabeled", "varietas": "unlabeled", "usia_fase": null, "overlap_ratio": 0.0, "is_ground_truth": false }, "geometry": { "type": "Polygon", "coordinates": [ [ [ 110.682397523242159, -7.636630134238517 ], [ 110.683213507373537, -7.636630733172266 ], [ 110.68321390706096, -7.636087998952324 ], [ 110.682851247892174, -7.636087732970152 ], [ 110.682851314583104, -7.635997277265331 ], [ 110.68276064981336, -7.635997210727118 ], [ 110.682760583104468, -7.636087666422956 ], [ 110.682488588741364, -7.636087466682552 ], [ 110.68248852197857, -7.63617792237839 ], [ 110.682397857172901, -7.636177855759328 ], [ 110.682397523242159, -7.636630134238517 ] ] ] } },
{ "type": "Feature", "properties": { "cluster_id": -1280524811, "count": 81, "area_m2": 8099.9999740658677, "area_ha": 0.80999999740658679, "kelas_sawah": "unlabeled", "varietas": "unlabeled", "usia_fase": null, "overlap_ratio": 0.0, "is_ground_truth": false }, "geometry": { "type": "Polygon", "coordinates": [ [ [ 110.682409265291923, -7.620709926084753 ], [ 110.683225219257864, -7.620710523751877 ], [ 110.683225817481954, -7.619896421815602 ], [ 110.682863171958573, -7.619896156408351 ], [ 110.682863238496793, -7.619805700640648 ], [ 110.682500593054272, -7.61980543492797 ], [ 110.682500259958957, -7.620257713748519 ], [ 110.682409598504009, -7.620257647273188 ], [ 110.682409265291923, -7.620709926084753 ] ] ] } },
{ "type": "Feature", "properties": { "cluster_id": 408126495, "count": 87, "area_m2": 8699.9999857979128, "area_ha": 0.86999999857979127, "kelas_sawah": "unlabeled", "varietas": "unlabeled", "usia_fase": null, "overlap_ratio": 0.0, "is_ground_truth": false }, "geometry": { "type": "Polygon", "coordinates": [ [ [ 110.68240146230977, -7.631293247582223 ], [ 110.683308100107695, -7.63129391249723 ], [ 110.683308699014503, -7.630479810956214 ], [ 110.682946044570855, -7.630479545243536 ], [ 110.682946111189921, -7.630389089520748 ], [ 110.682764784013017, -7.63038895655212 ], [ 110.682764717358026, -7.630479412274908 ], [ 110.682492726543259, -7.630479212678234 ], [ 110.682492392962857, -7.630931491283187 ], [ 110.682401729262125, -7.630931424709042 ], [ 110.68240146230977, -7.631293247582223 ] ] ] } },
{ "type": "Feature", "properties": { "cluster_id": -1602609460, "count": 82, "area_m2": 8199.9999923256109, "area_ha": 0.81999999923256106, "kelas_sawah": "unlabeled", "varietas": "unlabeled", "usia_fase": null, "overlap_ratio": 0.0, "is_ground_truth": false }, "geometry": { "type": "Polygon", "coordinates": [ [ [ 110.682404464775885, -7.627222739922056 ], [ 110.68285777938091, -7.627223072442441 ], [ 110.682857845981999, -7.627132616701688 ], [ 110.683220497604935, -7.62713288236945 ], [ 110.68322063067238, -7.626951970887943 ], [ 110.683311293537685, -7.626952037255476 ], [ 110.68331169258731, -7.626409302784007 ], [ 110.68313036707228, -7.626409170039957 ], [ 110.683130433619482, -7.626318714299203 ], [ 110.682858445418816, -7.62631851504389 ], [ 110.682858378817713, -7.626408970784643 ], [ 110.682495727814626, -7.626408704838403 ], [ 110.682495461104821, -7.626770527783451 ], [ 110.682404798284423, -7.626770461245238 ], [ 110.682404464775885, -7.627222739922056 ] ] ] } },
{ "type": "Feature", "properties": { "cluster_id": 1530888158, "count": 79, "area_m2": 7900.0000053129042, "area_ha": 0.79000000053129038, "kelas_sawah": "unlabeled", "varietas": "unlabeled", "usia_fase": null, "overlap_ratio": 0.0, "is_ground_truth": false }, "geometry": { "type": "Polygon", "coordinates": [ [ [ 110.682397857172901, -7.636177855759328 ], [ 110.68248852197857, -7.63617792237839 ], [ 110.682488588741364, -7.636087466682552 ], [ 110.682760583104468, -7.636087666422956 ], [ 110.68276064981336, -7.635997210727118 ], [ 110.682851314583104, -7.635997277265331 ], [ 110.682851247892174, -7.636087732970152 ], [ 110.68321390706096, -7.636087998952324 ], [ 110.683214106891185, -7.635816631837862 ], [ 110.683304771624989, -7.635816698286243 ], [ 110.683304904809219, -7.635635786867619 ], [ 110.68321424011134, -7.635635720428221 ], [ 110.683214306712443, -7.635545264723399 ], [ 110.683304971392346, -7.635545331162798 ], [ 110.683305104567594, -7.635364419744173 ], [ 110.683214439923617, -7.635364353304775 ], [ 110.683214506533687, -7.635273897599954 ], [ 110.682761183430614, -7.635273565106518 ], [ 110.682761116730703, -7.635364020811338 ], [ 110.682398458190747, -7.63536375446984 ], [ 110.682398191085682, -7.635725577271157 ], [ 110.682488855792528, -7.635725643890218 ], [ 110.682488722266953, -7.635906555281894 ], [ 110.682398057524154, -7.635906488671815 ], [ 110.682397857172901, -7.636177855759328 ] ] ] } },
{ "type": "Feature", "properties": { "cluster_id": 49529648, "count": 84, "area_m2": 8400.0000200301292, "area_ha": 0.84000000200301295, "kelas_sawah": "unlabeled", "varietas": "unlabeled", "usia_fase": null, "overlap_ratio": 0.0, "is_ground_truth": false }, "geometry": { "type": "Polygon", "coordinates": [ [ [ 110.682398458190747, -7.63536375446984 ], [ 110.682761116730703, -7.635364020811338 ], [ 110.682761183430614, -7.635273565106518 ], [ 110.683214506533687, -7.635273897599954 ], [ 110.683214573134791, -7.635183441895133 ], [ 110.683305237733848, -7.635183508334531 ], [ 110.683305570649495, -7.634731229783478 ], [ 110.683214906140265, -7.63473116334408 ], [ 110.683215105934565, -7.634459796211651 ], [ 110.682580454801183, -7.634459330641788 ], [ 110.682580388074314, -7.634549786346609 ], [ 110.682489723610004, -7.634549719763481 ], [ 110.682489456603761, -7.63491154257378 ], [ 110.682398792067588, -7.634911475963702 ], [ 110.682398458190747, -7.63536375446984 ] ] ] } },
{ "type": "Feature", "properties": { "cluster_id": 1405338075, "count": 84, "area_m2": 8400.0000054456177, "area_ha": 0.84000000054456181, "kelas_sawah": "unlabeled", "varietas": "unlabeled", "usia_fase": null, "overlap_ratio": 0.0, "is_ground_truth": false }, "geometry": { "type": "Polygon", "coordinates": [ [ [ 110.682399660037774, -7.633735551810015 ], [ 110.683215638680451, -7.633736150510202 ], [ 110.683215971623042, -7.633283871941182 ], [ 110.683306635826838, -7.633283938362615 ], [ 110.683306902087494, -7.632922115489432 ], [ 110.683216237964544, -7.632922049068 ], [ 110.68321630454767, -7.632831593354196 ], [ 110.683034976328713, -7.632831460457433 ], [ 110.683034909709662, -7.632921916171237 ], [ 110.68258158910389, -7.632921583596953 ], [ 110.682581655812783, -7.632831127883149 ], [ 110.682490991716776, -7.632831061309003 ], [ 110.682490658028584, -7.633283339860056 ], [ 110.682399993833769, -7.633283273267945 ], [ 110.682399660037774, -7.633735551810015 ] ] ] } },
{ "type": "Feature", "properties": { "cluster_id": 1874006416, "count": 83, "area_m2": 8299.9999871573527, "area_ha": 0.82999999871573527, "kelas_sawah": "unlabeled", "varietas": "unlabeled", "usia_fase": null, "overlap_ratio": 0.0, "is_ground_truth": false }, "geometry": { "type": "Polygon", "coordinates": [ [ [ 110.682400327611802, -7.632830994716891 ], [ 110.682581655812783, -7.632831127883149 ], [ 110.68258158910389, -7.632921583596953 ], [ 110.683034909709662, -7.632921916171237 ], [ 110.683034976328713, -7.632831460457433 ], [ 110.68321630454767, -7.632831593354196 ], [ 110.683216371121816, -7.632741137631409 ], [ 110.683307035217808, -7.632741204052842 ], [ 110.683307501129036, -7.632108014011298 ], [ 110.683216837176772, -7.632107947598849 ], [ 110.683216903750917, -7.632017491876062 ], [ 110.683126239816602, -7.632017425445646 ], [ 110.683126173224494, -7.632107881159451 ], [ 110.68303550927223, -7.632107814711069 ], [ 110.6830355758823, -7.632017358997265 ], [ 110.682854248013697, -7.632017226037619 ], [ 110.682854181367688, -7.632107681751424 ], [ 110.682491525567585, -7.632107415607554 ], [ 110.682491258651169, -7.63246923846277 ], [ 110.68240059462704, -7.632469171870659 ], [ 110.682400327611802, -7.632830994716891 ] ] ] } },
{ "type": "Feature", "properties": { "cluster_id": 786659788, "count": 82, "area_m2": 8200.000018629944, "area_ha": 0.82000000186299438, "kelas_sawah": "unlabeled", "varietas": "unlabeled", "usia_fase": null, "overlap_ratio": 0.0, "is_ground_truth": false }, "geometry": { "type": "Polygon", "coordinates": [ [ [ 110.682400861615321, -7.632107349024426 ], [ 110.682854181367688, -7.632107681751424 ], [ 110.682854248013697, -7.632017226037619 ], [ 110.6830355758823, -7.632017358997265 ], [ 110.68303550927223, -7.632107814711069 ], [ 110.683126173224494, -7.632107881159451 ], [ 110.683126239816602, -7.632017425445646 ], [ 110.683307567685219, -7.632017558288511 ], [ 110.683307833900955, -7.631655735397362 ], [ 110.683217170047499, -7.631655668984913 ], [ 110.683217436326117, -7.631293846093764 ], [ 110.68240146230977, -7.631293247582223 ], [ 110.682400861615321, -7.632107349024426 ] ] ] } },
{ "type": "Feature", "properties": { "cluster_id": 689766143, "count": 80, "area_m2": 7999.9999839282827, "area_ha": 0.79999999839282832, "kelas_sawah": "unlabeled", "varietas": "unlabeled", "usia_fase": null, "overlap_ratio": 0.0, "is_ground_truth": false }, "geometry": { "type": "Polygon", "coordinates": [ [ [ 110.682402129668191, -7.630388690390284 ], [ 110.682492793252152, -7.630388756964431 ], [ 110.682492726543259, -7.630479212678234 ], [ 110.682764717358026, -7.630479412274908 ], [ 110.682764784013017, -7.63038895655212 ], [ 110.682946111189921, -7.630389089520748 ], [ 110.682946044570855, -7.630479545243536 ], [ 110.683308699014503, -7.630479810956214 ], [ 110.68330923132919, -7.629756165111035 ], [ 110.683218567870995, -7.629756098725535 ], [ 110.683218634418182, -7.629665642993765 ], [ 110.682402663492041, -7.629665044607988 ], [ 110.682402596765186, -7.629755500330775 ], [ 110.682493260223382, -7.629755566895938 ], [ 110.682492859961044, -7.630298301241643 ], [ 110.682402196395046, -7.630298234667498 ], [ 110.682402129668191, -7.630388690390284 ] ] ] } },
{ "type": "Feature", "properties": { "cluster_id": -1032755498, "count": 79, "area_m2": 7899.9999980063876, "area_ha": 0.78999999980063873, "kelas_sawah": "unlabeled", "varietas": "unlabeled", "usia_fase": null, "overlap_ratio": 0.0, "is_ground_truth": false }, "geometry": { "type": "Polygon", "coordinates": [ [ [ 110.682403330706748, -7.628760487353167 ], [ 110.683219299917099, -7.628761085658096 ], [ 110.683219898796949, -7.627946984027248 ], [ 110.682403931122707, -7.627946385785201 ], [ 110.682403730996029, -7.628217752980512 ], [ 110.682494394121846, -7.628217819527708 ], [ 110.682494260731019, -7.628398730991249 ], [ 110.682403597569262, -7.628398664435069 ], [ 110.682403330706748, -7.628760487353167 ] ] ] } },
{ "type": "Feature", "properties": { "cluster_id": -1617084241, "count": 74, "area_m2": 7400.0000623860979, "area_ha": 0.74000000623860973, "kelas_sawah": "unlabeled", "varietas": "unlabeled", "usia_fase": null, "overlap_ratio": 0.0, "is_ground_truth": false }, "geometry": { "type": "Polygon", "coordinates": [ [ [ 110.682495727814626, -7.626408704838403 ], [ 110.682858378817713, -7.626408970784643 ], [ 110.682858445418816, -7.62631851504389 ], [ 110.683130433619482, -7.626318714299203 ], [ 110.68313036707228, -7.626409170039957 ], [ 110.683221029829795, -7.626409236425456 ], [ 110.683221162879263, -7.626228324934966 ], [ 110.683311825591858, -7.626228391293516 ], [ 110.68331195859642, -7.626047479803026 ], [ 110.683221295919765, -7.626047413444476 ], [ 110.683221695032259, -7.62550467895504 ], [ 110.683131032472374, -7.625504612587506 ], [ 110.683130965934168, -7.62559506832826 ], [ 110.682677653035938, -7.625594736167201 ], [ 110.682677719663985, -7.625504280426447 ], [ 110.682496394544231, -7.62550414743087 ], [ 110.682495727814626, -7.626408704838403 ] ] ] } },
{ "type": "Feature", "properties": { "cluster_id": 1592365431, "count": 80, "area_m2": 7999.9999418787775, "area_ha": 0.79999999418787771, "kelas_sawah": "unlabeled", "varietas": "unlabeled", "usia_fase": null, "overlap_ratio": 0.0, "is_ground_truth": false }, "geometry": { "type": "Polygon", "coordinates": [ [ [ 110.682405665302397, -7.625594536651376 ], [ 110.682496327880244, -7.625594603171622 ], [ 110.682496394544231, -7.62550414743087 ], [ 110.682677719663985, -7.625504280426447 ], [ 110.682677653035938, -7.625594736167201 ], [ 110.683130965934168, -7.62559506832826 ], [ 110.683131032472374, -7.625504612587506 ], [ 110.683221695032259, -7.62550467895504 ], [ 110.683221828063765, -7.625323767455567 ], [ 110.683312490587724, -7.625323833814116 ], [ 110.683312623583291, -7.625142922314644 ], [ 110.683221961095285, -7.625142855956094 ], [ 110.683222227140334, -7.624781032957147 ], [ 110.682406265466838, -7.624780434966628 ], [ 110.682405665302397, -7.625594536651376 ] ] ] } },
{ "type": "Feature", "properties": { "cluster_id": -1708860200, "count": 84, "area_m2": 8399.9999967779149, "area_ha": 0.83999999967779149, "kelas_sawah": "unlabeled", "varietas": "unlabeled", "usia_fase": null, "overlap_ratio": 0.0, "is_ground_truth": false }, "geometry": { "type": "Polygon", "coordinates": [ [ [ 110.682406932232382, -7.623875877496213 ], [ 110.682497594450908, -7.62387594401646 ], [ 110.682497527795903, -7.623966399757212 ], [ 110.683222825696788, -7.623966931173586 ], [ 110.683223158199212, -7.623514652397953 ], [ 110.683313820345873, -7.623514718738536 ], [ 110.683314086256175, -7.623152895703658 ], [ 110.683223424181378, -7.623152829363074 ], [ 110.683223490674678, -7.623062373604355 ], [ 110.682860842483322, -7.623062108080322 ], [ 110.682860775909177, -7.623152563839042 ], [ 110.682498127654924, -7.623152298009583 ], [ 110.68249786106189, -7.623514121017513 ], [ 110.682407198924224, -7.623514054506249 ], [ 110.682406932232382, -7.623875877496213 ] ] ] } },
{ "type": "Feature", "properties": { "cluster_id": -2086000232, "count": 71, "area_m2": 7099.9999656630098, "area_ha": 0.70999999656630097, "kelas_sawah": "unlabeled", "varietas": "unlabeled", "usia_fase": null, "overlap_ratio": 0.0, "is_ground_truth": false }, "geometry": { "type": "Polygon", "coordinates": [ [ [ 110.682407598926048, -7.622971319998847 ], [ 110.682498260946943, -7.622971386501127 ], [ 110.682498127654924, -7.623152298009583 ], [ 110.682860775909177, -7.623152563839042 ], [ 110.682860842483322, -7.623062108080322 ], [ 110.683223490674678, -7.623062373604355 ], [ 110.683223756647877, -7.622700550569475 ], [ 110.683314418623851, -7.622700616901076 ], [ 110.68331455156553, -7.622519705374653 ], [ 110.683223889634462, -7.622519639052036 ], [ 110.68322402261208, -7.622338727525613 ], [ 110.682498727451048, -7.622338196226021 ], [ 110.682498327592953, -7.622880930751391 ], [ 110.682407665590034, -7.62288086424911 ], [ 110.682407598926048, -7.622971319998847 ] ] ] } },
{ "type": "Feature", "properties": { "cluster_id": -301744996, "count": 76, "area_m2": 7599.9999831424793, "area_ha": 0.75999999831424792, "kelas_sawah": "unlabeled", "varietas": "unlabeled", "usia_fase": null, "overlap_ratio": 0.0, "is_ground_truth": false }, "geometry": { "type": "Polygon", "coordinates": [ [ [ 110.682410131600236, -7.61953400114953 ], [ 110.682500792902474, -7.619534067624861 ], [ 110.682500593054272, -7.61980543492797 ], [ 110.682863238496793, -7.619805700640648 ], [ 110.682863171958573, -7.619896156408351 ], [ 110.683135156098857, -7.619896355492984 ], [ 110.683135289067494, -7.619715443948595 ], [ 110.683225950414638, -7.619715510271213 ], [ 110.68322648210949, -7.618991864084673 ], [ 110.682501192580901, -7.618991333018644 ], [ 110.68250112597083, -7.619081788786347 ], [ 110.682410464758419, -7.619081722311016 ], [ 110.682410398130372, -7.619172178087702 ], [ 110.682501059351765, -7.61917224455405 ], [ 110.682500859521525, -7.619443611857158 ], [ 110.682410198237264, -7.619443545381827 ], [ 110.682410131600236, -7.61953400114953 ] ] ] } },
{ "type": "Feature", "properties": { "cluster_id": -2056143481, "count": 73, "area_m2": 7299.9999912481871, "area_ha": 0.72999999912481872, "kelas_sawah": "unlabeled", "varietas": "unlabeled", "usia_fase": null, "overlap_ratio": 0.0, "is_ground_truth": false }, "geometry": { "type": "Polygon", "coordinates": [ [ [ 110.682411064392852, -7.618267620383723 ], [ 110.682501725434577, -7.618267686850071 ], [ 110.682501192580901, -7.618991333018644 ], [ 110.68322648210949, -7.618991864084673 ], [ 110.683227080189837, -7.618177762085517 ], [ 110.682411131020899, -7.618177164616021 ], [ 110.682411064392852, -7.618267620383723 ] ] ] } },
{ "type": "Feature", "properties": { "cluster_id": 93137618, "count": 77, "area_m2": 7699.9999913771171, "area_ha": 0.76999999913771167, "kelas_sawah": "unlabeled", "varietas": "unlabeled", "usia_fase": null, "overlap_ratio": 0.0, "is_ground_truth": false }, "geometry": { "type": "Polygon", "coordinates": [ [ [ 110.682411131020899, -7.618177164616021 ], [ 110.683227080189837, -7.618177762085517 ], [ 110.683227146647212, -7.61808730630883 ], [ 110.683317807644016, -7.618087372595515 ], [ 110.683318139787119, -7.617635093685135 ], [ 110.683227478880127, -7.617635027398451 ], [ 110.683227611767919, -7.617454115836096 ], [ 110.682411663964402, -7.617453518429482 ], [ 110.682411131020899, -7.618177164616021 ] ] ] } },
{ "type": "Feature", "properties": { "cluster_id": 2117114441, "count": 89, "area_m2": 8900.000012901728, "area_ha": 0.89000000129017276, "kelas_sawah": "unlabeled", "varietas": "unlabeled", "usia_fase": null, "overlap_ratio": 0.0, "is_ground_truth": false }, "geometry": { "type": "Polygon", "coordinates": [ [ [ 110.682411663964402, -7.617453518429482 ], [ 110.683227611767919, -7.617454115836096 ], [ 110.683227877543473, -7.617092292702401 ], [ 110.68331853833368, -7.617092358989087 ], [ 110.683318604755101, -7.617001903203417 ], [ 110.683227943982871, -7.617001836925716 ], [ 110.683228010422269, -7.616911381140047 ], [ 110.683318671176536, -7.616911447417748 ], [ 110.683318737597972, -7.616820991632079 ], [ 110.683228076861667, -7.616820925354378 ], [ 110.68322827617088, -7.61654955799737 ], [ 110.682412330074172, -7.616548960653638 ], [ 110.682412130252928, -7.61682032799268 ], [ 110.682502790980237, -7.616820394441061 ], [ 110.682502657805003, -7.617001305994433 ], [ 110.682411997032773, -7.617001239546052 ], [ 110.682411930422688, -7.617091695322737 ], [ 110.682502591212895, -7.617091761771119 ], [ 110.682502524611792, -7.617182217556788 ], [ 110.682411863812604, -7.617182151099424 ], [ 110.682411663964402, -7.617453518429482 ] ] ] } },
{ "type": "Feature", "properties": { "cluster_id": -93523977, "count": 78, "area_m2": 7799.9999934853986, "area_ha": 0.77999999934853981, "kelas_sawah": "unlabeled", "varietas": "unlabeled", "usia_fase": null, "overlap_ratio": 0.0, "is_ground_truth": false }, "geometry": { "type": "Polygon", "coordinates": [ [ [ 110.682412330074172, -7.616548960653638 ], [ 110.68322827617088, -7.61654955799737 ], [ 110.683228409040694, -7.616368646426031 ], [ 110.683319069687158, -7.616368712703733 ], [ 110.683319468161855, -7.615825977971752 ], [ 110.683228807632162, -7.61582591169405 ], [ 110.683228874062578, -7.61573545590838 ], [ 110.68286623203366, -7.615735190644861 ], [ 110.682866165522398, -7.61582564643053 ], [ 110.682503523430597, -7.615825380852599 ], [ 110.682503257098077, -7.616187203986293 ], [ 110.682412596496519, -7.616187137537911 ], [ 110.682412330074172, -7.616548960653638 ] ] ] } },
{ "type": "Feature", "properties": { "cluster_id": 1586098840, "count": 72, "area_m2": 7199.9999813368777, "area_ha": 0.71999999813368776, "kelas_sawah": "unlabeled", "varietas": "unlabeled", "usia_fase": null, "overlap_ratio": 0.0, "is_ground_truth": false }, "geometry": { "type": "Polygon", "coordinates": [ [ [ 110.682412929510974, -7.615734858636515 ], [ 110.682503590013724, -7.615734925075913 ], [ 110.682503523430597, -7.615825380852599 ], [ 110.682866165522398, -7.61582564643053 ], [ 110.68286623203366, -7.615735190644861 ], [ 110.683228874062578, -7.61573545590838 ], [ 110.683229405460992, -7.615011809578111 ], [ 110.68250412263383, -7.615011278799543 ], [ 110.682503856328267, -7.615373101942219 ], [ 110.682413195897396, -7.615373035502821 ], [ 110.682412929510974, -7.615734858636515 ] ] ] } },
{ "type": "Feature", "properties": { "cluster_id": -1820560094, "count": 74, "area_m2": 7399.9999948590994, "area_ha": 0.73999999948590989, "kelas_sawah": "unlabeled", "varietas": "unlabeled", "usia_fase": null, "overlap_ratio": 0.0, "is_ground_truth": false }, "geometry": { "type": "Polygon", "coordinates": [ [ [ 110.682414061585874, -7.614197110280139 ], [ 110.683230003226925, -7.614197707435223 ], [ 110.683230600929988, -7.613383605256403 ], [ 110.682505320833712, -7.613383074585632 ], [ 110.682504854895541, -7.614016265130232 ], [ 110.682414194752127, -7.614016198699817 ], [ 110.682414061585874, -7.614197110280139 ] ] ] } },
{ "type": "Feature", "properties": { "cluster_id": 1670392851, "count": 88, "area_m2": 8800.0000328259193, "area_ha": 0.88000000328259198, "kelas_sawah": "unlabeled", "varietas": "unlabeled", "usia_fase": null, "overlap_ratio": 0.0, "is_ground_truth": false }, "geometry": { "type": "Polygon", "coordinates": [ [ [ 110.682414660825046, -7.613383008173183 ], [ 110.683321260947636, -7.613383671507155 ], [ 110.683321327333132, -7.61329321570352 ], [ 110.683230667342443, -7.61329314946175 ], [ 110.683230800149374, -7.613112237863462 ], [ 110.68332146011312, -7.613112304105232 ], [ 110.683321725646138, -7.612750480899673 ], [ 110.683231065763238, -7.612750414657904 ], [ 110.683231264964647, -7.612479047246997 ], [ 110.682596646206548, -7.612478583033591 ], [ 110.682596579677309, -7.612569038828243 ], [ 110.682505919839329, -7.612568972433761 ], [ 110.682505587067411, -7.613021251416006 ], [ 110.682414927130608, -7.613021184994573 ], [ 110.682414660825046, -7.613383008173183 ] ] ] } },
{ "type": "Feature", "properties": { "cluster_id": -1271367086, "count": 75, "area_m2": 7499.9999614994158, "area_ha": 0.74999999614994162, "kelas_sawah": "unlabeled", "varietas": "unlabeled", "usia_fase": null, "overlap_ratio": 0.0, "is_ground_truth": false }, "geometry": { "type": "Polygon", "coordinates": [ [ [ 110.682399059145695, -7.634549653153402 ], [ 110.682580388074314, -7.634549786346609 ], [ 110.682580454801183, -7.634459330641788 ], [ 110.683305770380912, -7.634459862651049 ], [ 110.683306302983056, -7.633736216940617 ], [ 110.682490324331411, -7.63373561841111 ], [ 110.682489857108649, -7.634368808353839 ], [ 110.682399192689246, -7.634368741752744 ], [ 110.682399059145695, -7.634549653153402 ] ] ] } },
{ "type": "Feature", "properties": { "cluster_id": 844346053, "count": 89, "area_m2": 8899.9999773560558, "area_ha": 0.88999999773560556, "kelas_sawah": "unlabeled", "varietas": "unlabeled", "usia_fase": null, "overlap_ratio": 0.0, "is_ground_truth": false }, "geometry": { "type": "Polygon", "coordinates": [ [ [ 110.682402663492041, -7.629665044607988 ], [ 110.683218634418182, -7.629665642993765 ], [ 110.683218700974365, -7.629575187261994 ], [ 110.683309364396635, -7.629575253647494 ], [ 110.68330943092586, -7.629484797915723 ], [ 110.683218767530548, -7.629484731530225 ], [ 110.683218900633918, -7.629303820066684 ], [ 110.683309563993305, -7.629303886452183 ], [ 110.683309830110218, -7.628942063516119 ], [ 110.68321916682271, -7.628941997130619 ], [ 110.683219233369897, -7.628851541398849 ], [ 110.683309896639457, -7.628851607784349 ], [ 110.683309963168682, -7.628761152043595 ], [ 110.68249399394935, -7.628760553909347 ], [ 110.68249352704099, -7.629393743995806 ], [ 110.68240286366364, -7.629393677439626 ], [ 110.682402663492041, -7.629665044607988 ] ] ] } },
{ "type": "Feature", "properties": { "cluster_id": 1072382770, "count": 83, "area_m2": 8299.999994666432, "area_ha": 0.82999999946664316, "kelas_sawah": "unlabeled", "varietas": "unlabeled", "usia_fase": null, "overlap_ratio": 0.0, "is_ground_truth": false }, "geometry": { "type": "Polygon", "coordinates": [ [ [ 110.682403931122707, -7.627946385785201 ], [ 110.683219898796949, -7.627946984027248 ], [ 110.683220031873375, -7.627766072554724 ], [ 110.683310694909366, -7.62776613893124 ], [ 110.68331116051516, -7.627132948736983 ], [ 110.682857845981999, -7.627132616701688 ], [ 110.68285777938091, -7.627223072442441 ], [ 110.682404464775885, -7.627222739922056 ], [ 110.682403931122707, -7.627946385785201 ] ] ] } },
{ "type": "Feature", "properties": { "cluster_id": -1871495942, "count": 74, "area_m2": 7400.0000372820068, "area_ha": 0.74000000372820063, "kelas_sawah": "unlabeled", "varietas": "unlabeled", "usia_fase": null, "overlap_ratio": 0.0, "is_ground_truth": false }, "geometry": { "type": "Polygon", "coordinates": [ [ [ 110.682496927865031, -7.624780501486875 ], [ 110.683222227140334, -7.624781032957147 ], [ 110.683222559678683, -7.624328754190498 ], [ 110.683313221996031, -7.624328820540065 ], [ 110.683313288480335, -7.624238364781345 ], [ 110.683222626180964, -7.624238298440761 ], [ 110.683222759194507, -7.624057386932305 ], [ 110.683313421448972, -7.624057453272889 ], [ 110.683313487933276, -7.623966997523152 ], [ 110.682497527795903, -7.623966399757212 ], [ 110.682496927865031, -7.624780501486875 ] ] ] } },
{ "type": "Feature", "properties": { "cluster_id": 1347432239, "count": 86, "area_m2": 8599.9999967546319, "area_ha": 0.85999999967546314, "kelas_sawah": "unlabeled", "varietas": "unlabeled", "usia_fase": null, "overlap_ratio": 0.0, "is_ground_truth": false }, "geometry": { "type": "Polygon", "coordinates": [ [ [ 110.682408065555919, -7.622338129723741 ], [ 110.68322402261208, -7.622338727525613 ], [ 110.683224155580703, -7.622157815999191 ], [ 110.683314817439907, -7.622157882330791 ], [ 110.683315282695347, -7.621524691974837 ], [ 110.682589988899764, -7.621524160881858 ], [ 110.682589922280712, -7.621614616640578 ], [ 110.682408598804855, -7.621614483680933 ], [ 110.682408065555919, -7.622338129723741 ] ] ] } },
{ "type": "Feature", "properties": { "cluster_id": -283597912, "count": 92, "area_m2": 9199.9999762928928, "area_ha": 0.9199999976292893, "kelas_sawah": "unlabeled", "varietas": "unlabeled", "usia_fase": null, "overlap_ratio": 0.0, "is_ground_truth": false }, "geometry": { "type": "Polygon", "coordinates": [ [ [ 110.682408598804855, -7.621614483680933 ], [ 110.682589922280712, -7.621614616640578 ], [ 110.682589988899764, -7.621524160881858 ], [ 110.683315282695347, -7.621524691974837 ], [ 110.683315880811634, -7.620710590065511 ], [ 110.682409265291923, -7.620709926084753 ], [ 110.682408598804855, -7.621614483680933 ] ] ] } },
{ "type": "Feature", "properties": { "cluster_id": -319784401, "count": 85, "area_m2": 8499.9998862529173, "area_ha": 0.84999998862529169, "kelas_sawah": "unlabeled", "varietas": "unlabeled", "usia_fase": null, "overlap_ratio": 0.0, "is_ground_truth": false }, "geometry": { "type": "Polygon", "coordinates": [ [ [ 110.682413462283805, -7.615011212360145 ], [ 110.683229405460992, -7.615011809578111 ], [ 110.683229471882427, -7.614921353792442 ], [ 110.683320132223471, -7.614921420052178 ], [ 110.683320663415259, -7.614197773694959 ], [ 110.682504721765213, -7.614197176710554 ], [ 110.682504455495575, -7.614558999862213 ], [ 110.682413795235391, -7.614558933431798 ], [ 110.682413462283805, -7.615011212360145 ] ] ] } },
{ "type": "Feature", "properties": { "cluster_id": 1482387510, "count": 83, "area_m2": 8299.9999836678035, "area_ha": 0.8299999983667804, "kelas_sawah": "unlabeled", "varietas": "unlabeled", "usia_fase": null, "overlap_ratio": 0.0, "is_ground_truth": false }, "geometry": { "type": "Polygon", "coordinates": [ [ [ 110.683227545328521, -7.617544571621765 ], [ 110.683318206217535, -7.617544637908449 ], [ 110.683318272638957, -7.61745418212278 ], [ 110.684043559643285, -7.617454711715573 ], [ 110.684044156061745, -7.616640609590651 ], [ 110.683681513242306, -7.616640344982901 ], [ 110.683681579582895, -7.616549889188248 ], [ 110.683409597535686, -7.616549690534807 ], [ 110.683409531132213, -7.616640146320476 ], [ 110.683228209731482, -7.616640013783039 ], [ 110.683228076861667, -7.616820925354378 ], [ 110.683318737597972, -7.616820991632079 ], [ 110.683318671176536, -7.616911447417748 ], [ 110.683228010422269, -7.616911381140047 ], [ 110.683227943982871, -7.617001836925716 ], [ 110.683318604755101, -7.617001903203417 ], [ 110.68331853833368, -7.617092358989087 ], [ 110.683227877543473, -7.617092292702401 ], [ 110.683227545328521, -7.617544571621765 ] ] ] } },
{ "type": "Feature", "properties": { "cluster_id": -878684144, "count": 79, "area_m2": 7899.9999941058923, "area_ha": 0.78999999941058918, "kelas_sawah": "unlabeled", "varietas": "unlabeled", "usia_fase": null, "overlap_ratio": 0.0, "is_ground_truth": false }, "geometry": { "type": "Polygon", "coordinates": [ [ [ 110.683215638680451, -7.633736150510202 ], [ 110.683759624478157, -7.63373654879625 ], [ 110.683759690953494, -7.633646093073462 ], [ 110.684031683807433, -7.633646291951483 ], [ 110.684031949475184, -7.633284469060335 ], [ 110.684122613687975, -7.633284535320071 ], [ 110.6841228792659, -7.632922712419939 ], [ 110.683760222729191, -7.632922447309132 ], [ 110.683760289204514, -7.632831991586345 ], [ 110.683669625090545, -7.632831925263727 ], [ 110.68366955860624, -7.632922380977531 ], [ 110.683306902087494, -7.632922115489432 ], [ 110.683306635826838, -7.633283938362615 ], [ 110.683215971623042, -7.633283871941182 ], [ 110.683215638680451, -7.633736150510202 ] ] ] } },
{ "type": "Feature", "properties": { "cluster_id": -272673269, "count": 82, "area_m2": 8200.0000300628017, "area_ha": 0.82000000300628018, "kelas_sawah": "unlabeled", "varietas": "unlabeled", "usia_fase": null, "overlap_ratio": 0.0, "is_ground_truth": false }, "geometry": { "type": "Polygon", "coordinates": [ [ [ 110.683135156098857, -7.619896355492984 ], [ 110.683679124415349, -7.619896753159194 ], [ 110.683679190791878, -7.619806297382508 ], [ 110.684041836270325, -7.619806562107039 ], [ 110.684042366599741, -7.619082915857618 ], [ 110.683770382944545, -7.619082717365873 ], [ 110.683770449285134, -7.618992261580204 ], [ 110.683498465692821, -7.618992062917779 ], [ 110.683498399289348, -7.619082518694465 ], [ 110.683226415643148, -7.619082319852376 ], [ 110.683225950414638, -7.619715510271213 ], [ 110.683135289067494, -7.619715443948595 ], [ 110.683135156098857, -7.619896355492984 ] ] ] } },
{ "type": "Feature", "properties": { "cluster_id": 1562979720, "count": 79, "area_m2": 7899.9999859265517, "area_ha": 0.78999999859265513, "kelas_sawah": "unlabeled", "varietas": "unlabeled", "usia_fase": null, "overlap_ratio": 0.0, "is_ground_truth": false }, "geometry": { "type": "Polygon", "coordinates": [ [ [ 110.683222227140334, -7.624781032957147 ], [ 110.683494214379806, -7.624781231942966 ], [ 110.683494280828185, -7.624690776193229 ], [ 110.683584943226364, -7.624690842479914 ], [ 110.683584876795962, -7.624781298238633 ], [ 110.683675539212103, -7.624781364507352 ], [ 110.683675605624558, -7.624690908757616 ], [ 110.684038255217288, -7.624691173652827 ], [ 110.684038785897044, -7.623967527565102 ], [ 110.683857461397125, -7.623967395171396 ], [ 110.683857527764658, -7.623876939412676 ], [ 110.683404216645101, -7.62387660808705 ], [ 110.683404150178745, -7.62396706384577 ], [ 110.683313487933276, -7.623966997523152 ], [ 110.683313421448972, -7.624057453272889 ], [ 110.683222759194507, -7.624057386932305 ], [ 110.683222626180964, -7.624238298440761 ], [ 110.683313288480335, -7.624238364781345 ], [ 110.683313221996031, -7.624328820540065 ], [ 110.683222559678683, -7.624328754190498 ], [ 110.683222227140334, -7.624781032957147 ] ] ] } },
{ "type": "Feature", "properties": { "cluster_id": -1187843197, "count": 83, "area_m2": 8300.000017604325, "area_ha": 0.83000000176043254, "kelas_sawah": "unlabeled", "varietas": "unlabeled", "usia_fase": null, "overlap_ratio": 0.0, "is_ground_truth": false }, "geometry": { "type": "Polygon", "coordinates": [ [ [ 110.683216837176772, -7.632107947598849 ], [ 110.684032812801092, -7.63210854462817 ], [ 110.684033410405334, -7.631294443060203 ], [ 110.683942746614761, -7.631294376809452 ], [ 110.683942813027215, -7.631203921077681 ], [ 110.683761485490976, -7.631203788513295 ], [ 110.683761419033615, -7.631294244245065 ], [ 110.683670755252024, -7.631294177931431 ], [ 110.68367082171838, -7.63120372219966 ], [ 110.683308166654896, -7.631203456774443 ], [ 110.683308100107695, -7.63129391249723 ], [ 110.683217436326117, -7.631293846093764 ], [ 110.683217170047499, -7.631655668984913 ], [ 110.683307833900955, -7.631655735397362 ], [ 110.683307567685219, -7.632017558288511 ], [ 110.683216903750917, -7.632017491876062 ], [ 110.683216837176772, -7.632107947598849 ] ] ] } },
{ "type": "Feature", "properties": { "cluster_id": -159801929, "count": 82, "area_m2": 8199.9999962936272, "area_ha": 0.81999999962936276, "kelas_sawah": "unlabeled", "varietas": "unlabeled", "usia_fase": null, "overlap_ratio": 0.0, "is_ground_truth": false }, "geometry": { "type": "Polygon", "coordinates": [ [ [ 110.683220497604935, -7.62713288236945 ], [ 110.68331116051516, -7.627132948736983 ], [ 110.683311094003898, -7.62722340448672 ], [ 110.683764408644848, -7.627223736045908 ], [ 110.683764475066283, -7.627133280305155 ], [ 110.684036463805938, -7.627133479012495 ], [ 110.684036530164491, -7.627043023262758 ], [ 110.684127193056739, -7.627043089459612 ], [ 110.684127259397329, -7.626952633709875 ], [ 110.684036596523043, -7.626952567513023 ], [ 110.684036662881581, -7.626862111763286 ], [ 110.684127325737919, -7.626862177960139 ], [ 110.684127591082287, -7.626500354952209 ], [ 110.684036928297814, -7.62650028876434 ], [ 110.684036994656367, -7.62640983300562 ], [ 110.683946331889871, -7.626409766799783 ], [ 110.6839463982664, -7.626319311050047 ], [ 110.683402421829129, -7.626318913383836 ], [ 110.683402355335829, -7.626409369133573 ], [ 110.68331169258731, -7.626409302784007 ], [ 110.683311293537685, -7.626952037255476 ], [ 110.68322063067238, -7.626951970887943 ], [ 110.683220497604935, -7.62713288236945 ] ] ] } },
{ "type": "Feature", "properties": { "cluster_id": -1259169189, "count": 45, "area_m2": 4500.0000074203126, "area_ha": 0.45000000074203128, "kelas_sawah": "unlabeled", "varietas": "unlabeled", "usia_fase": null, "overlap_ratio": 0.0, "is_ground_truth": false }, "geometry": { "type": "Polygon", "coordinates": [ [ [ 110.683213507373537, -7.636630733172266 ], [ 110.68402949157678, -7.636631330560913 ], [ 110.684029823791732, -7.63617905200986 ], [ 110.683213840450875, -7.636178454657145 ], [ 110.683213507373537, -7.636630733172266 ] ] ] } },
{ "type": "Feature", "properties": { "cluster_id": 1724633596, "count": 88, "area_m2": 8799.9999738586484, "area_ha": 0.87999999738586487, "kelas_sawah": "unlabeled", "varietas": "unlabeled", "usia_fase": null, "overlap_ratio": 0.0, "is_ground_truth": false }, "geometry": { "type": "Polygon", "coordinates": [ [ [ 110.683213840450875, -7.636178454657145 ], [ 110.684029823791732, -7.63617905200986 ], [ 110.684030155979741, -7.635726773449823 ], [ 110.684120820704564, -7.635726839727525 ], [ 110.684121019959875, -7.635455472586113 ], [ 110.684030355288954, -7.635455406317394 ], [ 110.684030488158768, -7.635274494880803 ], [ 110.683305171150721, -7.635273964039352 ], [ 110.683304971392346, -7.635545331162798 ], [ 110.683214306712443, -7.635545264723399 ], [ 110.68321424011134, -7.635635720428221 ], [ 110.683304904809219, -7.635635786867619 ], [ 110.683304771624989, -7.635816698286243 ], [ 110.683214106891185, -7.635816631837862 ], [ 110.683213840450875, -7.636178454657145 ] ] ] } },
{ "type": "Feature", "properties": { "cluster_id": 308716064, "count": 73, "area_m2": 7300.0000334516517, "area_ha": 0.73000000334516513, "kelas_sawah": "unlabeled", "varietas": "unlabeled", "usia_fase": null, "overlap_ratio": 0.0, "is_ground_truth": false }, "geometry": { "type": "Polygon", "coordinates": [ [ [ 110.683305770380912, -7.634459862651049 ], [ 110.684031086014542, -7.634460393438601 ], [ 110.68403121886638, -7.634279481993027 ], [ 110.684121883285783, -7.634279548261746 ], [ 110.684122281697597, -7.633736813934006 ], [ 110.684031617394979, -7.633736747674271 ], [ 110.684031683807433, -7.633646291951483 ], [ 110.683759690953494, -7.633646093073462 ], [ 110.683759624478157, -7.63373654879625 ], [ 110.683306302983056, -7.633736216940617 ], [ 110.683305770380912, -7.634459862651049 ] ] ] } },
{ "type": "Feature", "properties": { "cluster_id": -1796782893, "count": 79, "area_m2": 7899.9999954891973, "area_ha": 0.78999999954891975, "kelas_sawah": "unlabeled", "varietas": "unlabeled", "usia_fase": null, "overlap_ratio": 0.0, "is_ground_truth": false }, "geometry": { "type": "Polygon", "coordinates": [ [ [ 110.683216237964544, -7.632922049068 ], [ 110.68366955860624, -7.632922380977531 ], [ 110.683669625090545, -7.632831925263727 ], [ 110.683760289204514, -7.632831991586345 ], [ 110.683760222729191, -7.632922447309132 ], [ 110.684032215124986, -7.632922646169186 ], [ 110.684032347949881, -7.632741734714629 ], [ 110.684123012045887, -7.632741800965381 ], [ 110.684123410376841, -7.632199066601709 ], [ 110.684032746397634, -7.63219900035994 ], [ 110.684032812801092, -7.63210854462817 ], [ 110.683307501129036, -7.632108014011298 ], [ 110.683307035217808, -7.632741204052842 ], [ 110.683216371121816, -7.632741137631409 ], [ 110.683216237964544, -7.632922049068 ] ] ] } },
{ "type": "Feature", "properties": { "cluster_id": -1844257171, "count": 78, "area_m2": 7800.0000066359644, "area_ha": 0.78000000066359643, "kelas_sawah": "unlabeled", "varietas": "unlabeled", "usia_fase": null, "overlap_ratio": 0.0, "is_ground_truth": false }, "geometry": { "type": "Polygon", "coordinates": [ [ [ 110.683308166654896, -7.631203456774443 ], [ 110.68367082171838, -7.63120372219966 ], [ 110.683670755252024, -7.631294177931431 ], [ 110.683761419033615, -7.631294244245065 ], [ 110.683761485490976, -7.631203788513295 ], [ 110.683942813027215, -7.631203921077681 ], [ 110.683942746614761, -7.631294376809452 ], [ 110.684124074195907, -7.63129450929299 ], [ 110.684124605190078, -7.630570863429844 ], [ 110.684033941552215, -7.630570797197058 ], [ 110.684034074332203, -7.630389885724535 ], [ 110.683671419942456, -7.630389620631694 ], [ 110.683671353476115, -7.630480076363464 ], [ 110.683308699014503, -7.630479810956214 ], [ 110.683308166654896, -7.631203456774443 ] ] ] } },
{ "type": "Feature", "properties": { "cluster_id": 195117361, "count": 76, "area_m2": 7600.0000282813562, "area_ha": 0.76000000282813562, "kelas_sawah": "unlabeled", "varietas": "unlabeled", "usia_fase": null, "overlap_ratio": 0.0, "is_ground_truth": false }, "geometry": { "type": "Polygon", "coordinates": [ [ [ 110.683218567870995, -7.629756098725535 ], [ 110.68330923132919, -7.629756165111035 ], [ 110.683308699014503, -7.630479810956214 ], [ 110.683671353476115, -7.630480076363464 ], [ 110.683671419942456, -7.630389620631694 ], [ 110.684034074332203, -7.630389885724535 ], [ 110.684034671801697, -7.629575784093686 ], [ 110.683400027818891, -7.629575320024011 ], [ 110.683399961307629, -7.629665775755781 ], [ 110.683218634418182, -7.629665642993765 ], [ 110.683218567870995, -7.629756098725535 ] ] ] } },
{ "type": "Feature", "properties": { "cluster_id": 2067361017, "count": 78, "area_m2": 7800.000044076296, "area_ha": 0.78000000440762962, "kelas_sawah": "unlabeled", "varietas": "unlabeled", "usia_fase": null, "overlap_ratio": 0.0, "is_ground_truth": false }, "geometry": { "type": "Polygon", "coordinates": [ [ [ 110.683218634418182, -7.629665642993765 ], [ 110.683399961307629, -7.629665775755781 ], [ 110.683400027818891, -7.629575320024011 ], [ 110.684034671801697, -7.629575784093686 ], [ 110.684035136446283, -7.628942593917396 ], [ 110.684125799742787, -7.628942660132215 ], [ 110.68412586610134, -7.628852204382478 ], [ 110.684035202822812, -7.628852138176642 ], [ 110.684035269199327, -7.628761682426905 ], [ 110.683309963168682, -7.628761152043595 ], [ 110.683309896639457, -7.628851607784349 ], [ 110.683219233369897, -7.628851541398849 ], [ 110.68321916682271, -7.628941997130619 ], [ 110.683309830110218, -7.628942063516119 ], [ 110.683309563993305, -7.629303886452183 ], [ 110.683218900633918, -7.629303820066684 ], [ 110.683218767530548, -7.629484731530225 ], [ 110.68330943092586, -7.629484797915723 ], [ 110.683309364396635, -7.629575253647494 ], [ 110.683218700974365, -7.629575187261994 ], [ 110.683218634418182, -7.629665642993765 ] ] ] } },
{ "type": "Feature", "properties": { "cluster_id": -227721480, "count": 72, "area_m2": 7199.999971408397, "area_ha": 0.71999999714083973, "kelas_sawah": "unlabeled", "varietas": "unlabeled", "usia_fase": null, "overlap_ratio": 0.0, "is_ground_truth": false }, "geometry": { "type": "Polygon", "coordinates": [ [ [ 110.683219299917099, -7.628761085658096 ], [ 110.684035269199327, -7.628761682426905 ], [ 110.684035800166541, -7.628038036482912 ], [ 110.683219832258743, -7.628037439768001 ], [ 110.683219299917099, -7.628761085658096 ] ] ] } },
{ "type": "Feature", "properties": { "cluster_id": -1276088342, "count": 81, "area_m2": 8099.9999959548586, "area_ha": 0.80999999959548585, "kelas_sawah": "unlabeled", "varietas": "unlabeled", "usia_fase": null, "overlap_ratio": 0.0, "is_ground_truth": false }, "geometry": { "type": "Polygon", "coordinates": [ [ [ 110.683219832258743, -7.628037439768001 ], [ 110.684035800166541, -7.628038036482912 ], [ 110.684036065627694, -7.627676213501932 ], [ 110.684126728663671, -7.627676279698785 ], [ 110.684126927694408, -7.627404912458558 ], [ 110.6840362647213, -7.627404846252722 ], [ 110.684036463805938, -7.627133479012495 ], [ 110.683764475066283, -7.627133280305155 ], [ 110.683764408644848, -7.627223736045908 ], [ 110.683311094003898, -7.62722340448672 ], [ 110.683310694909366, -7.62776613893124 ], [ 110.683220031873375, -7.627766072554724 ], [ 110.683219832258743, -7.628037439768001 ] ] ] } },
{ "type": "Feature", "properties": { "cluster_id": 35278639, "count": 79, "area_m2": 7900.0000013355748, "area_ha": 0.79000000013355742, "kelas_sawah": "unlabeled", "varietas": "unlabeled", "usia_fase": null, "overlap_ratio": 0.0, "is_ground_truth": false }, "geometry": { "type": "Polygon", "coordinates": [ [ [ 110.683221029829795, -7.626409236425456 ], [ 110.683402355335829, -7.626409369133573 ], [ 110.683402421829129, -7.626318913383836 ], [ 110.6839463982664, -7.626319311050047 ], [ 110.683946331889871, -7.626409766799783 ], [ 110.684036994656367, -7.62640983300562 ], [ 110.684037658143055, -7.625505275472321 ], [ 110.683493682729875, -7.625504877967808 ], [ 110.6834936162725, -7.625595333717545 ], [ 110.683221628520997, -7.625595134704777 ], [ 110.683221295919765, -7.626047413444476 ], [ 110.68331195859642, -7.626047479803026 ], [ 110.683311825591858, -7.626228391293516 ], [ 110.683221162879263, -7.626228324934966 ], [ 110.683221029829795, -7.626409236425456 ] ] ] } },
{ "type": "Feature", "properties": { "cluster_id": -1223312871, "count": 78, "area_m2": 7799.9999974324601, "area_ha": 0.77999999974324596, "kelas_sawah": "unlabeled", "varietas": "unlabeled", "usia_fase": null, "overlap_ratio": 0.0, "is_ground_truth": false }, "geometry": { "type": "Polygon", "coordinates": [ [ [ 110.683221628520997, -7.625595134704777 ], [ 110.6834936162725, -7.625595333717545 ], [ 110.683493682729875, -7.625504877967808 ], [ 110.684037658143055, -7.625505275472321 ], [ 110.684038255217288, -7.624691173652827 ], [ 110.683675605624558, -7.624690908757616 ], [ 110.683675539212103, -7.624781364507352 ], [ 110.683584876795962, -7.624781298238633 ], [ 110.683584943226364, -7.624690842479914 ], [ 110.683494280828185, -7.624690776193229 ], [ 110.683494214379806, -7.624781231942966 ], [ 110.683222227140334, -7.624781032957147 ], [ 110.683221961095285, -7.625142855956094 ], [ 110.683312623583291, -7.625142922314644 ], [ 110.683312490587724, -7.625323833814116 ], [ 110.683221828063765, -7.625323767455567 ], [ 110.683221628520997, -7.625595134704777 ] ] ] } },
{ "type": "Feature", "properties": { "cluster_id": -1383242749, "count": 85, "area_m2": 8500.0000276020728, "area_ha": 0.85000000276020726, "kelas_sawah": "unlabeled", "varietas": "unlabeled", "usia_fase": null, "overlap_ratio": 0.0, "is_ground_truth": false }, "geometry": { "type": "Polygon", "coordinates": [ [ [ 110.683222825696788, -7.623966931173586 ], [ 110.683404150178745, -7.62396706384577 ], [ 110.683404216645101, -7.62387660808705 ], [ 110.683857527764658, -7.623876939412676 ], [ 110.683857461397125, -7.623967395171396 ], [ 110.684129448142514, -7.623967593735006 ], [ 110.684130044920309, -7.62315349185263 ], [ 110.684039382845526, -7.623153425691709 ], [ 110.684039449168139, -7.623062969924006 ], [ 110.683676800940844, -7.623062705082694 ], [ 110.683676734537372, -7.623153160850397 ], [ 110.683314086256175, -7.623152895703658 ], [ 110.683313820345873, -7.623514718738536 ], [ 110.683223158199212, -7.623514652397953 ], [ 110.683222825696788, -7.623966931173586 ] ] ] } },
{ "type": "Feature", "properties": { "cluster_id": -1257710478, "count": 74, "area_m2": 7399.9999870001911, "area_ha": 0.73999999870001909, "kelas_sawah": "unlabeled", "varietas": "unlabeled", "usia_fase": null, "overlap_ratio": 0.0, "is_ground_truth": false }, "geometry": { "type": "Polygon", "coordinates": [ [ [ 110.683223424181378, -7.623152829363074 ], [ 110.683676734537372, -7.623153160850397 ], [ 110.683676800940844, -7.623062705082694 ], [ 110.683948787111319, -7.623062903745119 ], [ 110.683948853451895, -7.622972447977416 ], [ 110.684039515490753, -7.622972514165286 ], [ 110.684039979722129, -7.622339323791366 ], [ 110.68322402261208, -7.622338727525613 ], [ 110.683223889634462, -7.622519639052036 ], [ 110.68331455156553, -7.622519705374653 ], [ 110.683314418623851, -7.622700616901076 ], [ 110.683223756647877, -7.622700550569475 ], [ 110.683223424181378, -7.623152829363074 ] ] ] } },
{ "type": "Feature", "properties": { "cluster_id": 1268403406, "count": 84, "area_m2": 8400.0000413021189, "area_ha": 0.84000000413021192, "kelas_sawah": "unlabeled", "varietas": "unlabeled", "usia_fase": null, "overlap_ratio": 0.0, "is_ground_truth": false }, "geometry": { "type": "Polygon", "coordinates": [ [ [ 110.68322402261208, -7.622338727525613 ], [ 110.684039979722129, -7.622339323791366 ], [ 110.684040178672021, -7.622067956479275 ], [ 110.684130840522229, -7.622068022631212 ], [ 110.6841311719826, -7.621615743774731 ], [ 110.684040510231199, -7.621615677622794 ], [ 110.684040642849482, -7.621434766078405 ], [ 110.683587334281142, -7.621434435049222 ], [ 110.683587267877684, -7.621524890816925 ], [ 110.683315282695347, -7.621524691974837 ], [ 110.683314817439907, -7.622157882330791 ], [ 110.683224155580703, -7.622157815999191 ], [ 110.68322402261208, -7.622338727525613 ] ] ] } },
{ "type": "Feature", "properties": { "cluster_id": -783847432, "count": 73, "area_m2": 7299.999990798533, "area_ha": 0.72999999907985325, "kelas_sawah": "unlabeled", "varietas": "unlabeled", "usia_fase": null, "overlap_ratio": 0.0, "is_ground_truth": false }, "geometry": { "type": "Polygon", "coordinates": [ [ [ 110.683315282695347, -7.621524691974837 ], [ 110.683587267877684, -7.621524890816925 ], [ 110.683587334281142, -7.621434435049222 ], [ 110.684040642849482, -7.621434766078405 ], [ 110.684040709154132, -7.621344310310702 ], [ 110.684131370851631, -7.621344376453656 ], [ 110.684131768571746, -7.620801641802523 ], [ 110.684041106991032, -7.620801575659569 ], [ 110.684041173295682, -7.620711119882882 ], [ 110.683315880811634, -7.620710590065511 ], [ 110.683315282695347, -7.621524691974837 ] ] ] } },
{ "type": "Feature", "properties": { "cluster_id": -1776271302, "count": 87, "area_m2": 8700.0000212230952, "area_ha": 0.87000000212230955, "kelas_sawah": "unlabeled", "varietas": "unlabeled", "usia_fase": null, "overlap_ratio": 0.0, "is_ground_truth": false }, "geometry": { "type": "Polygon", "coordinates": [ [ [ 110.683225219257864, -7.620710523751877 ], [ 110.684041173295682, -7.620711119882882 ], [ 110.684041571087647, -7.620168385222766 ], [ 110.684132232542609, -7.62016845136572 ], [ 110.684132298820302, -7.620077995580051 ], [ 110.684041637383316, -7.62007792944608 ], [ 110.684041703678986, -7.619987473669394 ], [ 110.684132365098009, -7.619987539803366 ], [ 110.684132431366734, -7.61989708402668 ], [ 110.684041769974655, -7.619897017892709 ], [ 110.684041836270325, -7.619806562107039 ], [ 110.683679190791878, -7.619806297382508 ], [ 110.683679124415349, -7.619896753159194 ], [ 110.683225817481954, -7.619896421815602 ], [ 110.683225219257864, -7.620710523751877 ] ] ] } },
{ "type": "Feature", "properties": { "cluster_id": -1948292866, "count": 78, "area_m2": 7799.9999787157867, "area_ha": 0.7799999978715787, "kelas_sawah": "unlabeled", "varietas": "unlabeled", "usia_fase": null, "overlap_ratio": 0.0, "is_ground_truth": false }, "geometry": { "type": "Polygon", "coordinates": [ [ [ 110.683228209731482, -7.616640013783039 ], [ 110.683409531132213, -7.616640146320476 ], [ 110.683409597535686, -7.616549690534807 ], [ 110.683681579582895, -7.616549889188248 ], [ 110.683681513242306, -7.616640344982901 ], [ 110.684134816771106, -7.616640675697673 ], [ 110.684135214239674, -7.616097940929759 ], [ 110.684044553647112, -7.61609787483172 ], [ 110.684044752426317, -7.615826507447763 ], [ 110.683319468161855, -7.615825977971752 ], [ 110.683319069687158, -7.616368712703733 ], [ 110.683228409040694, -7.616368646426031 ], [ 110.683228209731482, -7.616640013783039 ] ] ] } },
{ "type": "Feature", "properties": { "cluster_id": -1098206654, "count": 82, "area_m2": 8200.0000650304719, "area_ha": 0.82000000650304716, "kelas_sawah": "unlabeled", "varietas": "unlabeled", "usia_fase": null, "overlap_ratio": 0.0, "is_ground_truth": false }, "geometry": { "type": "Polygon", "coordinates": [ [ [ 110.683228807632162, -7.61582591169405 ], [ 110.684044752426317, -7.615826507447763 ], [ 110.684045149957782, -7.615283772661883 ], [ 110.684135810379672, -7.615283838759922 ], [ 110.684135876612459, -7.615193382956286 ], [ 110.684045216208531, -7.615193316858247 ], [ 110.684045348719025, -7.615012405259959 ], [ 110.683229405460992, -7.615011809578111 ], [ 110.683228807632162, -7.61582591169405 ] ] ] } },
{ "type": "Feature", "properties": { "cluster_id": -1489320671, "count": 84, "area_m2": 8399.9999653169652, "area_ha": 0.83999999653169655, "kelas_sawah": "unlabeled", "varietas": "unlabeled", "usia_fase": null, "overlap_ratio": 0.0, "is_ground_truth": false }, "geometry": { "type": "Polygon", "coordinates": [ [ [ 110.683214439923617, -7.635364353304775 ], [ 110.683305104567594, -7.635364419744173 ], [ 110.683305171150721, -7.635273964039352 ], [ 110.684030488158768, -7.635274494880803 ], [ 110.684030621019602, -7.635093583453195 ], [ 110.684121285609677, -7.635093649721914 ], [ 110.68412175046987, -7.634460459698336 ], [ 110.683215105934565, -7.634459796211651 ], [ 110.683214906140265, -7.63473116334408 ], [ 110.683305570649495, -7.634731229783478 ], [ 110.683305237733848, -7.635183508334531 ], [ 110.683214573134791, -7.635183441895133 ], [ 110.683214439923617, -7.635364353304775 ] ] ] } },
{ "type": "Feature", "properties": { "cluster_id": -289615797, "count": 86, "area_m2": 8600.0000068923691, "area_ha": 0.86000000068923688, "kelas_sawah": "unlabeled", "varietas": "unlabeled", "usia_fase": null, "overlap_ratio": 0.0, "is_ground_truth": false }, "geometry": { "type": "Polygon", "coordinates": [ [ [ 110.683226415643148, -7.619082319852376 ], [ 110.683498399289348, -7.619082518694465 ], [ 110.683498465692821, -7.618992062917779 ], [ 110.683770449285134, -7.618992261580204 ], [ 110.683770382944545, -7.619082717365873 ], [ 110.684133027821133, -7.619082981991589 ], [ 110.684133624203668, -7.618268879920567 ], [ 110.683317674783197, -7.61826828415787 ], [ 110.68331760835278, -7.618358739934556 ], [ 110.683226947293079, -7.618358673638888 ], [ 110.683226415643148, -7.619082319852376 ] ] ] } },
{ "type": "Feature", "properties": { "cluster_id": 976696274, "count": 85, "area_m2": 8499.999998115818, "area_ha": 0.84999999981158181, "kelas_sawah": "unlabeled", "varietas": "unlabeled", "usia_fase": null, "overlap_ratio": 0.0, "is_ground_truth": false }, "geometry": { "type": "Polygon", "coordinates": [ [ [ 110.683226947293079, -7.618358673638888 ], [ 110.68331760835278, -7.618358739934556 ], [ 110.683317674783197, -7.61826828415787 ], [ 110.684133624203668, -7.618268879920567 ], [ 110.684134220523319, -7.617454777831577 ], [ 110.683318272638957, -7.61745418212278 ], [ 110.683318206217535, -7.617544637908449 ], [ 110.683227545328521, -7.617544571621765 ], [ 110.683227478880127, -7.617635027398451 ], [ 110.683318139787119, -7.617635093685135 ], [ 110.683317807644016, -7.618087372595515 ], [ 110.683227146647212, -7.61808730630883 ], [ 110.683226947293079, -7.618358673638888 ] ] ] } },
{ "type": "Feature", "properties": { "cluster_id": -1743305373, "count": 81, "area_m2": 8099.9999795787153, "area_ha": 0.80999999795787148, "kelas_sawah": "unlabeled", "varietas": "unlabeled", "usia_fase": null, "overlap_ratio": 0.0, "is_ground_truth": false }, "geometry": { "type": "Polygon", "coordinates": [ [ [ 110.683229405460992, -7.615011809578111 ], [ 110.684045348719025, -7.615012405259959 ], [ 110.684045414969773, -7.614921949465307 ], [ 110.684136075310818, -7.614922015554362 ], [ 110.684136605137169, -7.614198369134262 ], [ 110.683320663415259, -7.614197773694959 ], [ 110.683320132223471, -7.614921420052178 ], [ 110.683229471882427, -7.614921353792442 ], [ 110.683229405460992, -7.615011809578111 ] ] ] } },
{ "type": "Feature", "properties": { "cluster_id": -21792594, "count": 96, "area_m2": 9600.0000505550997, "area_ha": 0.96000000505550998, "kelas_sawah": "unlabeled", "varietas": "unlabeled", "usia_fase": null, "overlap_ratio": 0.0, "is_ground_truth": false }, "geometry": { "type": "Polygon", "coordinates": [ [ [ 110.683230003226925, -7.614197707435223 ], [ 110.684045944939854, -7.61419830305419 ], [ 110.684046143674152, -7.613926935643283 ], [ 110.68413680380857, -7.613927001723355 ], [ 110.684137267339267, -7.613293811079941 ], [ 110.683321327333132, -7.61329321570352 ], [ 110.683321260947636, -7.613383671507155 ], [ 110.683230600929988, -7.613383605256403 ], [ 110.683230003226925, -7.614197707435223 ] ] ] } },
{ "type": "Feature", "properties": { "cluster_id": 1026825861, "count": 83, "area_m2": 8300.0000416228431, "area_ha": 0.83000000416228437, "kelas_sawah": "unlabeled", "varietas": "unlabeled", "usia_fase": null, "overlap_ratio": 0.0, "is_ground_truth": false }, "geometry": { "type": "Polygon", "coordinates": [ [ [ 110.683230667342443, -7.61329314946175 ], [ 110.684046607339582, -7.613293745008852 ], [ 110.684046806046922, -7.613022377579979 ], [ 110.684137465992706, -7.613022443660051 ], [ 110.684137863263658, -7.612479708802305 ], [ 110.683231264964647, -7.612479047246997 ], [ 110.683231065763238, -7.612750414657904 ], [ 110.683321725646138, -7.612750480899673 ], [ 110.68332146011312, -7.613112304105232 ], [ 110.683230800149374, -7.613112237863462 ], [ 110.683230667342443, -7.61329314946175 ] ] ] } },
{ "type": "Feature", "properties": { "cluster_id": 1653672553, "count": 78, "area_m2": 7800.0000050765811, "area_ha": 0.78000000050765816, "kelas_sawah": "unlabeled", "varietas": "unlabeled", "usia_fase": null, "overlap_ratio": 0.0, "is_ground_truth": false }, "geometry": { "type": "Polygon", "coordinates": [ [ [ 110.684133027821133, -7.619082981991589 ], [ 110.684858317619216, -7.619083510326741 ], [ 110.684858582074241, -7.618721687166097 ], [ 110.68494924322377, -7.618721753120406 ], [ 110.684949573687021, -7.618269474156127 ], [ 110.684586929466207, -7.61826921024008 ], [ 110.684586995627129, -7.61817875445441 ], [ 110.684496334594385, -7.618178688428237 ], [ 110.684496268406505, -7.618269144213906 ], [ 110.684133624203668, -7.618268879920567 ], [ 110.684133027821133, -7.619082981991589 ] ] ] } },
{ "type": "Feature", "properties": { "cluster_id": -940703728, "count": 85, "area_m2": 8500.00000674685, "area_ha": 0.85000000067468495, "kelas_sawah": "unlabeled", "varietas": "unlabeled", "usia_fase": null, "overlap_ratio": 0.0, "is_ground_truth": false }, "geometry": { "type": "Polygon", "coordinates": [ [ [ 110.684043559643285, -7.617454711715573 ], [ 110.684134220523319, -7.617454777831577 ], [ 110.684133624203668, -7.618268879920567 ], [ 110.684496268406505, -7.618269144213906 ], [ 110.684496334594385, -7.618178688428237 ], [ 110.684586995627129, -7.61817875445441 ], [ 110.684586929466207, -7.61826921024008 ], [ 110.684949573687021, -7.618269474156127 ], [ 110.684949838043238, -7.617907650977518 ], [ 110.684859177064396, -7.617907585032193 ], [ 110.684859243162435, -7.61781712923754 ], [ 110.684949904123314, -7.617817195182865 ], [ 110.684950102381492, -7.617545827789925 ], [ 110.684859441474515, -7.617545761844601 ], [ 110.684859507581535, -7.617455306049948 ], [ 110.684678185812487, -7.617455174114382 ], [ 110.684678251946465, -7.617364718310746 ], [ 110.684043625911997, -7.61736425592092 ], [ 110.684043559643285, -7.617454711715573 ] ] ] } },
{ "type": "Feature", "properties": { "cluster_id": -1559092823, "count": 71, "area_m2": 7100.0000112192356, "area_ha": 0.71000000112192352, "kelas_sawah": "unlabeled", "varietas": "unlabeled", "usia_fase": null, "overlap_ratio": 0.0, "is_ground_truth": false }, "geometry": { "type": "Polygon", "coordinates": [ [ [ 110.684031086014542, -7.634460393438601 ], [ 110.68412175046987, -7.634460459698336 ], [ 110.684121684066398, -7.634550915412141 ], [ 110.684393677504247, -7.634551114092532 ], [ 110.684393743853818, -7.634460658369745 ], [ 110.684847066166384, -7.634460989111466 ], [ 110.684847596172389, -7.63373734330222 ], [ 110.684756931860804, -7.633737277195197 ], [ 110.684756998120534, -7.633646821463428 ], [ 110.684575669542255, -7.633646689204468 ], [ 110.684575603237604, -7.633737144927255 ], [ 110.684122281697597, -7.633736813934006 ], [ 110.684121883285783, -7.634279548261746 ], [ 110.68403121886638, -7.634279481993027 ], [ 110.684031086014542, -7.634460393438601 ] ] ] } },
{ "type": "Feature", "properties": { "cluster_id": 1678832062, "count": 81, "area_m2": 8099.9999546178151, "area_ha": 0.80999999546178147, "kelas_sawah": "unlabeled", "varietas": "unlabeled", "usia_fase": null, "overlap_ratio": 0.0, "is_ground_truth": false }, "geometry": { "type": "Polygon", "coordinates": [ [ [ 110.684036994656367, -7.62640983300562 ], [ 110.684127657413882, -7.626409899202473 ], [ 110.684127723745476, -7.626319443443753 ], [ 110.684853025724721, -7.626319972290944 ], [ 110.68485355514683, -7.62559632620322 ], [ 110.684762892551021, -7.625596260177046 ], [ 110.684762958738887, -7.625505804409343 ], [ 110.684037658143055, -7.625505275472321 ], [ 110.684036994656367, -7.62640983300562 ] ] ] } },
{ "type": "Feature", "properties": { "cluster_id": -1981304207, "count": 86, "area_m2": 8599.9999488700996, "area_ha": 0.85999999488700996, "kelas_sawah": "unlabeled", "varietas": "unlabeled", "usia_fase": null, "overlap_ratio": 0.0, "is_ground_truth": false }, "geometry": { "type": "Polygon", "coordinates": [ [ [ 110.683948787111319, -7.623062903745119 ], [ 110.684039449168139, -7.623062969924006 ], [ 110.684039382845526, -7.623153425691709 ], [ 110.684130044920309, -7.62315349185263 ], [ 110.684129978615658, -7.623243947620333 ], [ 110.684220640708418, -7.62324401377227 ], [ 110.684220706995106, -7.623153558004567 ], [ 110.684492693237445, -7.62315375631665 ], [ 110.68449275946125, -7.623063300548947 ], [ 110.684855407715489, -7.623063564707539 ], [ 110.684855672314256, -7.622701741609778 ], [ 110.684946334308208, -7.622701807600019 ], [ 110.684946400433191, -7.622611351823332 ], [ 110.684855738466197, -7.622611285842075 ], [ 110.684855936904043, -7.622339918512017 ], [ 110.684765274990951, -7.62233985250381 ], [ 110.684765341160855, -7.622249396736107 ], [ 110.684221369817038, -7.622249000309572 ], [ 110.684221303539331, -7.622339456077275 ], [ 110.684039979722129, -7.622339323791366 ], [ 110.684039515490753, -7.622972514165286 ], [ 110.683948853451895, -7.622972447977416 ], [ 110.683948787111319, -7.623062903745119 ] ] ] } },
{ "type": "Feature", "properties": { "cluster_id": -453238883, "count": 81, "area_m2": 8100.0000464855111, "area_ha": 0.81000000464855115, "kelas_sawah": "unlabeled", "varietas": "unlabeled", "usia_fase": null, "overlap_ratio": 0.0, "is_ground_truth": false }, "geometry": { "type": "Polygon", "coordinates": [ [ [ 110.684043625911997, -7.61736425592092 ], [ 110.684678251946465, -7.617364718310746 ], [ 110.684678185812487, -7.617455174114382 ], [ 110.684859507581535, -7.617455306049948 ], [ 110.684860102463887, -7.616641203871128 ], [ 110.684769441745544, -7.616641137916819 ], [ 110.684769507861546, -7.616550682113184 ], [ 110.684134883021855, -7.61655021990302 ], [ 110.684134816771106, -7.616640675697673 ], [ 110.684044156061745, -7.616640609590651 ], [ 110.684043625911997, -7.61736425592092 ] ] ] } },
{ "type": "Feature", "properties": { "cluster_id": 2016500437, "count": 81, "area_m2": 8099.9999662136543, "area_ha": 0.80999999662136546, "kelas_sawah": "unlabeled", "varietas": "unlabeled", "usia_fase": null, "overlap_ratio": 0.0, "is_ground_truth": false }, "geometry": { "type": "MultiPolygon", "coordinates": [ [ [ [ 110.684136605137169, -7.614198369134262 ], [ 110.684136671360974, -7.614107913330626 ], [ 110.684046011181621, -7.614107847250554 ], [ 110.684045944939854, -7.61419830305419 ], [ 110.684136605137169, -7.614198369134262 ] ] ], [ [ [ 110.684136605137169, -7.614198369134262 ], [ 110.684136075310818, -7.614922015554362 ], [ 110.684045414969773, -7.614921949465307 ], [ 110.684045348719025, -7.615012405259959 ], [ 110.684861292030945, -7.615012999405688 ], [ 110.684861688493413, -7.614470264565909 ], [ 110.684952348753612, -7.614470330484284 ], [ 110.684952546921963, -7.614198963046428 ], [ 110.68477122651835, -7.614198831200694 ], [ 110.684771292607408, -7.614108375388076 ], [ 110.684499312069377, -7.614108177480236 ], [ 110.684499245917436, -7.614198633283871 ], [ 110.684408585720121, -7.614198567275664 ], [ 110.684408651890024, -7.614108111472029 ], [ 110.684317991710685, -7.614108045445855 ], [ 110.684317925531786, -7.614198501249491 ], [ 110.684136605137169, -7.614198369134262 ] ] ] ] } },
{ "type": "Feature", "properties": { "cluster_id": -754920092, "count": 86, "area_m2": 8599.99996654602, "area_ha": 0.85999999665460203, "kelas_sawah": "unlabeled", "varietas": "unlabeled", "usia_fase": null, "overlap_ratio": 0.0, "is_ground_truth": false }, "geometry": { "type": "Polygon", "coordinates": [ [ [ 110.684046607339582, -7.613293745008852 ], [ 110.684137267339267, -7.613293811079941 ], [ 110.684137201124443, -7.613384266892559 ], [ 110.684862481337504, -7.613384794832451 ], [ 110.684862811657013, -7.612932515760376 ], [ 110.684953471593815, -7.612932581660784 ], [ 110.684953735752401, -7.612570758392343 ], [ 110.684772416040502, -7.612570626573559 ], [ 110.684772482111597, -7.61248017076094 ], [ 110.684137863263658, -7.612479708802305 ], [ 110.684137465992706, -7.613022443660051 ], [ 110.684046806046922, -7.613022377579979 ], [ 110.684046607339582, -7.613293745008852 ] ] ] } },
{ "type": "Feature", "properties": { "cluster_id": 1594799201, "count": 45, "area_m2": 4499.9999941690476, "area_ha": 0.44999999941690477, "kelas_sawah": "unlabeled", "varietas": "unlabeled", "usia_fase": null, "overlap_ratio": 0.0, "is_ground_truth": false }, "geometry": { "type": "Polygon", "coordinates": [ [ [ 110.68402949157678, -7.636631330560913 ], [ 110.684845475842891, -7.636631926413441 ], [ 110.684845807195472, -7.636179647826455 ], [ 110.684029823791732, -7.63617905200986 ], [ 110.68402949157678, -7.636631330560913 ] ] ] } },
{ "type": "Feature", "properties": { "cluster_id": 70234337, "count": 78, "area_m2": 7799.9999953398947, "area_ha": 0.77999999953398946, "kelas_sawah": "unlabeled", "varietas": "unlabeled", "usia_fase": null, "overlap_ratio": 0.0, "is_ground_truth": false }, "geometry": { "type": "Polygon", "coordinates": [ [ [ 110.684029823791732, -7.63617905200986 ], [ 110.684845807195472, -7.636179647826455 ], [ 110.684846403586988, -7.635365546348321 ], [ 110.68403042171937, -7.635364950594608 ], [ 110.684030355288954, -7.635455406317394 ], [ 110.684121019959875, -7.635455472586113 ], [ 110.684120820704564, -7.635726839727525 ], [ 110.684030155979741, -7.635726773449823 ], [ 110.684029823791732, -7.63617905200986 ] ] ] } },
{ "type": "Feature", "properties": { "cluster_id": -485523424, "count": 75, "area_m2": 7499.9999748566188, "area_ha": 0.74999999748566193, "kelas_sawah": "unlabeled", "varietas": "unlabeled", "usia_fase": null, "overlap_ratio": 0.0, "is_ground_truth": false }, "geometry": { "type": "Polygon", "coordinates": [ [ [ 110.684031617394979, -7.633736747674271 ], [ 110.684575603237604, -7.633737144927255 ], [ 110.684575669542255, -7.633646689204468 ], [ 110.684756998120534, -7.633646821463428 ], [ 110.68475706438926, -7.633556365740641 ], [ 110.68484772866492, -7.633556431838679 ], [ 110.684847927390223, -7.633285064652352 ], [ 110.684938591611981, -7.633285130732424 ], [ 110.684938724059592, -7.633104219268883 ], [ 110.684848059882739, -7.63310415318881 ], [ 110.684848192357293, -7.63292324172527 ], [ 110.6841228792659, -7.632922712419939 ], [ 110.684122613687975, -7.633284535320071 ], [ 110.684031949475184, -7.633284469060335 ], [ 110.684031617394979, -7.633736747674271 ] ] ] } },
{ "type": "Feature", "properties": { "cluster_id": -411955353, "count": 83, "area_m2": 8299.999999095744, "area_ha": 0.8299999999095744, "kelas_sawah": "unlabeled", "varietas": "unlabeled", "usia_fase": null, "overlap_ratio": 0.0, "is_ground_truth": false }, "geometry": { "type": "Polygon", "coordinates": [ [ [ 110.684032215124986, -7.632922646169186 ], [ 110.684848192357293, -7.63292324172527 ], [ 110.684848523548183, -7.632470963066419 ], [ 110.684939187599269, -7.632471029137508 ], [ 110.684939452458536, -7.632109206201444 ], [ 110.68484878848831, -7.632109140130354 ], [ 110.684848854721096, -7.632018684389601 ], [ 110.684486198929974, -7.632018419916599 ], [ 110.684486132616343, -7.632108875648369 ], [ 110.684032812801092, -7.63210854462817 ], [ 110.684032746397634, -7.63219900035994 ], [ 110.684123410376841, -7.632199066601709 ], [ 110.684123012045887, -7.632741800965381 ], [ 110.684032347949881, -7.632741734714629 ], [ 110.684032215124986, -7.632922646169186 ] ] ] } },
{ "type": "Feature", "properties": { "cluster_id": -1037565250, "count": 77, "area_m2": 7699.9999772902811, "area_ha": 0.76999999772902816, "kelas_sawah": "sawah", "varietas": "Inpari 32", "usia_fase": "terkalibrasi", "overlap_ratio": 0.39873050295315893, "is_ground_truth": true }, "geometry": { "type": "Polygon", "coordinates": [ [ [ 110.684032812801092, -7.63210854462817 ], [ 110.684486132616343, -7.632108875648369 ], [ 110.684486198929974, -7.632018419916599 ], [ 110.684848854721096, -7.632018684389601 ], [ 110.684849384547448, -7.631295038490523 ], [ 110.684033410405334, -7.631294443060203 ], [ 110.684032812801092, -7.63210854462817 ] ] ] } },
{ "type": "Feature", "properties": { "cluster_id": 1693391322, "count": 86, "area_m2": 8599.9999841346289, "area_ha": 0.85999999841346286, "kelas_sawah": "unlabeled", "varietas": "unlabeled", "usia_fase": null, "overlap_ratio": 0.0, "is_ground_truth": false }, "geometry": { "type": "Polygon", "coordinates": [ [ [ 110.684033941552215, -7.630570797197058 ], [ 110.684124605190078, -7.630570863429844 ], [ 110.684124074195907, -7.63129450929299 ], [ 110.684849384547448, -7.631295038490523 ], [ 110.684849649442654, -7.630933215536492 ], [ 110.684940313170344, -7.630933281598598 ], [ 110.684940644172585, -7.630481002885849 ], [ 110.684849980543703, -7.630480936832726 ], [ 110.684850046767508, -7.630390481082989 ], [ 110.684124737934127, -7.63038995195732 ], [ 110.684124671557612, -7.630480407689091 ], [ 110.684034007946693, -7.630480341465288 ], [ 110.684033941552215, -7.630570797197058 ] ] ] } },
{ "type": "Feature", "properties": { "cluster_id": -252716776, "count": 82, "area_m2": 8200.0000021042069, "area_ha": 0.82000000021042074, "kelas_sawah": "unlabeled", "varietas": "unlabeled", "usia_fase": null, "overlap_ratio": 0.0, "is_ground_truth": false }, "geometry": { "type": "Polygon", "coordinates": [ [ [ 110.684034007946693, -7.630480341465288 ], [ 110.684124671557612, -7.630480407689091 ], [ 110.684124737934127, -7.63038995195732 ], [ 110.684850046767508, -7.630390481082989 ], [ 110.684850377841599, -7.629938202370239 ], [ 110.684941041353696, -7.629938268423362 ], [ 110.68494123993527, -7.629666901183135 ], [ 110.684850576477075, -7.629666835138996 ], [ 110.684850642682918, -7.629576379389259 ], [ 110.684306662086456, -7.629575982693229 ], [ 110.684306595763829, -7.629666438442966 ], [ 110.684034605416187, -7.62966623983444 ], [ 110.684034007946693, -7.630480341465288 ] ] ] } },
{ "type": "Feature", "properties": { "cluster_id": 1091874256, "count": 83, "area_m2": 8300.0000462299795, "area_ha": 0.83000000462299794, "kelas_sawah": "unlabeled", "varietas": "unlabeled", "usia_fase": null, "overlap_ratio": 0.0, "is_ground_truth": false }, "geometry": { "type": "Polygon", "coordinates": [ [ [ 110.684034605416187, -7.62966623983444 ], [ 110.684306595763829, -7.629666438442966 ], [ 110.684306662086456, -7.629575982693229 ], [ 110.68494130612315, -7.629576445442382 ], [ 110.684941372311016, -7.629485989692645 ], [ 110.684850708897741, -7.629485923639522 ], [ 110.684850907524222, -7.629214556399296 ], [ 110.684941570883609, -7.629214622452419 ], [ 110.684941835626105, -7.628852799453472 ], [ 110.684851172338597, -7.628852733409333 ], [ 110.684851238544425, -7.628762277659596 ], [ 110.68448858549317, -7.628762013303374 ], [ 110.684488519215478, -7.62885246905311 ], [ 110.68412586610134, -7.628852204382478 ], [ 110.684125799742787, -7.628942660132215 ], [ 110.684035136446283, -7.628942593917396 ], [ 110.684034605416187, -7.62966623983444 ] ] ] } },
{ "type": "Feature", "properties": { "cluster_id": -1322764832, "count": 86, "area_m2": 8600.0000336542143, "area_ha": 0.86000000336542148, "kelas_sawah": "unlabeled", "varietas": "unlabeled", "usia_fase": null, "overlap_ratio": 0.0, "is_ground_truth": false }, "geometry": { "type": "Polygon", "coordinates": [ [ [ 110.684035202822812, -7.628852138176642 ], [ 110.684488519215478, -7.62885246905311 ], [ 110.68448858549317, -7.628762013303374 ], [ 110.684851238544425, -7.628762277659596 ], [ 110.684851437152957, -7.628490910410386 ], [ 110.684942100359621, -7.628490976454525 ], [ 110.684942431254058, -7.628038697687876 ], [ 110.684851768137221, -7.62803863165272 ], [ 110.684851834334069, -7.627948175902984 ], [ 110.684489181974527, -7.627947911573711 ], [ 110.68448911569682, -7.628038367323447 ], [ 110.684035800166541, -7.628038036482912 ], [ 110.684035202822812, -7.628852138176642 ] ] ] } },
{ "type": "Feature", "properties": { "cluster_id": 2119463042, "count": 80, "area_m2": 7999.999968141492, "area_ha": 0.79999999681414924, "kelas_sawah": "unlabeled", "varietas": "unlabeled", "usia_fase": null, "overlap_ratio": 0.0, "is_ground_truth": false }, "geometry": { "type": "Polygon", "coordinates": [ [ [ 110.684035800166541, -7.628038036482912 ], [ 110.68448911569682, -7.628038367323447 ], [ 110.684489181974527, -7.627947911573711 ], [ 110.684851834334069, -7.627948175902984 ], [ 110.684852430060843, -7.627134074110439 ], [ 110.684489778384005, -7.627133809817098 ], [ 110.684489712115294, -7.627224265566835 ], [ 110.684399049178111, -7.627224199441847 ], [ 110.684399115464799, -7.62713374369211 ], [ 110.684217789635369, -7.627133611388236 ], [ 110.684217723312756, -7.627224067137973 ], [ 110.684036397438405, -7.627223934762232 ], [ 110.6840362647213, -7.627404846252722 ], [ 110.684126927694408, -7.627404912458558 ], [ 110.684126728663671, -7.627676279698785 ], [ 110.684036065627694, -7.627676213501932 ], [ 110.684035800166541, -7.628038036482912 ] ] ] } },
{ "type": "Feature", "properties": { "cluster_id": 759976010, "count": 78, "area_m2": 7800.0000128429383, "area_ha": 0.78000000128429381, "kelas_sawah": "unlabeled", "varietas": "unlabeled", "usia_fase": null, "overlap_ratio": 0.0, "is_ground_truth": false }, "geometry": { "type": "Polygon", "coordinates": [ [ [ 110.684036397438405, -7.627223934762232 ], [ 110.684217723312756, -7.627224067137973 ], [ 110.684217789635369, -7.627133611388236 ], [ 110.684399115464799, -7.62713374369211 ], [ 110.684399049178111, -7.627224199441847 ], [ 110.684489712115294, -7.627224265566835 ], [ 110.684489778384005, -7.627133809817098 ], [ 110.684852430060843, -7.627134074110439 ], [ 110.684853025724721, -7.626319972290944 ], [ 110.684127723745476, -7.626319443443753 ], [ 110.684127657413882, -7.626409899202473 ], [ 110.684036994656367, -7.62640983300562 ], [ 110.684036928297814, -7.62650028876434 ], [ 110.684127591082287, -7.626500354952209 ], [ 110.684127325737919, -7.626862177960139 ], [ 110.684036662881581, -7.626862111763286 ], [ 110.684036596523043, -7.626952567513023 ], [ 110.684127259397329, -7.626952633709875 ], [ 110.684127193056739, -7.627043089459612 ], [ 110.684036530164491, -7.627043023262758 ], [ 110.684036397438405, -7.627223934762232 ] ] ] } },
{ "type": "Feature", "properties": { "cluster_id": -699981123, "count": 91, "area_m2": 9099.9999854536145, "area_ha": 0.9099999985453614, "kelas_sawah": "unlabeled", "varietas": "unlabeled", "usia_fase": null, "overlap_ratio": 0.0, "is_ground_truth": false }, "geometry": { "type": "Polygon", "coordinates": [ [ [ 110.684038188876713, -7.624781629411546 ], [ 110.684854150684956, -7.624782224329826 ], [ 110.684854481507514, -7.624329945491312 ], [ 110.684945143842825, -7.624330011499519 ], [ 110.684945408414634, -7.623968188419724 ], [ 110.684854746160184, -7.6239681224205 ], [ 110.684854812312125, -7.623877666652797 ], [ 110.684764150084618, -7.623877600635607 ], [ 110.684764083905733, -7.62396805640331 ], [ 110.684582759396818, -7.623967924306047 ], [ 110.684582825611642, -7.623877468538344 ], [ 110.68412951445616, -7.623877137976287 ], [ 110.684129448142514, -7.623967593735006 ], [ 110.684038785897044, -7.623967527565102 ], [ 110.684038188876713, -7.624781629411546 ] ] ] } },
{ "type": "Feature", "properties": { "cluster_id": -954232195, "count": 78, "area_m2": 7799.9999941536225, "area_ha": 0.77999999941536224, "kelas_sawah": "unlabeled", "varietas": "unlabeled", "usia_fase": null, "overlap_ratio": 0.0, "is_ground_truth": false }, "geometry": { "type": "Polygon", "coordinates": [ [ [ 110.68412951445616, -7.623877137976287 ], [ 110.684582825611642, -7.623877468538344 ], [ 110.684582759396818, -7.623967924306047 ], [ 110.684764083905733, -7.62396805640331 ], [ 110.684764150084618, -7.623877600635607 ], [ 110.684854812312125, -7.623877666652797 ], [ 110.684854746160184, -7.6239681224205 ], [ 110.684945408414634, -7.623968188419724 ], [ 110.684946003647326, -7.623154086474465 ], [ 110.684855341563562, -7.623154020484225 ], [ 110.684855407715489, -7.623063564707539 ], [ 110.68449275946125, -7.623063300548947 ], [ 110.684492693237445, -7.62315375631665 ], [ 110.684220706995106, -7.623153558004567 ], [ 110.684220640708418, -7.62324401377227 ], [ 110.684129978615658, -7.623243947620333 ], [ 110.68412951445616, -7.623877137976287 ] ] ] } },
{ "type": "Feature", "properties": { "cluster_id": 1825911098, "count": 80, "area_m2": 7999.9999864512938, "area_ha": 0.79999999864512938, "kelas_sawah": "unlabeled", "varietas": "unlabeled", "usia_fase": null, "overlap_ratio": 0.0, "is_ground_truth": false }, "geometry": { "type": "Polygon", "coordinates": [ [ [ 110.684039979722129, -7.622339323791366 ], [ 110.684221303539331, -7.622339456077275 ], [ 110.684221369817038, -7.622249000309572 ], [ 110.684765341160855, -7.622249396736107 ], [ 110.684765274990951, -7.62233985250381 ], [ 110.684855936904043, -7.622339918512017 ], [ 110.684856135341889, -7.622068551181958 ], [ 110.684946797192097, -7.622068617163216 ], [ 110.68494719392406, -7.621525882494117 ], [ 110.684856532181655, -7.621525816512859 ], [ 110.684856598315619, -7.621435360736173 ], [ 110.684493951435797, -7.62143509663148 ], [ 110.684493885220974, -7.621525552408166 ], [ 110.684040576544831, -7.621525221855091 ], [ 110.684040510231199, -7.621615677622794 ], [ 110.6841311719826, -7.621615743774731 ], [ 110.684130840522229, -7.622068022631212 ], [ 110.684040178672021, -7.622067956479275 ], [ 110.684039979722129, -7.622339323791366 ] ] ] } },
{ "type": "Feature", "properties": { "cluster_id": 799792104, "count": 82, "area_m2": 8199.9999961905996, "area_ha": 0.81999999961906, "kelas_sawah": "unlabeled", "varietas": "unlabeled", "usia_fase": null, "overlap_ratio": 0.0, "is_ground_truth": false }, "geometry": { "type": "Polygon", "coordinates": [ [ [ 110.684040576544831, -7.621525221855091 ], [ 110.684493885220974, -7.621525552408166 ], [ 110.684493951435797, -7.62143509663148 ], [ 110.684856598315619, -7.621435360736173 ], [ 110.684856664458579, -7.621344904950504 ], [ 110.684947326156077, -7.621344970931762 ], [ 110.684947788959121, -7.620711780450044 ], [ 110.684857127387389, -7.620711714477769 ], [ 110.684857193521367, -7.620621258701084 ], [ 110.684494547324249, -7.620620994623339 ], [ 110.684494481118421, -7.620711450409009 ], [ 110.684041173295682, -7.620711119882882 ], [ 110.684041106991032, -7.620801575659569 ], [ 110.684131768571746, -7.620801641802523 ], [ 110.684131370851631, -7.621344376453656 ], [ 110.684040709154132, -7.621344310310702 ], [ 110.684040576544831, -7.621525221855091 ] ] ] } },
{ "type": "Feature", "properties": { "cluster_id": -1843523595, "count": 83, "area_m2": 8300.0000073682168, "area_ha": 0.83000000073682167, "kelas_sawah": "unlabeled", "varietas": "unlabeled", "usia_fase": null, "overlap_ratio": 0.0, "is_ground_truth": false }, "geometry": { "type": "Polygon", "coordinates": [ [ [ 110.684041173295682, -7.620711119882882 ], [ 110.684494481118421, -7.620711450409009 ], [ 110.684494547324249, -7.620620994623339 ], [ 110.684857193521367, -7.620621258701084 ], [ 110.684857458039275, -7.620259435558406 ], [ 110.6849481195122, -7.620259501530681 ], [ 110.68494825172624, -7.620078589959342 ], [ 110.684857590289255, -7.620078523996051 ], [ 110.684857788664218, -7.619807156630061 ], [ 110.684404481766748, -7.619806826535126 ], [ 110.684404415551924, -7.619897282311812 ], [ 110.684313754159859, -7.619897216240723 ], [ 110.684313820392646, -7.619806760455054 ], [ 110.684223159018529, -7.619806694357015 ], [ 110.68422309276778, -7.619897150142685 ], [ 110.684132431366734, -7.61989708402668 ], [ 110.684132365098009, -7.619987539803366 ], [ 110.684041703678986, -7.619987473669394 ], [ 110.684041637383316, -7.62007792944608 ], [ 110.684132298820302, -7.620077995580051 ], [ 110.684132232542609, -7.62016845136572 ], [ 110.684041571087647, -7.620168385222766 ], [ 110.684041173295682, -7.620711119882882 ] ] ] } },
{ "type": "Feature", "properties": { "cluster_id": -630914230, "count": 75, "area_m2": 7500.0000763376011, "area_ha": 0.75000000763376007, "kelas_sawah": "unlabeled", "varietas": "unlabeled", "usia_fase": null, "overlap_ratio": 0.0, "is_ground_truth": false }, "geometry": { "type": "Polygon", "coordinates": [ [ [ 110.684041769974655, -7.619897017892709 ], [ 110.68422309276778, -7.619897150142685 ], [ 110.684223159018529, -7.619806694357015 ], [ 110.684313820392646, -7.619806760455054 ], [ 110.684313754159859, -7.619897216240723 ], [ 110.684404415551924, -7.619897282311812 ], [ 110.684404481766748, -7.619806826535126 ], [ 110.684857788664218, -7.619807156630061 ], [ 110.684858317619216, -7.619083510326741 ], [ 110.684042366599741, -7.619082915857618 ], [ 110.684041769974655, -7.619897017892709 ] ] ] } },
{ "type": "Feature", "properties": { "cluster_id": -2089007586, "count": 75, "area_m2": 7500.0000130737317, "area_ha": 0.75000000130737321, "kelas_sawah": "unlabeled", "varietas": "unlabeled", "usia_fase": null, "overlap_ratio": 0.0, "is_ground_truth": false }, "geometry": { "type": "Polygon", "coordinates": [ [ [ 110.684044818686047, -7.615736051644127 ], [ 110.684226139718476, -7.615736183822238 ], [ 110.684226073494671, -7.615826639625874 ], [ 110.684316734033345, -7.61582670568798 ], [ 110.684316800239188, -7.615736249884344 ], [ 110.684860763363417, -7.615736645852738 ], [ 110.684860961621609, -7.615465278441832 ], [ 110.684951622088406, -7.615465344360207 ], [ 110.684951820283715, -7.615193976949302 ], [ 110.684861159870806, -7.615193911021943 ], [ 110.684861292030945, -7.615012999405688 ], [ 110.684045348719025, -7.615012405259959 ], [ 110.684045216208531, -7.615193316858247 ], [ 110.684135876612459, -7.615193382956286 ], [ 110.684135810379672, -7.615283838759922 ], [ 110.684045149957782, -7.615283772661883 ], [ 110.684044818686047, -7.615736051644127 ] ] ] } },
{ "type": "Feature", "properties": { "cluster_id": -1622741867, "count": 1, "area_m2": 99.999998185958148, "area_ha": 0.0099999998185958151, "kelas_sawah": "unlabeled", "varietas": "unlabeled", "usia_fase": null, "overlap_ratio": 0.0, "is_ground_truth": false }, "geometry": { "type": "Polygon", "coordinates": [ [ [ 110.684772416040502, -7.612570626573559 ], [ 110.684863075896459, -7.612570692491934 ], [ 110.684863141958559, -7.612480236679316 ], [ 110.684772482111597, -7.61248017076094 ], [ 110.684772416040502, -7.612570626573559 ] ] ] } },
{ "type": "Feature", "properties": { "cluster_id": 1476267631, "count": 85, "area_m2": 8499.9999938870315, "area_ha": 0.84999999938870319, "kelas_sawah": "unlabeled", "varietas": "unlabeled", "usia_fase": null, "overlap_ratio": 0.0, "is_ground_truth": false }, "geometry": { "type": "Polygon", "coordinates": [ [ [ 110.68403042171937, -7.635364950594608 ], [ 110.684846403586988, -7.635365546348321 ], [ 110.684846734885667, -7.634913267734385 ], [ 110.684937399448785, -7.634913333832423 ], [ 110.684937730630693, -7.634461055209504 ], [ 110.684393743853818, -7.634460658369745 ], [ 110.684393677504247, -7.634551114092532 ], [ 110.684121684066398, -7.634550915412141 ], [ 110.684121285609677, -7.635093649721914 ], [ 110.684030621019602, -7.635093583453195 ], [ 110.68403042171937, -7.635364950594608 ] ] ] } },
{ "type": "Feature", "properties": { "cluster_id": -951437203, "count": 80, "area_m2": 8000.0000049776281, "area_ha": 0.80000000049776276, "kelas_sawah": "unlabeled", "varietas": "unlabeled", "usia_fase": null, "overlap_ratio": 0.0, "is_ground_truth": false }, "geometry": { "type": "Polygon", "coordinates": [ [ [ 110.684037658143055, -7.625505275472321 ], [ 110.684762958738887, -7.625505804409343 ], [ 110.684762892551021, -7.625596260177046 ], [ 110.68485355514683, -7.62559632620322 ], [ 110.684853687495618, -7.625415414676797 ], [ 110.684944350055503, -7.625415480693987 ], [ 110.684944813110079, -7.624782290338033 ], [ 110.684038188876713, -7.624781629411546 ], [ 110.684037658143055, -7.625505275472321 ] ] ] } },
{ "type": "Feature", "properties": { "cluster_id": 1525692676, "count": 83, "area_m2": 8299.9999861733522, "area_ha": 0.8299999986173352, "kelas_sawah": "unlabeled", "varietas": "unlabeled", "usia_fase": null, "overlap_ratio": 0.0, "is_ground_truth": false }, "geometry": { "type": "Polygon", "coordinates": [ [ [ 110.684044553647112, -7.61609787483172 ], [ 110.684135214239674, -7.616097940929759 ], [ 110.684134883021855, -7.61655021990302 ], [ 110.684769507861546, -7.616550682113184 ], [ 110.684769441745544, -7.616641137916819 ], [ 110.684860102463887, -7.616641203871128 ], [ 110.684860300740027, -7.616369836469204 ], [ 110.684950961404468, -7.616369902396563 ], [ 110.684951423893111, -7.615736711780097 ], [ 110.684316800239188, -7.615736249884344 ], [ 110.684316734033345, -7.61582670568798 ], [ 110.684226073494671, -7.615826639625874 ], [ 110.684226139718476, -7.615736183822238 ], [ 110.684044818686047, -7.615736051644127 ], [ 110.684044553647112, -7.61609787483172 ] ] ] } },
{ "type": "Feature", "properties": { "cluster_id": -1625764580, "count": 79, "area_m2": 7899.9999963262235, "area_ha": 0.78999999963262235, "kelas_sawah": "unlabeled", "varietas": "unlabeled", "usia_fase": null, "overlap_ratio": 0.0, "is_ground_truth": false }, "geometry": { "type": "Polygon", "coordinates": [ [ [ 110.684046011181621, -7.614107847250554 ], [ 110.684136671360974, -7.614107913330626 ], [ 110.684136605137169, -7.614198369134262 ], [ 110.684317925531786, -7.614198501249491 ], [ 110.684317991710685, -7.614108045445855 ], [ 110.684408651890024, -7.614108111472029 ], [ 110.684408585720121, -7.614198567275664 ], [ 110.684499245917436, -7.614198633283871 ], [ 110.684499312069377, -7.614108177480236 ], [ 110.684771292607408, -7.614108375388076 ], [ 110.68477122651835, -7.614198831200694 ], [ 110.684952546921963, -7.614198963046428 ], [ 110.684953141373114, -7.613384860732861 ], [ 110.684137201124443, -7.613384266892559 ], [ 110.68413680380857, -7.613927001723355 ], [ 110.684046143674152, -7.613926935643283 ], [ 110.684046011181621, -7.614107847250554 ] ] ] } },
{ "type": "Feature", "properties": { "cluster_id": -635928663, "count": 3, "area_m2": 299.99999392690381, "area_ha": 0.02999999939269038, "kelas_sawah": "unlabeled", "varietas": "unlabeled", "usia_fase": null, "overlap_ratio": 0.0, "is_ground_truth": false }, "geometry": { "type": "Polygon", "coordinates": [ [ [ 110.684863075896459, -7.612570692491934 ], [ 110.685135055473296, -7.612570890139263 ], [ 110.685135121481508, -7.612480434317662 ], [ 110.684863141958559, -7.612480236679316 ], [ 110.684863075896459, -7.612570692491934 ] ] ] } },
{ "type": "Feature", "properties": { "cluster_id": -1878506813, "count": 75, "area_m2": 7500.0000388550689, "area_ha": 0.75000000388550692, "kelas_sawah": "unlabeled", "varietas": "unlabeled", "usia_fase": null, "overlap_ratio": 0.0, "is_ground_truth": false }, "geometry": { "type": "Polygon", "coordinates": [ [ [ 110.684858383735218, -7.618993054541072 ], [ 110.685221028575867, -7.618993318250507 ], [ 110.685221094611023, -7.618902862455854 ], [ 110.685311755805458, -7.618902928338297 ], [ 110.685311689788278, -7.618993384132949 ], [ 110.685764995859302, -7.61899371324872 ], [ 110.685765193632392, -7.618722345846797 ], [ 110.685674532473882, -7.618722280072151 ], [ 110.685674598419212, -7.618631824268516 ], [ 110.685765259559744, -7.618631890052145 ], [ 110.685765523233258, -7.618270066846585 ], [ 110.685221556866097, -7.618269671893287 ], [ 110.685221622892271, -7.618179216098635 ], [ 110.685040300817803, -7.618179084288833 ], [ 110.685040234746708, -7.618269540083486 ], [ 110.684949573687021, -7.618269474156127 ], [ 110.68494924322377, -7.618721753120406 ], [ 110.684858582074241, -7.618721687166097 ], [ 110.684858383735218, -7.618993054541072 ] ] ] } },
{ "type": "Feature", "properties": { "cluster_id": -1616017534, "count": 78, "area_m2": 7799.999978102278, "area_ha": 0.77999999781022777, "kelas_sawah": "unlabeled", "varietas": "unlabeled", "usia_fase": null, "overlap_ratio": 0.0, "is_ground_truth": false }, "geometry": { "type": "Polygon", "coordinates": [ [ [ 110.684756931860804, -7.633737277195197 ], [ 110.685300917739355, -7.633737673531901 ], [ 110.685300983891295, -7.633647217800131 ], [ 110.685663641083778, -7.633647481644313 ], [ 110.685664169661479, -7.632923835745235 ], [ 110.685301513070868, -7.632923571928003 ], [ 110.685301579213814, -7.632833116196232 ], [ 110.685210915090863, -7.632833050188025 ], [ 110.685210848929941, -7.632923505928779 ], [ 110.684848192357293, -7.63292324172527 ], [ 110.684848059882739, -7.63310415318881 ], [ 110.684938724059592, -7.633104219268883 ], [ 110.684938591611981, -7.633285130732424 ], [ 110.684847927390223, -7.633285064652352 ], [ 110.68484772866492, -7.633556431838679 ], [ 110.68475706438926, -7.633556365740641 ], [ 110.684756931860804, -7.633737277195197 ] ] ] } },
{ "type": "Feature", "properties": { "cluster_id": 863786083, "count": 85, "area_m2": 8499.9999001590186, "area_ha": 0.84999999001590187, "kelas_sawah": "unlabeled", "varietas": "unlabeled", "usia_fase": null, "overlap_ratio": 0.0, "is_ground_truth": false }, "geometry": { "type": "Polygon", "coordinates": [ [ [ 110.684857788664218, -7.619807156630061 ], [ 110.685583079728929, -7.619807683806385 ], [ 110.68558314569222, -7.619717228011733 ], [ 110.685673807066323, -7.61971729382231 ], [ 110.685674004911277, -7.619445926438353 ], [ 110.685764666222511, -7.619445992230965 ], [ 110.685764929931935, -7.619084169043372 ], [ 110.685674268701561, -7.619084103259744 ], [ 110.68567433464689, -7.618993647465092 ], [ 110.685311689788278, -7.618993384132949 ], [ 110.685311755805458, -7.618902928338297 ], [ 110.685221094611023, -7.618902862455854 ], [ 110.685221028575867, -7.618993318250507 ], [ 110.684858383735218, -7.618993054541072 ], [ 110.684857788664218, -7.619807156630061 ] ] ] } },
{ "type": "Feature", "properties": { "cluster_id": -1974766292, "count": 87, "area_m2": 8700.000003882742, "area_ha": 0.87000000038827419, "kelas_sawah": "unlabeled", "varietas": "unlabeled", "usia_fase": null, "overlap_ratio": 0.0, "is_ground_truth": false }, "geometry": { "type": "Polygon", "coordinates": [ [ [ 110.684848192357293, -7.63292324172527 ], [ 110.685210848929941, -7.632923505928779 ], [ 110.685210915090863, -7.632833050188025 ], [ 110.685301579213814, -7.632833116196232 ], [ 110.685301513070868, -7.632923571928003 ], [ 110.685664169661479, -7.632923835745235 ], [ 110.685664235723578, -7.632833380004482 ], [ 110.68575489985551, -7.632833445913874 ], [ 110.685755428217618, -7.632109799978863 ], [ 110.685574100268155, -7.632109668160079 ], [ 110.685574166348232, -7.632019212419325 ], [ 110.685302174482445, -7.632019014547418 ], [ 110.685302108339485, -7.632109470288171 ], [ 110.684939452458536, -7.632109206201444 ], [ 110.684939187599269, -7.632471029137508 ], [ 110.684848523548183, -7.632470963066419 ], [ 110.684848192357293, -7.63292324172527 ] ] ] } },
{ "type": "Feature", "properties": { "cluster_id": -1161732116, "count": 85, "area_m2": 8499.9999779954669, "area_ha": 0.84999999779954671, "kelas_sawah": "unlabeled", "varietas": "unlabeled", "usia_fase": null, "overlap_ratio": 0.0, "is_ground_truth": false }, "geometry": { "type": "Polygon", "coordinates": [ [ [ 110.68484878848831, -7.632109140130354 ], [ 110.685302108339485, -7.632109470288171 ], [ 110.685302174482445, -7.632019014547418 ], [ 110.685574166348232, -7.632019212419325 ], [ 110.685574100268155, -7.632109668160079 ], [ 110.685664764238396, -7.632109734078454 ], [ 110.685665358761426, -7.631295632384724 ], [ 110.685574694952876, -7.631295566475331 ], [ 110.685574761032953, -7.631205110725595 ], [ 110.684940114552845, -7.631204648820859 ], [ 110.684940048347002, -7.631295104552629 ], [ 110.684849384547448, -7.631295038490523 ], [ 110.68484878848831, -7.632109140130354 ] ] ] } },
{ "type": "Feature", "properties": { "cluster_id": -602375200, "count": 88, "area_m2": 8800.0000305529102, "area_ha": 0.88000000305529102, "kelas_sawah": "unlabeled", "varietas": "unlabeled", "usia_fase": null, "overlap_ratio": 0.0, "is_ground_truth": false }, "geometry": { "type": "Polygon", "coordinates": [ [ [ 110.684851768137221, -7.62803863165272 ], [ 110.685305083712421, -7.628038961639857 ], [ 110.685305149810461, -7.62794850589012 ], [ 110.685395812909334, -7.627948571826462 ], [ 110.685395746829258, -7.628039027585181 ], [ 110.68557707306293, -7.628039159403966 ], [ 110.685577139107068, -7.627948703645247 ], [ 110.685667802205941, -7.62794876952769 ], [ 110.685668000275484, -7.62767740225153 ], [ 110.685758663320456, -7.627677468107024 ], [ 110.685758927317352, -7.627315645063161 ], [ 110.685668264353225, -7.627315579207668 ], [ 110.685668330370419, -7.627225123439965 ], [ 110.685577667424255, -7.627225057566505 ], [ 110.685577733459411, -7.627134601798803 ], [ 110.685124418827442, -7.627134272135059 ], [ 110.685124352702459, -7.627224727893779 ], [ 110.684852363872963, -7.627224529869158 ], [ 110.684851768137221, -7.62803863165272 ] ] ] } },
{ "type": "Feature", "properties": { "cluster_id": 958910903, "count": 70, "area_m2": 7000.00000890519, "area_ha": 0.70000000089051906, "kelas_sawah": "unlabeled", "varietas": "unlabeled", "usia_fase": null, "overlap_ratio": 0.0, "is_ground_truth": false }, "geometry": { "type": "Polygon", "coordinates": [ [ [ 110.684853621316734, -7.6255058704445 ], [ 110.685669584562277, -7.625506463880559 ], [ 110.685669848568153, -7.625144640791782 ], [ 110.685760511074136, -7.625144706638292 ], [ 110.685760643036659, -7.624963795093904 ], [ 110.685669980566601, -7.624963729256376 ], [ 110.685670112556068, -7.624782817703005 ], [ 110.685579450121949, -7.624782751856494 ], [ 110.685579516139143, -7.624692296079807 ], [ 110.685307528899671, -7.62469209840553 ], [ 110.68530746282859, -7.624782554173232 ], [ 110.684944813110079, -7.624782290338033 ], [ 110.684944350055503, -7.625415480693987 ], [ 110.684853687495618, -7.625415414676797 ], [ 110.684853621316734, -7.6255058704445 ] ] ] } },
{ "type": "Feature", "properties": { "cluster_id": -1072518512, "count": 80, "area_m2": 7999.9999989487696, "area_ha": 0.79999999989487691, "kelas_sawah": "unlabeled", "varietas": "unlabeled", "usia_fase": null, "overlap_ratio": 0.0, "is_ground_truth": false }, "geometry": { "type": "Polygon", "coordinates": [ [ [ 110.684855341563562, -7.623154020484225 ], [ 110.684946003647326, -7.623154086474465 ], [ 110.684945408414634, -7.623968188419724 ], [ 110.685670706486206, -7.623968715730796 ], [ 110.685671300353462, -7.623154613731638 ], [ 110.685580638260703, -7.623154547894112 ], [ 110.68558070425992, -7.623064092108442 ], [ 110.684855407715489, -7.623063564707539 ], [ 110.684855341563562, -7.623154020484225 ] ] ] } },
{ "type": "Feature", "properties": { "cluster_id": -1552841927, "count": 80, "area_m2": 8000.0000321405241, "area_ha": 0.8000000032140524, "kelas_sawah": "unlabeled", "varietas": "unlabeled", "usia_fase": null, "overlap_ratio": 0.0, "is_ground_truth": false }, "geometry": { "type": "Polygon", "coordinates": [ [ [ 110.684857193521367, -7.620621258701084 ], [ 110.685673147514265, -7.620621851750868 ], [ 110.685673411340474, -7.620260028581241 ], [ 110.685764072831361, -7.620260094382836 ], [ 110.685764204695062, -7.620079182793531 ], [ 110.685673543258076, -7.62007911700092 ], [ 110.685673675157702, -7.619898205411615 ], [ 110.685583013756656, -7.619898139601037 ], [ 110.685583079728929, -7.619807683806385 ], [ 110.684857788664218, -7.619807156630061 ], [ 110.684857590289255, -7.620078523996051 ], [ 110.68494825172624, -7.620078589959342 ], [ 110.6849481195122, -7.620259501530681 ], [ 110.684857458039275, -7.620259435558406 ], [ 110.684857193521367, -7.620621258701084 ] ] ] } },
{ "type": "Feature", "properties": { "cluster_id": -325216690, "count": 87, "area_m2": 8700.0000239536166, "area_ha": 0.87000000239536168, "kelas_sawah": "unlabeled", "varietas": "unlabeled", "usia_fase": null, "overlap_ratio": 0.0, "is_ground_truth": false }, "geometry": { "type": "Polygon", "coordinates": [ [ [ 110.684862481337504, -7.613384794832451 ], [ 110.685406441533232, -7.613385189983378 ], [ 110.685406507487542, -7.61329473417076 ], [ 110.685769147558133, -7.613294997224425 ], [ 110.685769674527847, -7.612571350642627 ], [ 110.685588354797972, -7.612571219165202 ], [ 110.68558842069838, -7.612480763334617 ], [ 110.685135121481508, -7.612480434317662 ], [ 110.685135055473296, -7.612570890139263 ], [ 110.684953735752401, -7.612570758392343 ], [ 110.684953471593815, -7.612932581660784 ], [ 110.684862811657013, -7.612932515760376 ], [ 110.684862481337504, -7.613384794832451 ] ] ] } },
{ "type": "Feature", "properties": { "cluster_id": -904011527, "count": 45, "area_m2": 4500.0000074939453, "area_ha": 0.45000000074939456, "kelas_sawah": "unlabeled", "varietas": "unlabeled", "usia_fase": null, "overlap_ratio": 0.0, "is_ground_truth": false }, "geometry": { "type": "Polygon", "coordinates": [ [ [ 110.684845475842891, -7.636631926413441 ], [ 110.6856614601719, -7.63663252072985 ], [ 110.685661790671077, -7.636180242106931 ], [ 110.684845807195472, -7.636179647826455 ], [ 110.684845475842891, -7.636631926413441 ] ] ] } },
{ "type": "Feature", "properties": { "cluster_id": -1974509853, "count": 92, "area_m2": 9199.999992774101, "area_ha": 0.91999999927741005, "kelas_sawah": "unlabeled", "varietas": "unlabeled", "usia_fase": null, "overlap_ratio": 0.0, "is_ground_truth": false }, "geometry": { "type": "Polygon", "coordinates": [ [ [ 110.684845807195472, -7.636179647826455 ], [ 110.685661790671077, -7.636180242106931 ], [ 110.685661856769116, -7.636089786384145 ], [ 110.685752521583765, -7.636089852311503 ], [ 110.685753050179429, -7.635366206493273 ], [ 110.685662385517489, -7.635366140565915 ], [ 110.685662451606547, -7.635275684834144 ], [ 110.68539045768361, -7.635275486935287 ], [ 110.685390391531669, -7.635365942667057 ], [ 110.684846403586988, -7.635365546348321 ], [ 110.684845807195472, -7.636179647826455 ] ] ] } },
{ "type": "Feature", "properties": { "cluster_id": -108624661, "count": 79, "area_m2": 7899.9999737433973, "area_ha": 0.78999999737433968, "kelas_sawah": "unlabeled", "varietas": "unlabeled", "usia_fase": null, "overlap_ratio": 0.0, "is_ground_truth": false }, "geometry": { "type": "Polygon", "coordinates": [ [ [ 110.684849980543703, -7.630480936832726 ], [ 110.685303298688083, -7.63048126692766 ], [ 110.68530336481308, -7.630390811177923 ], [ 110.685666019256715, -7.630391074905324 ], [ 110.685666283433278, -7.630029251906378 ], [ 110.685756946972319, -7.630029317788821 ], [ 110.685757079024668, -7.629848406280365 ], [ 110.685666415521553, -7.629848340406905 ], [ 110.685666613636002, -7.629576973148712 ], [ 110.685394623315318, -7.629576775402569 ], [ 110.685394557217279, -7.629667231152305 ], [ 110.68494123993527, -7.629666901183135 ], [ 110.684941041353696, -7.629938268423362 ], [ 110.684850377841599, -7.629938202370239 ], [ 110.684849980543703, -7.630480936832726 ] ] ] } },
{ "type": "Feature", "properties": { "cluster_id": -1249008794, "count": 76, "area_m2": 7599.999983937887, "area_ha": 0.75999999839378873, "kelas_sawah": "unlabeled", "varietas": "unlabeled", "usia_fase": null, "overlap_ratio": 0.0, "is_ground_truth": false }, "geometry": { "type": "Polygon", "coordinates": [ [ [ 110.684850576477075, -7.629666835138996 ], [ 110.685394557217279, -7.629667231152305 ], [ 110.685394623315318, -7.629576775402569 ], [ 110.685666613636002, -7.629576973148712 ], [ 110.68566720795242, -7.628762871356167 ], [ 110.685395218143768, -7.62876267362799 ], [ 110.68539515205471, -7.628853129377727 ], [ 110.684941835626105, -7.628852799453472 ], [ 110.684941570883609, -7.629214622452419 ], [ 110.684850907524222, -7.629214556399296 ], [ 110.684850708897741, -7.629485923639522 ], [ 110.684941372311016, -7.629485989692645 ], [ 110.68494130612315, -7.629576445442382 ], [ 110.684850642682918, -7.629576379389259 ], [ 110.684850576477075, -7.629666835138996 ] ] ] } },
{ "type": "Feature", "properties": { "cluster_id": -485848907, "count": 79, "area_m2": 7899.9999841261888, "area_ha": 0.78999999841261892, "kelas_sawah": "unlabeled", "varietas": "unlabeled", "usia_fase": null, "overlap_ratio": 0.0, "is_ground_truth": false }, "geometry": { "type": "Polygon", "coordinates": [ [ [ 110.684851172338597, -7.628852733409333 ], [ 110.68539515205471, -7.628853129377727 ], [ 110.685395218143768, -7.62876267362799 ], [ 110.68566720795242, -7.628762871356167 ], [ 110.685667472075082, -7.628401048321289 ], [ 110.685758135272764, -7.628401114194748 ], [ 110.685758399296603, -7.628039291150886 ], [ 110.685667736179767, -7.628039225286409 ], [ 110.685667802205941, -7.62794876952769 ], [ 110.685577139107068, -7.627948703645247 ], [ 110.68557707306293, -7.628039159403966 ], [ 110.685395746829258, -7.628039027585181 ], [ 110.685395812909334, -7.627948571826462 ], [ 110.685305149810461, -7.62794850589012 ], [ 110.685305083712421, -7.628038961639857 ], [ 110.684942431254058, -7.628038697687876 ], [ 110.684942100359621, -7.628490976454525 ], [ 110.684851437152957, -7.628490910410386 ], [ 110.684851172338597, -7.628852733409333 ] ] ] } },
{ "type": "Feature", "properties": { "cluster_id": -901532312, "count": 81, "area_m2": 8100.0000124028884, "area_ha": 0.81000000124028881, "kelas_sawah": "unlabeled", "varietas": "unlabeled", "usia_fase": null, "overlap_ratio": 0.0, "is_ground_truth": false }, "geometry": { "type": "Polygon", "coordinates": [ [ [ 110.684852363872963, -7.627224529869158 ], [ 110.685124352702459, -7.627224727893779 ], [ 110.685124418827442, -7.627134272135059 ], [ 110.685577733459411, -7.627134601798803 ], [ 110.685577931564879, -7.62686323451366 ], [ 110.685668594439178, -7.62686330038712 ], [ 110.685668990506386, -7.626320565789886 ], [ 110.684853025724721, -7.626319972290944 ], [ 110.684852363872963, -7.627224529869158 ] ] ] } },
{ "type": "Feature", "properties": { "cluster_id": -574222802, "count": 74, "area_m2": 7400.0000277467188, "area_ha": 0.74000000277467193, "kelas_sawah": "unlabeled", "varietas": "unlabeled", "usia_fase": null, "overlap_ratio": 0.0, "is_ground_truth": false }, "geometry": { "type": "Polygon", "coordinates": [ [ [ 110.684854150684956, -7.624782224329826 ], [ 110.68530746282859, -7.624782554173232 ], [ 110.685307528899671, -7.62469209840553 ], [ 110.685579516139143, -7.624692296079807 ], [ 110.685579450121949, -7.624782751856494 ], [ 110.685670112556068, -7.624782817703005 ], [ 110.685670706486206, -7.623968715730796 ], [ 110.684945408414634, -7.623968188419724 ], [ 110.684945143842825, -7.624330011499519 ], [ 110.684854481507514, -7.624329945491312 ], [ 110.684854150684956, -7.624782224329826 ] ] ] } },
{ "type": "Feature", "properties": { "cluster_id": -1332438494, "count": 76, "area_m2": 7599.9999455563375, "area_ha": 0.75999999455563372, "kelas_sawah": "unlabeled", "varietas": "unlabeled", "usia_fase": null, "overlap_ratio": 0.0, "is_ground_truth": false }, "geometry": { "type": "Polygon", "coordinates": [ [ [ 110.684855870761083, -7.622430374288703 ], [ 110.684946532692152, -7.622430440269961 ], [ 110.684946598817135, -7.622339984493275 ], [ 110.68567189414884, -7.622340511696549 ], [ 110.685672487890329, -7.621526409634509 ], [ 110.68494719392406, -7.621525882494117 ], [ 110.684946797192097, -7.622068617163216 ], [ 110.684856135341889, -7.622068551181958 ], [ 110.684855870761083, -7.622430374288703 ] ] ] } },
{ "type": "Feature", "properties": { "cluster_id": -806561621, "count": 90, "area_m2": 8999.9999455464422, "area_ha": 0.89999999455464419, "kelas_sawah": "unlabeled", "varietas": "unlabeled", "usia_fase": null, "overlap_ratio": 0.0, "is_ground_truth": false }, "geometry": { "type": "Polygon", "coordinates": [ [ [ 110.684859441474515, -7.617545761844601 ], [ 110.684950102381492, -7.617545827789925 ], [ 110.684950168461569, -7.617455371995273 ], [ 110.685766116471683, -7.617455964622849 ], [ 110.685766643737836, -7.616732318175798 ], [ 110.685675983001531, -7.616732252410137 ], [ 110.685676048919916, -7.616641796606501 ], [ 110.684860102463887, -7.616641203871128 ], [ 110.684859441474515, -7.617545761844601 ] ] ] } },
{ "type": "Feature", "properties": { "cluster_id": 1871149478, "count": 85, "area_m2": 8500.0000276547507, "area_ha": 0.85000000276547505, "kelas_sawah": "unlabeled", "varietas": "unlabeled", "usia_fase": null, "overlap_ratio": 0.0, "is_ground_truth": false }, "geometry": { "type": "Polygon", "coordinates": [ [ [ 110.684860763363417, -7.615736645852738 ], [ 110.684951423893111, -7.615736711780097 ], [ 110.684951357822015, -7.615827167583733 ], [ 110.685676642203262, -7.615827694328866 ], [ 110.685676774031023, -7.615646782703629 ], [ 110.685767434542754, -7.615646848460307 ], [ 110.685767698117431, -7.615285025209833 ], [ 110.68567703768656, -7.615284959462137 ], [ 110.685677301324134, -7.614923136202679 ], [ 110.685314659888093, -7.614922873014268 ], [ 110.685314593906838, -7.615013328826886 ], [ 110.684861292030945, -7.615012999405688 ], [ 110.684861159870806, -7.615193911021943 ], [ 110.684951820283715, -7.615193976949302 ], [ 110.684951622088406, -7.615465344360207 ], [ 110.684860961621609, -7.615465278441832 ], [ 110.684860763363417, -7.615736645852738 ] ] ] } },
{ "type": "Feature", "properties": { "cluster_id": -2073834780, "count": 51, "area_m2": 5099.9999815929914, "area_ha": 0.50999999815929908, "kelas_sawah": "unlabeled", "varietas": "unlabeled", "usia_fase": null, "overlap_ratio": 0.0, "is_ground_truth": false }, "geometry": { "type": "Polygon", "coordinates": [ [ [ 110.6856614601719, -7.63663252072985 ], [ 110.686568109504208, -7.636633179266819 ], [ 110.686568439051172, -7.636180900607967 ], [ 110.685752455503703, -7.636180308043273 ], [ 110.685752521583765, -7.636089852311503 ], [ 110.685661856769116, -7.636089786384145 ], [ 110.6856614601719, -7.63663252072985 ] ] ] } },
{ "type": "Feature", "properties": { "cluster_id": -593690751, "count": 76, "area_m2": 7600.0000211843872, "area_ha": 0.76000000211843877, "kelas_sawah": "unlabeled", "varietas": "unlabeled", "usia_fase": null, "overlap_ratio": 0.0, "is_ground_truth": false }, "geometry": { "type": "Polygon", "coordinates": [ [ [ 110.684846403586988, -7.635365546348321 ], [ 110.685390391531669, -7.635365942667057 ], [ 110.68539045768361, -7.635275486935287 ], [ 110.685662451606547, -7.635275684834144 ], [ 110.685662848131898, -7.634732950452506 ], [ 110.68575351265909, -7.634733016370881 ], [ 110.685753644783304, -7.634552104907341 ], [ 110.684937664397907, -7.634551510932292 ], [ 110.684937399448785, -7.634913333832423 ], [ 110.684846734885667, -7.634913267734385 ], [ 110.684846403586988, -7.635365546348321 ] ] ] } },
{ "type": "Feature", "properties": { "cluster_id": -1151889740, "count": 89, "area_m2": 8899.9999667657539, "area_ha": 0.88999999667657537, "kelas_sawah": "unlabeled", "varietas": "unlabeled", "usia_fase": null, "overlap_ratio": 0.0, "is_ground_truth": false }, "geometry": { "type": "Polygon", "coordinates": [ [ [ 110.684847066166384, -7.634460989111466 ], [ 110.684937730630693, -7.634461055209504 ], [ 110.684937664397907, -7.634551510932292 ], [ 110.685662980292037, -7.634552038988965 ], [ 110.685663310701386, -7.63409976032113 ], [ 110.685753975093832, -7.634099826239506 ], [ 110.685754305386396, -7.633647547562688 ], [ 110.685300983891295, -7.633647217800131 ], [ 110.685300917739355, -7.633737673531901 ], [ 110.684847596172389, -7.63373734330222 ], [ 110.684847066166384, -7.634460989111466 ] ] ] } },
{ "type": "Feature", "properties": { "cluster_id": -805408949, "count": 80, "area_m2": 7999.9999845941784, "area_ha": 0.79999999845941783, "kelas_sawah": "unlabeled", "varietas": "unlabeled", "usia_fase": null, "overlap_ratio": 0.0, "is_ground_truth": false }, "geometry": { "type": "Polygon", "coordinates": [ [ [ 110.684849384547448, -7.631295038490523 ], [ 110.684940048347002, -7.631295104552629 ], [ 110.684940114552845, -7.631204648820859 ], [ 110.685574761032953, -7.631205110725595 ], [ 110.685574694952876, -7.631295566475331 ], [ 110.685665358761426, -7.631295632384724 ], [ 110.685665556920782, -7.631024265144497 ], [ 110.685756220666448, -7.631024331035923 ], [ 110.685756682876615, -7.630391140796751 ], [ 110.68530336481308, -7.630390811177923 ], [ 110.685303298688083, -7.63048126692766 ], [ 110.684940644172585, -7.630481002885849 ], [ 110.684940313170344, -7.630933281598598 ], [ 110.684849649442654, -7.630933215536492 ], [ 110.684849384547448, -7.631295038490523 ] ] ] } },
{ "type": "Feature", "properties": { "cluster_id": -1177081832, "count": 86, "area_m2": 8600.0000010232907, "area_ha": 0.86000000010232902, "kelas_sawah": "unlabeled", "varietas": "unlabeled", "usia_fase": null, "overlap_ratio": 0.0, "is_ground_truth": false }, "geometry": { "type": "Polygon", "coordinates": [ [ [ 110.684853025724721, -7.626319972290944 ], [ 110.685668990506386, -7.626320565789886 ], [ 110.685669254539206, -7.625958742728058 ], [ 110.685759917224857, -7.625958808574568 ], [ 110.685760247149105, -7.625506529718087 ], [ 110.684853621316734, -7.6255058704445 ], [ 110.684853025724721, -7.626319972290944 ] ] ] } },
{ "type": "Feature", "properties": { "cluster_id": -1014207058, "count": 80, "area_m2": 8000.000003631867, "area_ha": 0.80000000036318675, "kelas_sawah": "unlabeled", "varietas": "unlabeled", "usia_fase": null, "overlap_ratio": 0.0, "is_ground_truth": false }, "geometry": { "type": "Polygon", "coordinates": [ [ [ 110.684855407715489, -7.623063564707539 ], [ 110.68558070425992, -7.623064092108442 ], [ 110.685580638260703, -7.623154547894112 ], [ 110.685761962446207, -7.6231546795512 ], [ 110.685762556070912, -7.622340577516109 ], [ 110.684946598817135, -7.622339984493275 ], [ 110.684946532692152, -7.622430440269961 ], [ 110.684855870761083, -7.622430374288703 ], [ 110.684855738466197, -7.622611285842075 ], [ 110.684946400433191, -7.622611351823332 ], [ 110.684946334308208, -7.622701807600019 ], [ 110.684855672314256, -7.622701741609778 ], [ 110.684855407715489, -7.623063564707539 ] ] ] } },
{ "type": "Feature", "properties": { "cluster_id": 143118193, "count": 91, "area_m2": 9100.0000167489634, "area_ha": 0.91000000167489636, "kelas_sawah": "unlabeled", "varietas": "unlabeled", "usia_fase": null, "overlap_ratio": 0.0, "is_ground_truth": false }, "geometry": { "type": "Polygon", "coordinates": [ [ [ 110.684856532181655, -7.621525816512859 ], [ 110.685672487890329, -7.621526409634509 ], [ 110.685672619816913, -7.62134549806317 ], [ 110.685763281532374, -7.621345563864765 ], [ 110.685763809077017, -7.620621917552462 ], [ 110.684857193521367, -7.620621258701084 ], [ 110.684857127387389, -7.620711714477769 ], [ 110.684947788959121, -7.620711780450044 ], [ 110.684947326156077, -7.621344970931762 ], [ 110.684856664458579, -7.621344904950504 ], [ 110.684856532181655, -7.621525816512859 ] ] ] } },
{ "type": "Feature", "properties": { "cluster_id": -1870410676, "count": 80, "area_m2": 7999.9999926821329, "area_ha": 0.7999999992682133, "kelas_sawah": "unlabeled", "varietas": "unlabeled", "usia_fase": null, "overlap_ratio": 0.0, "is_ground_truth": false }, "geometry": { "type": "Polygon", "coordinates": [ [ [ 110.684859177064396, -7.617907585032193 ], [ 110.684949838043238, -7.617907650977518 ], [ 110.684949573687021, -7.618269474156127 ], [ 110.685040234746708, -7.618269540083486 ], [ 110.685040300817803, -7.618179084288833 ], [ 110.685221622892271, -7.618179216098635 ], [ 110.685221556866097, -7.618269671893287 ], [ 110.685765523233258, -7.618270066846585 ], [ 110.685766116471683, -7.617455964622849 ], [ 110.684950168461569, -7.617455371995273 ], [ 110.684949904123314, -7.617817195182865 ], [ 110.684859243162435, -7.61781712923754 ], [ 110.684859177064396, -7.617907585032193 ] ] ] } },
{ "type": "Feature", "properties": { "cluster_id": -1216585098, "count": 87, "area_m2": 8699.9999972939258, "area_ha": 0.86999999972939257, "kelas_sawah": "unlabeled", "varietas": "unlabeled", "usia_fase": null, "overlap_ratio": 0.0, "is_ground_truth": false }, "geometry": { "type": "Polygon", "coordinates": [ [ [ 110.684860102463887, -7.616641203871128 ], [ 110.685676048919916, -7.616641796606501 ], [ 110.685675983001531, -7.616732252410137 ], [ 110.685766643737836, -7.616732318175798 ], [ 110.685766907357447, -7.616370494943291 ], [ 110.685857568021873, -7.616370560690986 ], [ 110.685857699786766, -7.616189649065749 ], [ 110.685767039158264, -7.616189583327036 ], [ 110.685767302750918, -7.615827760085545 ], [ 110.684951357822015, -7.615827167583733 ], [ 110.684950961404468, -7.616369902396563 ], [ 110.684860300740027, -7.616369836469204 ], [ 110.684860102463887, -7.616641203871128 ] ] ] } },
{ "type": "Feature", "properties": { "cluster_id": -222017812, "count": 86, "area_m2": 8600.0000014551915, "area_ha": 0.86000000014551914, "kelas_sawah": "unlabeled", "varietas": "unlabeled", "usia_fase": null, "overlap_ratio": 0.0, "is_ground_truth": false }, "geometry": { "type": "Polygon", "coordinates": [ [ [ 110.684861292030945, -7.615012999405688 ], [ 110.685314593906838, -7.615013328826886 ], [ 110.685314659888093, -7.614922873014268 ], [ 110.685677301324134, -7.614923136202679 ], [ 110.685677564952712, -7.614561312943222 ], [ 110.685768225230873, -7.614561378690917 ], [ 110.685768554652071, -7.614109099609858 ], [ 110.685496574087097, -7.614108902321855 ], [ 110.685496508150749, -7.614199358134473 ], [ 110.685405847944452, -7.614199292332879 ], [ 110.685405913898762, -7.614108836520261 ], [ 110.684952612975081, -7.61410850723381 ], [ 110.684952348753612, -7.614470330484284 ], [ 110.684861688493413, -7.614470264565909 ], [ 110.684861292030945, -7.615012999405688 ] ] ] } },
{ "type": "Feature", "properties": { "cluster_id": -360941950, "count": 80, "area_m2": 8000.000002454035, "area_ha": 0.80000000024540352, "kelas_sawah": "unlabeled", "varietas": "unlabeled", "usia_fase": null, "overlap_ratio": 0.0, "is_ground_truth": false }, "geometry": { "type": "Polygon", "coordinates": [ [ [ 110.684952612975081, -7.61410850723381 ], [ 110.685405913898762, -7.614108836520261 ], [ 110.685405847944452, -7.614199292332879 ], [ 110.685496508150749, -7.614199358134473 ], [ 110.685496574087097, -7.614108902321855 ], [ 110.685768554652071, -7.614109099609858 ], [ 110.685768818172861, -7.613747276332433 ], [ 110.685859478289331, -7.61374734205318 ], [ 110.685859675864791, -7.613475974588375 ], [ 110.685769015802222, -7.613475908867628 ], [ 110.685769147558133, -7.613294997224425 ], [ 110.685406507487542, -7.61329473417076 ], [ 110.685406441533232, -7.613385189983378 ], [ 110.684953141373114, -7.613384860732861 ], [ 110.684952612975081, -7.61410850723381 ] ] ] } },
{ "type": "Feature", "properties": { "cluster_id": -635928663, "count": 2, "area_m2": 200.00001242733546, "area_ha": 0.020000001242733545, "kelas_sawah": "unlabeled", "varietas": "unlabeled", "usia_fase": null, "overlap_ratio": 0.0, "is_ground_truth": false }, "geometry": { "type": "Polygon", "coordinates": [ [ [ 110.685588354797972, -7.612571219165202 ], [ 110.685769674527847, -7.612571350642627 ], [ 110.685769740392317, -7.612480894812042 ], [ 110.68558842069838, -7.612480763334617 ], [ 110.685588354797972, -7.612571219165202 ] ] ] } },
{ "type": "Feature", "properties": { "cluster_id": -1485786019, "count": 90, "area_m2": 8999.9999908602331, "area_ha": 0.89999999908602335, "kelas_sawah": "unlabeled", "varietas": "unlabeled", "usia_fase": null, "overlap_ratio": 0.0, "is_ground_truth": false }, "geometry": { "type": "Polygon", "coordinates": [ [ [ 110.685577667424255, -7.627225057566505 ], [ 110.685668330370419, -7.627225123439965 ], [ 110.685668264353225, -7.627315579207668 ], [ 110.685849590290459, -7.627315710900689 ], [ 110.685849656271714, -7.627225255132986 ], [ 110.686484296930743, -7.627225715474653 ], [ 110.68648488952239, -7.626411613529394 ], [ 110.686212901169, -7.626411416376139 ], [ 110.686212967069409, -7.626320960608436 ], [ 110.685940978787897, -7.626320763284501 ], [ 110.685940912833587, -7.626411219052204 ], [ 110.685668924498174, -7.626411021557589 ], [ 110.685668594439178, -7.62686330038712 ], [ 110.685577931564879, -7.62686323451366 ], [ 110.685577667424255, -7.627225057566505 ] ] ] } },
{ "type": "Feature", "properties": { "cluster_id": 1505674691, "count": 5, "area_m2": 499.99999642459437, "area_ha": 0.049999999642459436, "kelas_sawah": "unlabeled", "varietas": "unlabeled", "usia_fase": null, "overlap_ratio": 0.0, "is_ground_truth": false }, "geometry": { "type": "Polygon", "coordinates": [ [ [ 110.685860334392785, -7.612571416345407 ], [ 110.686313633744405, -7.612571744616761 ], [ 110.686313699501085, -7.612481288786176 ], [ 110.685860400239292, -7.612480960523805 ], [ 110.685860334392785, -7.612571416345407 ] ] ] } },
{ "type": "Feature", "properties": { "cluster_id": -1007291008, "count": 77, "area_m2": 7700.0000033818651, "area_ha": 0.7700000003381865, "kelas_sawah": "unlabeled", "varietas": "unlabeled", "usia_fase": null, "overlap_ratio": 0.0, "is_ground_truth": false }, "geometry": { "type": "Polygon", "coordinates": [ [ [ 110.685769081684668, -7.613385453046027 ], [ 110.686494362014514, -7.613385978255041 ], [ 110.686494690618247, -7.612933699111099 ], [ 110.68658535056403, -7.612933764679132 ], [ 110.686585547663384, -7.612662397178394 ], [ 110.686494887771502, -7.612662331619344 ], [ 110.686494953492243, -7.612571875788759 ], [ 110.686404293618324, -7.612571810211743 ], [ 110.68640435934806, -7.612481354381158 ], [ 110.686313699501085, -7.612481288786176 ], [ 110.686313633744405, -7.612571744616761 ], [ 110.685860334392785, -7.612571416345407 ], [ 110.685860400239292, -7.612480960523805 ], [ 110.685769740392317, -7.612480894812042 ], [ 110.685769081684668, -7.613385453046027 ] ] ] } },
{ "type": "Feature", "properties": { "cluster_id": -951841354, "count": 77, "area_m2": 7699.9999921763083, "area_ha": 0.76999999921763085, "kelas_sawah": "unlabeled", "varietas": "unlabeled", "usia_fase": null, "overlap_ratio": 0.0, "is_ground_truth": false }, "geometry": { "type": "Polygon", "coordinates": [ [ [ 110.685662385517489, -7.635366140565915 ], [ 110.686387702839951, -7.635366667454778 ], [ 110.686387834712633, -7.635185755982254 ], [ 110.686478499347629, -7.6351858217569 ], [ 110.686478960749312, -7.634552631598575 ], [ 110.685753644783304, -7.634552104907341 ], [ 110.68575351265909, -7.634733016370881 ], [ 110.685662848131898, -7.634732950452506 ], [ 110.685662385517489, -7.635366140565915 ] ] ] } },
{ "type": "Feature", "properties": { "cluster_id": 2146098656, "count": 89, "area_m2": 8900.0000438696588, "area_ha": 0.89000000438696591, "kelas_sawah": "unlabeled", "varietas": "unlabeled", "usia_fase": null, "overlap_ratio": 0.0, "is_ground_truth": false }, "geometry": { "type": "Polygon", "coordinates": [ [ [ 110.685662980292037, -7.634552038988965 ], [ 110.686478960749312, -7.634552631598575 ], [ 110.686479158477482, -7.634281264376315 ], [ 110.686569822914848, -7.63428133012401 ], [ 110.686570218245436, -7.633738595670507 ], [ 110.686479553915873, -7.633738529922811 ], [ 110.686479619816282, -7.633648074182058 ], [ 110.685935633991619, -7.633647679327574 ], [ 110.685935567974425, -7.633738135068328 ], [ 110.685754239333278, -7.633738003294459 ], [ 110.685753975093832, -7.634099826239506 ], [ 110.685663310701386, -7.63409976032113 ], [ 110.685662980292037, -7.634552038988965 ] ] ] } },
{ "type": "Feature", "properties": { "cluster_id": 996011325, "count": 90, "area_m2": 9000.0000015131081, "area_ha": 0.90000000015131076, "kelas_sawah": "unlabeled", "varietas": "unlabeled", "usia_fase": null, "overlap_ratio": 0.0, "is_ground_truth": false }, "geometry": { "type": "Polygon", "coordinates": [ [ [ 110.685664764238396, -7.632109734078454 ], [ 110.686480740060361, -7.632110326499418 ], [ 110.686480871843202, -7.631929414999945 ], [ 110.686571535786499, -7.631929480720691 ], [ 110.686571799253386, -7.631567657712761 ], [ 110.686481135381968, -7.631567591992015 ], [ 110.686481398920719, -7.631205768984086 ], [ 110.686118743749446, -7.631205505912455 ], [ 110.686118677795136, -7.631295961662191 ], [ 110.685846686369516, -7.63129576414961 ], [ 110.685846752386709, -7.631205308399873 ], [ 110.685756088596136, -7.631205242526414 ], [ 110.685756022569961, -7.63129569827615 ], [ 110.685665358761426, -7.631295632384724 ], [ 110.685664764238396, -7.632109734078454 ] ] ] } },
{ "type": "Feature", "properties": { "cluster_id": -1731200845, "count": 79, "area_m2": 7899.9999871512409, "area_ha": 0.78999999871512405, "kelas_sawah": "unlabeled", "varietas": "unlabeled", "usia_fase": null, "overlap_ratio": 0.0, "is_ground_truth": false }, "geometry": { "type": "Polygon", "coordinates": [ [ [ 110.685665358761426, -7.631295632384724 ], [ 110.685756022569961, -7.63129569827615 ], [ 110.685756088596136, -7.631205242526414 ], [ 110.685846752386709, -7.631205308399873 ], [ 110.685846686369516, -7.63129576414961 ], [ 110.686118677795136, -7.631295961662191 ], [ 110.686118743749446, -7.631205505912455 ], [ 110.686481398920719, -7.631205768984086 ], [ 110.686481596559062, -7.630934401716909 ], [ 110.686572260295733, -7.630934467437656 ], [ 110.686572589591165, -7.630482188662024 ], [ 110.686481925944335, -7.630482122941277 ], [ 110.686481991817786, -7.630391667191541 ], [ 110.686119337338212, -7.630391404137876 ], [ 110.686119271392897, -7.630481859896595 ], [ 110.685756616850441, -7.630481596546487 ], [ 110.685756220666448, -7.631024331035923 ], [ 110.685665556920782, -7.631024265144497 ], [ 110.685665358761426, -7.631295632384724 ] ] ] } },
{ "type": "Feature", "properties": { "cluster_id": 701582428, "count": 74, "area_m2": 7399.9999891946209, "area_ha": 0.73999999891946211, "kelas_sawah": "unlabeled", "varietas": "unlabeled", "usia_fase": null, "overlap_ratio": 0.0, "is_ground_truth": false }, "geometry": { "type": "Polygon", "coordinates": [ [ [ 110.685666019256715, -7.630391074905324 ], [ 110.685756682876615, -7.630391140796751 ], [ 110.685756616850441, -7.630481596546487 ], [ 110.686119271392897, -7.630481859896595 ], [ 110.686119337338212, -7.630391404137876 ], [ 110.686481991817786, -7.630391667191541 ], [ 110.6864825187875, -7.629668021121783 ], [ 110.685666547600846, -7.629667428898449 ], [ 110.685666415521553, -7.629848340406905 ], [ 110.685757079024668, -7.629848406280365 ], [ 110.685756946972319, -7.630029317788821 ], [ 110.685666283433278, -7.630029251906378 ], [ 110.685666019256715, -7.630391074905324 ] ] ] } },
{ "type": "Feature", "properties": { "cluster_id": 1821699856, "count": 89, "area_m2": 8899.9999621266034, "area_ha": 0.88999999621266035, "kelas_sawah": "unlabeled", "varietas": "unlabeled", "usia_fase": null, "overlap_ratio": 0.0, "is_ground_truth": false }, "geometry": { "type": "Polygon", "coordinates": [ [ [ 110.685666547600846, -7.629667428898449 ], [ 110.6864825187875, -7.629668021121783 ], [ 110.686482848118871, -7.629215742319201 ], [ 110.686573511496221, -7.629215808021981 ], [ 110.68657370902676, -7.628944440736839 ], [ 110.686483045712293, -7.628944375034059 ], [ 110.686483177432265, -7.628763463507636 ], [ 110.686029861048581, -7.628763134724242 ], [ 110.686029795094271, -7.628853590482962 ], [ 110.685667141926245, -7.628853327105904 ], [ 110.685666547600846, -7.629667428898449 ] ] ] } },
{ "type": "Feature", "properties": { "cluster_id": 1002673971, "count": 72, "area_m2": 7200.0000249780715, "area_ha": 0.72000000249780716, "kelas_sawah": "unlabeled", "varietas": "unlabeled", "usia_fase": null, "overlap_ratio": 0.0, "is_ground_truth": false }, "geometry": { "type": "Polygon", "coordinates": [ [ [ 110.685667141926245, -7.628853327105904 ], [ 110.686029795094271, -7.628853590482962 ], [ 110.686029861048581, -7.628763134724242 ], [ 110.686483177432265, -7.628763463507636 ], [ 110.686483704285195, -7.628039817383979 ], [ 110.685758399296603, -7.628039291150886 ], [ 110.685758135272764, -7.628401114194748 ], [ 110.685667472075082, -7.628401048321289 ], [ 110.685667141926245, -7.628853327105904 ] ] ] } },
{ "type": "Feature", "properties": { "cluster_id": -1625180759, "count": 80, "area_m2": 7999.9999497408862, "area_ha": 0.79999999497408858, "kelas_sawah": "unlabeled", "varietas": "unlabeled", "usia_fase": null, "overlap_ratio": 0.0, "is_ground_truth": false }, "geometry": { "type": "Polygon", "coordinates": [ [ [ 110.685667736179767, -7.628039225286409 ], [ 110.686574367411012, -7.628039883077776 ], [ 110.686574696571711, -7.627587604239261 ], [ 110.686484033544701, -7.627587538545465 ], [ 110.686484296930743, -7.627225715474653 ], [ 110.685849656271714, -7.627225255132986 ], [ 110.685849590290459, -7.627315710900689 ], [ 110.685758927317352, -7.627315645063161 ], [ 110.685758663320456, -7.627677468107024 ], [ 110.685668000275484, -7.62767740225153 ], [ 110.685667736179767, -7.628039225286409 ] ] ] } },
{ "type": "Feature", "properties": { "cluster_id": 519633509, "count": 74, "area_m2": 7399.9999968230259, "area_ha": 0.73999999968230257, "kelas_sawah": "unlabeled", "varietas": "unlabeled", "usia_fase": null, "overlap_ratio": 0.0, "is_ground_truth": false }, "geometry": { "type": "Polygon", "coordinates": [ [ [ 110.685668924498174, -7.626411021557589 ], [ 110.685940912833587, -7.626411219052204 ], [ 110.685940978787897, -7.626320763284501 ], [ 110.686212967069409, -7.626320960608436 ], [ 110.686212901169, -7.626411416376139 ], [ 110.68648488952239, -7.626411613529394 ], [ 110.686485482042158, -7.625597511557187 ], [ 110.685760181167851, -7.625596985494773 ], [ 110.685759917224857, -7.625958808574568 ], [ 110.685669254539206, -7.625958742728058 ], [ 110.685668924498174, -7.626411021557589 ] ] ] } },
{ "type": "Feature", "properties": { "cluster_id": 251021097, "count": 78, "area_m2": 7800.0000242589149, "area_ha": 0.78000000242589151, "kelas_sawah": "unlabeled", "varietas": "unlabeled", "usia_fase": null, "overlap_ratio": 0.0, "is_ground_truth": false }, "geometry": { "type": "Polygon", "coordinates": [ [ [ 110.685669584562277, -7.625506463880559 ], [ 110.685760247149105, -7.625506529718087 ], [ 110.685760181167851, -7.625596985494773 ], [ 110.686485482042158, -7.625597511557187 ], [ 110.686485745356336, -7.625235688441459 ], [ 110.686576407898258, -7.625235754108306 ], [ 110.686576473708826, -7.625145298331621 ], [ 110.68648581118488, -7.625145232664774 ], [ 110.686486074490077, -7.624783409549046 ], [ 110.685760774990186, -7.624782883540531 ], [ 110.685760709008932, -7.624873339317217 ], [ 110.685670046556851, -7.62487327347969 ], [ 110.685669980566601, -7.624963729256376 ], [ 110.685760643036659, -7.624963795093904 ], [ 110.685760511074136, -7.625144706638292 ], [ 110.685669848568153, -7.625144640791782 ], [ 110.685669584562277, -7.625506463880559 ] ] ] } },
{ "type": "Feature", "properties": { "cluster_id": -54577147, "count": 89, "area_m2": 8900.0000204335083, "area_ha": 0.89000000204335084, "kelas_sawah": "unlabeled", "varietas": "unlabeled", "usia_fase": null, "overlap_ratio": 0.0, "is_ground_truth": false }, "geometry": { "type": "Polygon", "coordinates": [ [ [ 110.685670046556851, -7.62487327347969 ], [ 110.685760709008932, -7.624873339317217 ], [ 110.685760774990186, -7.624782883540531 ], [ 110.686486074490077, -7.624783409549046 ], [ 110.686486403605841, -7.624331130638666 ], [ 110.686577065950132, -7.624331196305514 ], [ 110.68657726335492, -7.624059828957489 ], [ 110.68648660106453, -7.624059763290642 ], [ 110.686486732694661, -7.623878851728286 ], [ 110.686124083703803, -7.623878588908184 ], [ 110.686124017812375, -7.62396904468487 ], [ 110.685670706486206, -7.623968715730796 ], [ 110.685670046556851, -7.62487327347969 ] ] ] } },
{ "type": "Feature", "properties": { "cluster_id": -965776419, "count": 85, "area_m2": 8499.9999770763679, "area_ha": 0.84999999770763679, "kelas_sawah": "unlabeled", "varietas": "unlabeled", "usia_fase": null, "overlap_ratio": 0.0, "is_ground_truth": false }, "geometry": { "type": "Polygon", "coordinates": [ [ [ 110.685670706486206, -7.623968715730796 ], [ 110.686124017812375, -7.62396904468487 ], [ 110.686124083703803, -7.623878588908184 ], [ 110.686486732694661, -7.623878851728286 ], [ 110.686487127585082, -7.623336117014271 ], [ 110.686577789722762, -7.623336182672135 ], [ 110.686577921307972, -7.623155271091814 ], [ 110.686487259206245, -7.623155205442933 ], [ 110.686487325016813, -7.623064749657264 ], [ 110.685943352550098, -7.623064355359737 ], [ 110.685943286631726, -7.623154811136422 ], [ 110.685671300353462, -7.623154613731638 ], [ 110.685670706486206, -7.623968715730796 ] ] ] } },
{ "type": "Feature", "properties": { "cluster_id": 1429602310, "count": 80, "area_m2": 7999.999984933238, "area_ha": 0.79999999849332382, "kelas_sawah": "unlabeled", "varietas": "unlabeled", "usia_fase": null, "overlap_ratio": 0.0, "is_ground_truth": false }, "geometry": { "type": "Polygon", "coordinates": [ [ [ 110.685761962446207, -7.6231546795512 ], [ 110.685943286631726, -7.623154811136422 ], [ 110.685943352550098, -7.623064355359737 ], [ 110.686487325016813, -7.623064749657264 ], [ 110.686487259206245, -7.623155205442933 ], [ 110.686577921307972, -7.623155271091814 ], [ 110.686578513387587, -7.622341168993842 ], [ 110.6864878514655, -7.622341103344961 ], [ 110.686487917267101, -7.622250647559292 ], [ 110.686034607737554, -7.622250319054375 ], [ 110.686034541837145, -7.622340774840045 ], [ 110.685762556070912, -7.622340577516109 ], [ 110.685761962446207, -7.6231546795512 ] ] ] } },
{ "type": "Feature", "properties": { "cluster_id": 1388844246, "count": 76, "area_m2": 7599.9999899769318, "area_ha": 0.75999999899769322, "kelas_sawah": "unlabeled", "varietas": "unlabeled", "usia_fase": null, "overlap_ratio": 0.0, "is_ground_truth": false }, "geometry": { "type": "Polygon", "coordinates": [ [ [ 110.685672487890329, -7.621526409634509 ], [ 110.685853811384135, -7.621526541228715 ], [ 110.685853877311501, -7.621436085443046 ], [ 110.686035200778363, -7.621436216956403 ], [ 110.686035134886936, -7.621526672751056 ], [ 110.686216458389737, -7.621526804192548 ], [ 110.686216524245225, -7.621436348406879 ], [ 110.68657917118793, -7.621436611056302 ], [ 110.686579631601461, -7.620803420484752 ], [ 110.686488969993803, -7.620803354853837 ], [ 110.686489035786408, -7.620712899059185 ], [ 110.685763743131687, -7.620712373338131 ], [ 110.685763281532374, -7.621345563864765 ], [ 110.685672619816913, -7.62134549806317 ], [ 110.685672487890329, -7.621526409634509 ] ] ] } },
{ "type": "Feature", "properties": { "cluster_id": -1349576906, "count": 80, "area_m2": 7999.9999985608156, "area_ha": 0.79999999985608161, "kelas_sawah": "unlabeled", "varietas": "unlabeled", "usia_fase": null, "overlap_ratio": 0.0, "is_ground_truth": false }, "geometry": { "type": "Polygon", "coordinates": [ [ [ 110.685674268701561, -7.619084103259744 ], [ 110.686490219846803, -7.619084694647645 ], [ 110.686490285621446, -7.618994238844009 ], [ 110.686580946842838, -7.618994304456958 ], [ 110.686581144103897, -7.618722937046051 ], [ 110.686490482936406, -7.618722871433103 ], [ 110.686490877548337, -7.618180136593324 ], [ 110.686218894396205, -7.618179939655664 ], [ 110.686218828567661, -7.6182703954593 ], [ 110.685765523233258, -7.618270066846585 ], [ 110.685765259559744, -7.618631890052145 ], [ 110.685674598419212, -7.618631824268516 ], [ 110.685674532473882, -7.618722280072151 ], [ 110.685765193632392, -7.618722345846797 ], [ 110.685764995859302, -7.61899371324872 ], [ 110.68567433464689, -7.618993647465092 ], [ 110.685674268701561, -7.619084103259744 ] ] ] } },
{ "type": "Feature", "properties": { "cluster_id": 557042047, "count": 77, "area_m2": 7699.9999873363413, "area_ha": 0.76999999873363412, "kelas_sawah": "unlabeled", "varietas": "unlabeled", "usia_fase": null, "overlap_ratio": 0.0, "is_ground_truth": false }, "geometry": { "type": "Polygon", "coordinates": [ [ [ 110.685765523233258, -7.618270066846585 ], [ 110.686218828567661, -7.6182703954593 ], [ 110.686218894396205, -7.618179939655664 ], [ 110.686490877548337, -7.618180136593324 ], [ 110.68649100907966, -7.617999224977069 ], [ 110.686581670094441, -7.617999290581035 ], [ 110.686581735833158, -7.617908834777399 ], [ 110.686491074845321, -7.617908769164451 ], [ 110.686491140602001, -7.617818313360815 ], [ 110.686581801580843, -7.61781837896478 ], [ 110.686581867319561, -7.617727923152162 ], [ 110.686491206367663, -7.617727857548196 ], [ 110.686491469403364, -7.617366034306706 ], [ 110.686310147643297, -7.617365903053859 ], [ 110.686310081850692, -7.617456358857495 ], [ 110.686219420952696, -7.617456293199631 ], [ 110.686219486772245, -7.617365837395995 ], [ 110.686128825892226, -7.617365771720165 ], [ 110.686128760054686, -7.6174562275238 ], [ 110.68603809915669, -7.617456161830003 ], [ 110.686038165012192, -7.617365706017384 ], [ 110.685766182390054, -7.617365508819214 ], [ 110.685765523233258, -7.618270066846585 ] ] ] } },
{ "type": "Feature", "properties": { "cluster_id": -235376720, "count": 66, "area_m2": 6599.9999368420686, "area_ha": 0.65999999368420681, "kelas_sawah": "unlabeled", "varietas": "unlabeled", "usia_fase": null, "overlap_ratio": 0.0, "is_ground_truth": false }, "geometry": { "type": "Polygon", "coordinates": [ [ [ 110.685766182390054, -7.617365508819214 ], [ 110.686038165012192, -7.617365706017384 ], [ 110.68603809915669, -7.617456161830003 ], [ 110.686128760054686, -7.6174562275238 ], [ 110.686128825892226, -7.617365771720165 ], [ 110.686219486772245, -7.617365837395995 ], [ 110.686219420952696, -7.617456293199631 ], [ 110.686310081850692, -7.617456358857495 ], [ 110.686310147643297, -7.617365903053859 ], [ 110.686491469403364, -7.617366034306706 ], [ 110.68649199544781, -7.616642387805756 ], [ 110.685766709647226, -7.616641862372163 ], [ 110.685766182390054, -7.617365508819214 ] ] ] } },
{ "type": "Feature", "properties": { "cluster_id": 440848133, "count": 83, "area_m2": 8300.0000073571573, "area_ha": 0.83000000073571578, "kelas_sawah": "unlabeled", "varietas": "unlabeled", "usia_fase": null, "overlap_ratio": 0.0, "is_ground_truth": false }, "geometry": { "type": "Polygon", "coordinates": [ [ [ 110.685766709647226, -7.616641862372163 ], [ 110.68649199544781, -7.616642387805756 ], [ 110.68649206120449, -7.616551931993137 ], [ 110.686582721913837, -7.616551997588119 ], [ 110.686583182021948, -7.615918806872839 ], [ 110.686492521447335, -7.615918741286841 ], [ 110.686492652933751, -7.615737829643637 ], [ 110.68594868971968, -7.615737435732385 ], [ 110.685948623855211, -7.615827891545004 ], [ 110.685767302750918, -7.615827760085545 ], [ 110.685767039158264, -7.616189583327036 ], [ 110.685857699786766, -7.616189649065749 ], [ 110.685857568021873, -7.616370560690986 ], [ 110.685766907357447, -7.616370494943291 ], [ 110.685766709647226, -7.616641862372163 ] ] ] } },
{ "type": "Feature", "properties": { "cluster_id": 816730272, "count": 76, "area_m2": 7600.0000019613071, "area_ha": 0.76000000019613068, "kelas_sawah": "unlabeled", "varietas": "unlabeled", "usia_fase": null, "overlap_ratio": 0.0, "is_ground_truth": false }, "geometry": { "type": "Polygon", "coordinates": [ [ [ 110.685676642203262, -7.615827694328866 ], [ 110.685948623855211, -7.615827891545004 ], [ 110.68594868971968, -7.615737435732385 ], [ 110.686401992395076, -7.615737764039672 ], [ 110.686402189683079, -7.615466396592833 ], [ 110.686492850158871, -7.615466462196798 ], [ 110.686493244600129, -7.61492372727617 ], [ 110.686402584232141, -7.614923661672205 ], [ 110.686402518475461, -7.615014117493807 ], [ 110.686311858089496, -7.615014051871875 ], [ 110.686311923864139, -7.614923596059256 ], [ 110.685677301324134, -7.614923136202679 ], [ 110.68567703768656, -7.615284959462137 ], [ 110.685767698117431, -7.615285025209833 ], [ 110.685767434542754, -7.615646848460307 ], [ 110.685676774031023, -7.615646782703629 ], [ 110.685676642203262, -7.615827694328866 ] ] ] } },
{ "type": "Feature", "properties": { "cluster_id": 577211361, "count": 69, "area_m2": 6900.0000471173553, "area_ha": 0.6900000047117355, "kelas_sawah": "unlabeled", "varietas": "unlabeled", "usia_fase": null, "overlap_ratio": 0.0, "is_ground_truth": false }, "geometry": { "type": "Polygon", "coordinates": [ [ [ 110.685677301324134, -7.614923136202679 ], [ 110.686311923864139, -7.614923596059256 ], [ 110.686311858089496, -7.615014051871875 ], [ 110.686402518475461, -7.615014117493807 ], [ 110.686402584232141, -7.614923661672205 ], [ 110.686493244600129, -7.61492372727617 ], [ 110.686493770473902, -7.614200080685389 ], [ 110.685768488769639, -7.614199555422476 ], [ 110.685768225230873, -7.614561378690917 ], [ 110.685677564952712, -7.614561312943222 ], [ 110.685677301324134, -7.614923136202679 ] ] ] } },
{ "type": "Feature", "properties": { "cluster_id": -2077174939, "count": 78, "area_m2": 7799.9999951227801, "area_ha": 0.77999999951227805, "kelas_sawah": "unlabeled", "varietas": "unlabeled", "usia_fase": null, "overlap_ratio": 0.0, "is_ground_truth": false }, "geometry": { "type": "Polygon", "coordinates": [ [ [ 110.685768488769639, -7.614199555422476 ], [ 110.686493770473902, -7.614200080685389 ], [ 110.686493704735184, -7.614290536515974 ], [ 110.686584364977406, -7.614290602084007 ], [ 110.68658443068918, -7.614200146262405 ], [ 110.686675090904458, -7.614200211812472 ], [ 110.686675156598255, -7.61410975599087 ], [ 110.68658449640094, -7.614109690440803 ], [ 110.686584890644568, -7.61356695547526 ], [ 110.686494230564037, -7.613566889907228 ], [ 110.686494362014514, -7.613385978255041 ], [ 110.685769081684668, -7.613385453046027 ], [ 110.685769015802222, -7.613475908867628 ], [ 110.685859675864791, -7.613475974588375 ], [ 110.685859478289331, -7.61374734205318 ], [ 110.685768818172861, -7.613747276332433 ], [ 110.685768488769639, -7.614199555422476 ] ] ] } },
{ "type": "Feature", "properties": { "cluster_id": 1505674691, "count": 1, "area_m2": 100.00000117172021, "area_ha": 0.010000000117172021, "kelas_sawah": "unlabeled", "varietas": "unlabeled", "usia_fase": null, "overlap_ratio": 0.0, "is_ground_truth": false }, "geometry": { "type": "Polygon", "coordinates": [ [ [ 110.686404293618324, -7.612571810211743 ], [ 110.686494953492243, -7.612571875788759 ], [ 110.686495019204003, -7.612481419958174 ], [ 110.68640435934806, -7.612481354381158 ], [ 110.686404293618324, -7.612571810211743 ] ] ] } },
{ "type": "Feature", "properties": { "cluster_id": -140720505, "count": 81, "area_m2": 8100.0000000890577, "area_ha": 0.81000000000890582, "kelas_sawah": "unlabeled", "varietas": "unlabeled", "usia_fase": null, "overlap_ratio": 0.0, "is_ground_truth": false }, "geometry": { "type": "Polygon", "coordinates": [ [ [ 110.685752455503703, -7.636180308043273 ], [ 110.686568439051172, -7.636180900607967 ], [ 110.686569032181794, -7.635366798995086 ], [ 110.685753050179429, -7.635366206493273 ], [ 110.685752455503703, -7.636180308043273 ] ] ] } },
{ "type": "Feature", "properties": { "cluster_id": 1005460452, "count": 87, "area_m2": 8699.9999628326623, "area_ha": 0.86999999628326619, "kelas_sawah": "unlabeled", "varietas": "unlabeled", "usia_fase": null, "overlap_ratio": 0.0, "is_ground_truth": false }, "geometry": { "type": "Polygon", "coordinates": [ [ [ 110.685663641083778, -7.633647481644313 ], [ 110.685754305386396, -7.633647547562688 ], [ 110.685754239333278, -7.633738003294459 ], [ 110.685935567974425, -7.633738135068328 ], [ 110.685935633991619, -7.633647679327574 ], [ 110.686479619816282, -7.633648074182058 ], [ 110.686479883426898, -7.633286251210061 ], [ 110.686570547657652, -7.633286316948773 ], [ 110.686570877051892, -7.632834038218057 ], [ 110.685845563987456, -7.6328335118053 ], [ 110.6858454979523, -7.632923967546054 ], [ 110.685754833811373, -7.632923901654627 ], [ 110.68575489985551, -7.632833445913874 ], [ 110.685664235723578, -7.632833380004482 ], [ 110.685663641083778, -7.633647481644313 ] ] ] } },
{ "type": "Feature", "properties": { "cluster_id": 1027030921, "count": 73, "area_m2": 7300.000003715686, "area_ha": 0.73000000037156865, "kelas_sawah": "unlabeled", "varietas": "unlabeled", "usia_fase": null, "overlap_ratio": 0.0, "is_ground_truth": false }, "geometry": { "type": "Polygon", "coordinates": [ [ [ 110.685754833811373, -7.632923901654627 ], [ 110.6858454979523, -7.632923967546054 ], [ 110.685845563987456, -7.6328335118053 ], [ 110.686570877051892, -7.632834038218057 ], [ 110.686571404048564, -7.632110392229147 ], [ 110.685755428217618, -7.632109799978863 ], [ 110.685754833811373, -7.632923901654627 ] ] ] } },
{ "type": "Feature", "properties": { "cluster_id": 565646764, "count": 90, "area_m2": 8999.9999617654248, "area_ha": 0.89999999617654247, "kelas_sawah": "unlabeled", "varietas": "unlabeled", "usia_fase": null, "overlap_ratio": 0.0, "is_ground_truth": false }, "geometry": { "type": "Polygon", "coordinates": [ [ [ 110.68567189414884, -7.622340511696549 ], [ 110.686034541837145, -7.622340774840045 ], [ 110.686034607737554, -7.622250319054375 ], [ 110.686578579171211, -7.62225071319919 ], [ 110.68657917118793, -7.621436611056302 ], [ 110.686216524245225, -7.621436348406879 ], [ 110.686216458389737, -7.621526804192548 ], [ 110.686035134886936, -7.621526672751056 ], [ 110.686035200778363, -7.621436216956403 ], [ 110.685853877311501, -7.621436085443046 ], [ 110.685853811384135, -7.621526541228715 ], [ 110.685672487890329, -7.621526409634509 ], [ 110.68567189414884, -7.622340511696549 ] ] ] } },
{ "type": "Feature", "properties": { "cluster_id": 1908593543, "count": 85, "area_m2": 8500.0000220903894, "area_ha": 0.85000000220903893, "kelas_sawah": "unlabeled", "varietas": "unlabeled", "usia_fase": null, "overlap_ratio": 0.0, "is_ground_truth": false }, "geometry": { "type": "Polygon", "coordinates": [ [ [ 110.685673147514265, -7.620621851750868 ], [ 110.685763809077017, -7.620621917552462 ], [ 110.685763743131687, -7.620712373338131 ], [ 110.686579697367122, -7.6207129646901 ], [ 110.68658028926707, -7.619898862493312 ], [ 110.685854997977785, -7.619898336978872 ], [ 110.685854932059414, -7.619988792773523 ], [ 110.685673609203405, -7.619988661206268 ], [ 110.685673543258076, -7.62007911700092 ], [ 110.685764204695062, -7.620079182793531 ], [ 110.685764072831361, -7.620260094382836 ], [ 110.685673411340474, -7.620260028581241 ], [ 110.685673147514265, -7.620621851750868 ] ] ] } },
{ "type": "Feature", "properties": { "cluster_id": -1567625544, "count": 89, "area_m2": 8899.9999681542977, "area_ha": 0.88999999681542974, "kelas_sawah": "unlabeled", "varietas": "unlabeled", "usia_fase": null, "overlap_ratio": 0.0, "is_ground_truth": false }, "geometry": { "type": "Polygon", "coordinates": [ [ [ 110.685583013756656, -7.619898139601037 ], [ 110.685673675157702, -7.619898205411615 ], [ 110.685673609203405, -7.619988661206268 ], [ 110.685854932059414, -7.619988792773523 ], [ 110.685854997977785, -7.619898336978872 ], [ 110.686489627848047, -7.619898796871381 ], [ 110.686489693631671, -7.619808341067746 ], [ 110.68658035502375, -7.619808406689677 ], [ 110.686580881086158, -7.619084760269576 ], [ 110.685764929931935, -7.619084169043372 ], [ 110.685764666222511, -7.619445992230965 ], [ 110.685674004911277, -7.619445926438353 ], [ 110.685673807066323, -7.61971729382231 ], [ 110.68558314569222, -7.619717228011733 ], [ 110.685583013756656, -7.619898139601037 ] ] ] } },
{ "type": "Feature", "properties": { "cluster_id": 249911491, "count": 4, "area_m2": 399.99998710525693, "area_ha": 0.039999998710525696, "kelas_sawah": "unlabeled", "varietas": "unlabeled", "usia_fase": null, "overlap_ratio": 0.0, "is_ground_truth": false }, "geometry": { "type": "Polygon", "coordinates": [ [ [ 110.686494953492243, -7.612571875788759 ], [ 110.68685759298792, -7.612572137908176 ], [ 110.686857658627815, -7.612481682077591 ], [ 110.686495019204003, -7.612481419958174 ], [ 110.686494953492243, -7.612571875788759 ] ] ] } },
{ "type": "Feature", "properties": { "cluster_id": 1018647976, "count": 82, "area_m2": 8200.0000252740574, "area_ha": 0.82000000252740579, "kelas_sawah": "unlabeled", "varietas": "unlabeled", "usia_fase": null, "overlap_ratio": 0.0, "is_ground_truth": false }, "geometry": { "type": "Polygon", "coordinates": [ [ [ 110.686401992395076, -7.615737764039672 ], [ 110.686492652933751, -7.615737829643637 ], [ 110.686492587186052, -7.615828285465239 ], [ 110.686855229430577, -7.615828547701437 ], [ 110.686855295097416, -7.615738091879835 ], [ 110.687308597817733, -7.615738419243891 ], [ 110.687309122370976, -7.61501477262616 ], [ 110.686946480809169, -7.615014510803188 ], [ 110.686946546449064, -7.614924054981586 ], [ 110.686674565336105, -7.614923858412236 ], [ 110.686674499633327, -7.615014314233837 ], [ 110.686493178861411, -7.615014183088789 ], [ 110.686492850158871, -7.615466462196798 ], [ 110.686402189683079, -7.615466396592833 ], [ 110.686401992395076, -7.615737764039672 ] ] ] } },
{ "type": "Feature", "properties": { "cluster_id": -599244501, "count": 70, "area_m2": 6999.999977486732, "area_ha": 0.69999999774867316, "kelas_sawah": "unlabeled", "varietas": "unlabeled", "usia_fase": null, "overlap_ratio": 0.0, "is_ground_truth": false }, "geometry": { "type": "Polygon", "coordinates": [ [ [ 110.686494427735255, -7.613295522424456 ], [ 110.687310367992907, -7.61329611182708 ], [ 110.68731089238446, -7.612572465137484 ], [ 110.68694825287082, -7.61257220339536 ], [ 110.686948318483772, -7.612481747555792 ], [ 110.686857658627815, -7.612481682077591 ], [ 110.68685759298792, -7.612572137908176 ], [ 110.686494953492243, -7.612571875788759 ], [ 110.686494887771502, -7.612662331619344 ], [ 110.686585547663384, -7.612662397178394 ], [ 110.68658535056403, -7.612933764679132 ], [ 110.686494690618247, -7.612933699111099 ], [ 110.686494427735255, -7.613295522424456 ] ] ] } },
{ "type": "Feature", "properties": { "cluster_id": 1783049398, "count": 83, "area_m2": 8299.9999888346065, "area_ha": 0.82999999888346065, "kelas_sawah": "unlabeled", "varietas": "unlabeled", "usia_fase": null, "overlap_ratio": 0.0, "is_ground_truth": false }, "geometry": { "type": "Polygon", "coordinates": [ [ [ 110.686387702839951, -7.635366667454778 ], [ 110.686750361523636, -7.635366930445561 ], [ 110.68675042738812, -7.63527647471379 ], [ 110.687294415314838, -7.635276868625042 ], [ 110.687294941260475, -7.634553222663082 ], [ 110.687022947750762, -7.634553025815254 ], [ 110.687023013543367, -7.634462570065518 ], [ 110.686479026658702, -7.634462175857822 ], [ 110.686478499347629, -7.6351858217569 ], [ 110.686387834712633, -7.635185755982254 ], [ 110.686387702839951, -7.635366667454778 ] ] ] } },
{ "type": "Feature", "properties": { "cluster_id": -1172185875, "count": 78, "area_m2": 7800.0000272257603, "area_ha": 0.78000000272257608, "kelas_sawah": "unlabeled", "varietas": "unlabeled", "usia_fase": null, "overlap_ratio": 0.0, "is_ground_truth": false }, "geometry": { "type": "Polygon", "coordinates": [ [ [ 110.686577921307972, -7.623155271091814 ], [ 110.686668583400731, -7.623155336722728 ], [ 110.686668649175388, -7.62306488093706 ], [ 110.686940635417727, -7.623065077722005 ], [ 110.686940569705953, -7.623155533507675 ], [ 110.687121893918416, -7.623155664598825 ], [ 110.687121959594251, -7.623065208813155 ], [ 110.687212621678029, -7.623065274327288 ], [ 110.687212556020157, -7.623155730121941 ], [ 110.687393880232619, -7.623155861096309 ], [ 110.687394470776113, -7.622341758926472 ], [ 110.687031823042886, -7.622341496923836 ], [ 110.687031888727702, -7.622251041129184 ], [ 110.686941226814611, -7.622250975579118 ], [ 110.686941161111818, -7.62234143137377 ], [ 110.686578513387587, -7.622341168993842 ], [ 110.686577921307972, -7.623155271091814 ] ] ] } },
{ "type": "Feature", "properties": { "cluster_id": -759032493, "count": 75, "area_m2": 7499.9999673958519, "area_ha": 0.74999999673958517, "kelas_sawah": "unlabeled", "varietas": "unlabeled", "usia_fase": null, "overlap_ratio": 0.0, "is_ground_truth": false }, "geometry": { "type": "Polygon", "coordinates": [ [ [ 110.686488969993803, -7.620803354853837 ], [ 110.686579631601461, -7.620803420484752 ], [ 110.68657917118793, -7.621436611056302 ], [ 110.68730446511826, -7.621437135465815 ], [ 110.687304596362125, -7.621256223858544 ], [ 110.687395258068605, -7.621256289327762 ], [ 110.687395586070465, -7.620804010309584 ], [ 110.687304924462808, -7.620803944849349 ], [ 110.687304990084726, -7.620713489045714 ], [ 110.687123666896355, -7.620713358071345 ], [ 110.687123732554213, -7.62062290226771 ], [ 110.68703307098248, -7.620622836753577 ], [ 110.687033005306645, -7.620713292557212 ], [ 110.68694234371695, -7.620713227016129 ], [ 110.686942409410747, -7.620622771212493 ], [ 110.686579763141779, -7.620622508895448 ], [ 110.686579697367122, -7.6207129646901 ], [ 110.686489035786408, -7.620712899059185 ], [ 110.686488969993803, -7.620803354853837 ] ] ] } },
{ "type": "Feature", "properties": { "cluster_id": 1628764811, "count": 90, "area_m2": 9000.0000001917942, "area_ha": 0.90000000001917946, "kelas_sawah": "unlabeled", "varietas": "unlabeled", "usia_fase": null, "overlap_ratio": 0.0, "is_ground_truth": false }, "geometry": { "type": "Polygon", "coordinates": [ [ [ 110.686481925944335, -7.630482122941277 ], [ 110.687297898747943, -7.630482713691374 ], [ 110.687298095856292, -7.630211346397249 ], [ 110.687388759440253, -7.630211411938332 ], [ 110.687389153522176, -7.629668677341098 ], [ 110.68720782656986, -7.629668546249948 ], [ 110.687207892290601, -7.629578090482245 ], [ 110.686935901916016, -7.629577893706283 ], [ 110.686935836150354, -7.629668349473985 ], [ 110.6864825187875, -7.629668021121783 ], [ 110.686481925944335, -7.630482122941277 ] ] ] } },
{ "type": "Feature", "properties": { "cluster_id": -1719798743, "count": 76, "area_m2": 7599.9999718999607, "area_ha": 0.75999999718999611, "kelas_sawah": "unlabeled", "varietas": "unlabeled", "usia_fase": null, "overlap_ratio": 0.0, "is_ground_truth": false }, "geometry": { "type": "Polygon", "coordinates": [ [ [ 110.686484033544701, -7.627587538545465 ], [ 110.686574696571711, -7.627587604239261 ], [ 110.686574433248552, -7.627949427310073 ], [ 110.687299738138321, -7.627949952168744 ], [ 110.687300263562932, -7.627226305964239 ], [ 110.687209600598806, -7.627226240432139 ], [ 110.687209666292603, -7.627135784655453 ], [ 110.68648436277725, -7.62713525970695 ], [ 110.686484033544701, -7.627587538545465 ] ] ] } },
{ "type": "Feature", "properties": { "cluster_id": 558296100, "count": 83, "area_m2": 8300.0000070451642, "area_ha": 0.83000000070451641, "kelas_sawah": "unlabeled", "varietas": "unlabeled", "usia_fase": null, "overlap_ratio": 0.0, "is_ground_truth": false }, "geometry": { "type": "Polygon", "coordinates": [ [ [ 110.686486666884093, -7.623969307513955 ], [ 110.687302627344863, -7.623969897752013 ], [ 110.687303218121897, -7.623155795618109 ], [ 110.687212556020157, -7.623155730121941 ], [ 110.687212621678029, -7.623065274327288 ], [ 110.687121959594251, -7.623065208813155 ], [ 110.687121893918416, -7.623155664598825 ], [ 110.686940569705953, -7.623155533507675 ], [ 110.686940635417727, -7.623065077722005 ], [ 110.686668649175388, -7.62306488093706 ], [ 110.686668583400731, -7.623155336722728 ], [ 110.686577921307972, -7.623155271091814 ], [ 110.686577789722762, -7.623336182672135 ], [ 110.686487127585082, -7.623336117014271 ], [ 110.686486666884093, -7.623969307513955 ] ] ] } },
{ "type": "Feature", "properties": { "cluster_id": -746349476, "count": 50, "area_m2": 5000.0000254466431, "area_ha": 0.50000000254466426, "kelas_sawah": "unlabeled", "varietas": "unlabeled", "usia_fase": null, "overlap_ratio": 0.0, "is_ground_truth": false }, "geometry": { "type": "Polygon", "coordinates": [ [ [ 110.686568109504208, -7.636633179266819 ], [ 110.687384093976945, -7.636633770322343 ], [ 110.687384291193069, -7.636362403109065 ], [ 110.687293626306555, -7.636362337514083 ], [ 110.687293823567614, -7.636090970291823 ], [ 110.686659169784193, -7.63609051061491 ], [ 110.686659103892765, -7.63618096634668 ], [ 110.686568439051172, -7.636180900607967 ], [ 110.686568109504208, -7.636633179266819 ] ] ] } },
{ "type": "Feature", "properties": { "cluster_id": 598449913, "count": 74, "area_m2": 7399.9999374354957, "area_ha": 0.73999999374354952, "kelas_sawah": "unlabeled", "varietas": "unlabeled", "usia_fase": null, "overlap_ratio": 0.0, "is_ground_truth": false }, "geometry": { "type": "Polygon", "coordinates": [ [ [ 110.686568439051172, -7.636180900607967 ], [ 110.686659103892765, -7.63618096634668 ], [ 110.686659169784193, -7.63609051061491 ], [ 110.687293823567614, -7.636090970291823 ], [ 110.687294086576358, -7.63572914732881 ], [ 110.687384751328125, -7.635729212923792 ], [ 110.68738494851732, -7.635457845692549 ], [ 110.68729428381944, -7.63545778010655 ], [ 110.687294415314838, -7.635276868625042 ], [ 110.68675042738812, -7.63527647471379 ], [ 110.686750361523636, -7.635366930445561 ], [ 110.686569032181794, -7.635366798995086 ], [ 110.686568439051172, -7.636180900607967 ] ] ] } },
{ "type": "Feature", "properties": { "cluster_id": -380909227, "count": 81, "area_m2": 8100.0000037328573, "area_ha": 0.81000000037328568, "kelas_sawah": "unlabeled", "varietas": "unlabeled", "usia_fase": null, "overlap_ratio": 0.0, "is_ground_truth": false }, "geometry": { "type": "Polygon", "coordinates": [ [ [ 110.686479553915873, -7.633738529922811 ], [ 110.687023539893246, -7.633738924103557 ], [ 110.68702360567687, -7.633648468353821 ], [ 110.687386262932236, -7.633648730751716 ], [ 110.6873867229056, -7.633015540485593 ], [ 110.687296058719767, -7.633015474917561 ], [ 110.687296124449503, -7.632925019167824 ], [ 110.686570811178441, -7.63292449395881 ], [ 110.686570547657652, -7.633286316948773 ], [ 110.686479883426898, -7.633286251210061 ], [ 110.686479553915873, -7.633738529922811 ] ] ] } },
{ "type": "Feature", "properties": { "cluster_id": 1881871310, "count": 71, "area_m2": 7100.000003723253, "area_ha": 0.71000000037232536, "kelas_sawah": "unlabeled", "varietas": "unlabeled", "usia_fase": null, "overlap_ratio": 0.0, "is_ground_truth": false }, "geometry": { "type": "Polygon", "coordinates": [ [ [ 110.686481333038273, -7.631296224733823 ], [ 110.686571996846808, -7.631296290454569 ], [ 110.686572062711292, -7.631205834704832 ], [ 110.687388036889331, -7.631206425338148 ], [ 110.687388168267944, -7.631025513811726 ], [ 110.687297504504315, -7.631025448261659 ], [ 110.687297570216089, -7.630934992502939 ], [ 110.687388233961741, -7.630935058053006 ], [ 110.687388299646557, -7.630844602294286 ], [ 110.687297635927848, -7.630844536744219 ], [ 110.687297898747943, -7.630482713691374 ], [ 110.686572589591165, -7.630482188662024 ], [ 110.686572260295733, -7.630934467437656 ], [ 110.686481596559062, -7.630934401716909 ], [ 110.686481333038273, -7.631296224733823 ] ] ] } },
{ "type": "Feature", "properties": { "cluster_id": 2109313858, "count": 75, "area_m2": 7500.0000191791332, "area_ha": 0.75000000191791327, "kelas_sawah": "unlabeled", "varietas": "unlabeled", "usia_fase": null, "overlap_ratio": 0.0, "is_ground_truth": false }, "geometry": { "type": "Polygon", "coordinates": [ [ [ 110.6864825187875, -7.629668021121783 ], [ 110.686935836150354, -7.629668349473985 ], [ 110.686935901916016, -7.629577893706283 ], [ 110.687207892290601, -7.629578090482245 ], [ 110.68720782656986, -7.629668546249948 ], [ 110.687298490046018, -7.629668611808998 ], [ 110.687299081281211, -7.628854509890688 ], [ 110.686483111567796, -7.628853919266356 ], [ 110.686483045712293, -7.628944375034059 ], [ 110.68657370902676, -7.628944440736839 ], [ 110.686573511496221, -7.629215808021981 ], [ 110.686482848118871, -7.629215742319201 ], [ 110.6864825187875, -7.629668021121783 ] ] ] } },
{ "type": "Feature", "properties": { "cluster_id": 1318383863, "count": 95, "area_m2": 9500.0000019348226, "area_ha": 0.9500000001934823, "kelas_sawah": "unlabeled", "varietas": "unlabeled", "usia_fase": null, "overlap_ratio": 0.0, "is_ground_truth": false }, "geometry": { "type": "Polygon", "coordinates": [ [ [ 110.686483111567796, -7.628853919266356 ], [ 110.687299081281211, -7.628854509890688 ], [ 110.687299212659809, -7.6286735983463 ], [ 110.68738987592937, -7.628673663878399 ], [ 110.687390007263062, -7.628492752334011 ], [ 110.687299344038422, -7.628492686810894 ], [ 110.687299409723238, -7.628402231034208 ], [ 110.687390072929901, -7.628402296557325 ], [ 110.687390335588319, -7.628040473468547 ], [ 110.687299672453506, -7.62804040794543 ], [ 110.687299738138321, -7.627949952168744 ], [ 110.686574433248552, -7.627949427310073 ], [ 110.686574367411012, -7.628039883077776 ], [ 110.686483704285195, -7.628039817383979 ], [ 110.686483111567796, -7.628853919266356 ] ] ] } },
{ "type": "Feature", "properties": { "cluster_id": 95937961, "count": 78, "area_m2": 7799.9999997564009, "area_ha": 0.77999999997564007, "kelas_sawah": "unlabeled", "varietas": "unlabeled", "usia_fase": null, "overlap_ratio": 0.0, "is_ground_truth": false }, "geometry": { "type": "Polygon", "coordinates": [ [ [ 110.68648436277725, -7.62713525970695 ], [ 110.687209666292603, -7.627135784655453 ], [ 110.687209600598806, -7.627226240432139 ], [ 110.687300263562932, -7.627226305964239 ], [ 110.687300591924114, -7.626774027071826 ], [ 110.687391254798413, -7.62677409258596 ], [ 110.687391517393934, -7.626412269470232 ], [ 110.687300854609475, -7.626412203956098 ], [ 110.687300920276328, -7.626321748179413 ], [ 110.687210257500851, -7.626321682647312 ], [ 110.687210191816035, -7.626412138432982 ], [ 110.68648488952239, -7.626411613529394 ], [ 110.68648436277725, -7.62713525970695 ] ] ] } },
{ "type": "Feature", "properties": { "cluster_id": 1933543685, "count": 90, "area_m2": 8999.9999575447873, "area_ha": 0.89999999575447875, "kelas_sawah": "unlabeled", "varietas": "unlabeled", "usia_fase": null, "overlap_ratio": 0.0, "is_ground_truth": false }, "geometry": { "type": "Polygon", "coordinates": [ [ [ 110.68648488952239, -7.626411613529394 ], [ 110.687210191816035, -7.626412138432982 ], [ 110.687210257500851, -7.626321682647312 ], [ 110.68739158304281, -7.626321813684563 ], [ 110.687391779980473, -7.626050446336539 ], [ 110.687301117267879, -7.626050380831388 ], [ 110.687301182934732, -7.625959925054702 ], [ 110.68739184562935, -7.625959990550869 ], [ 110.687392108197926, -7.625598167417175 ], [ 110.687301445584154, -7.625598101921008 ], [ 110.687301511242012, -7.625507646135339 ], [ 110.687029523445588, -7.625507449521073 ], [ 110.687029457724847, -7.625597905297758 ], [ 110.686485482042158, -7.625597511557187 ], [ 110.68648488952239, -7.626411613529394 ] ] ] } },
{ "type": "Feature", "properties": { "cluster_id": 248317976, "count": 84, "area_m2": 8399.9999853543704, "area_ha": 0.83999999853543705, "kelas_sawah": "unlabeled", "varietas": "unlabeled", "usia_fase": null, "overlap_ratio": 0.0, "is_ground_truth": false }, "geometry": { "type": "Polygon", "coordinates": [ [ [ 110.686485482042158, -7.625597511557187 ], [ 110.687029457724847, -7.625597905297758 ], [ 110.687029523445588, -7.625507449521073 ], [ 110.687301511242012, -7.625507646135339 ], [ 110.687302102144827, -7.624693544064316 ], [ 110.6866674651599, -7.624693085079105 ], [ 110.686667399376276, -7.624783540855791 ], [ 110.686486074490077, -7.624783409549046 ], [ 110.68648581118488, -7.625145232664774 ], [ 110.686576473708826, -7.625145298331621 ], [ 110.686576407898258, -7.625235754108306 ], [ 110.686485745356336, -7.625235688441459 ], [ 110.686485482042158, -7.625597511557187 ] ] ] } },
{ "type": "Feature", "properties": { "cluster_id": 1357964542, "count": 71, "area_m2": 7099.9999965465395, "area_ha": 0.70999999965465399, "kelas_sawah": "unlabeled", "varietas": "unlabeled", "usia_fase": null, "overlap_ratio": 0.0, "is_ground_truth": false }, "geometry": { "type": "Polygon", "coordinates": [ [ [ 110.686486074490077, -7.624783409549046 ], [ 110.686667399376276, -7.624783540855791 ], [ 110.6866674651599, -7.624693085079105 ], [ 110.687302102144827, -7.624693544064316 ], [ 110.687302627344863, -7.623969897752013 ], [ 110.686486666884093, -7.623969307513955 ], [ 110.68648660106453, -7.624059763290642 ], [ 110.68657726335492, -7.624059828957489 ], [ 110.686577065950132, -7.624331196305514 ], [ 110.686486403605841, -7.624331130638666 ], [ 110.686486074490077, -7.624783409549046 ] ] ] } },
{ "type": "Feature", "properties": { "cluster_id": 508466314, "count": 80, "area_m2": 8000.0000525810174, "area_ha": 0.80000000525810178, "kelas_sawah": "unlabeled", "varietas": "unlabeled", "usia_fase": null, "overlap_ratio": 0.0, "is_ground_truth": false }, "geometry": { "type": "Polygon", "coordinates": [ [ [ 110.6864878514655, -7.622341103344961 ], [ 110.686941161111818, -7.62234143137377 ], [ 110.686941226814611, -7.622250975579118 ], [ 110.687031888727702, -7.622251041129184 ], [ 110.687031823042886, -7.622341496923836 ], [ 110.687303808845044, -7.622341693457254 ], [ 110.68730446511826, -7.621437135465815 ], [ 110.68657917118793, -7.621436611056302 ], [ 110.686578579171211, -7.62225071319919 ], [ 110.686487917267101, -7.622250647559292 ], [ 110.6864878514655, -7.622341103344961 ] ] ] } },
{ "type": "Feature", "properties": { "cluster_id": 280113085, "count": 86, "area_m2": 8600.0000109581742, "area_ha": 0.86000000109581742, "kelas_sawah": "unlabeled", "varietas": "unlabeled", "usia_fase": null, "overlap_ratio": 0.0, "is_ground_truth": false }, "geometry": { "type": "Polygon", "coordinates": [ [ [ 110.686489627848047, -7.619898796871381 ], [ 110.687305580601262, -7.619899386786045 ], [ 110.687305843035091, -7.619537563553537 ], [ 110.687396504382249, -7.619537629004789 ], [ 110.687396832312245, -7.619085349950678 ], [ 110.687306171063909, -7.61908528450841 ], [ 110.687306236658884, -7.618994828695791 ], [ 110.686580946842838, -7.618994304456958 ], [ 110.68658035502375, -7.619808406689677 ], [ 110.686489693631671, -7.619808341067746 ], [ 110.686489627848047, -7.619898796871381 ] ] ] } },
{ "type": "Feature", "properties": { "cluster_id": 2140743616, "count": 80, "area_m2": 7999.999971681973, "area_ha": 0.79999999716819725, "kelas_sawah": "unlabeled", "varietas": "unlabeled", "usia_fase": null, "overlap_ratio": 0.0, "is_ground_truth": false }, "geometry": { "type": "MultiPolygon", "coordinates": [ [ [ [ 110.686580946842838, -7.618994304456958 ], [ 110.687215575437492, -7.618994763235556 ], [ 110.687215641050443, -7.618904307422937 ], [ 110.687306302262854, -7.618904372883173 ], [ 110.687306564660744, -7.618542549632698 ], [ 110.687397225801291, -7.618542615074967 ], [ 110.687397356955316, -7.618361703440746 ], [ 110.687306695859689, -7.61836163800746 ], [ 110.687306827049653, -7.618180726382223 ], [ 110.686490877548337, -7.618180136593324 ], [ 110.686490482936406, -7.618722871433103 ], [ 110.686581144103897, -7.618722937046051 ], [ 110.686580946842838, -7.618994304456958 ] ] ], [ [ [ 110.686580946842838, -7.618994304456958 ], [ 110.686490285621446, -7.618994238844009 ], [ 110.686490219846803, -7.619084694647645 ], [ 110.686580881086158, -7.619084760269576 ], [ 110.686580946842838, -7.618994304456958 ] ] ] ] } },
{ "type": "Feature", "properties": { "cluster_id": -932280070, "count": 79, "area_m2": 7900.0000226061093, "area_ha": 0.79000000226061096, "kelas_sawah": "unlabeled", "varietas": "unlabeled", "usia_fase": null, "overlap_ratio": 0.0, "is_ground_truth": false }, "geometry": { "type": "Polygon", "coordinates": [ [ [ 110.686490877548337, -7.618180136593324 ], [ 110.687306827049653, -7.618180726382223 ], [ 110.687307417368558, -7.617366624032723 ], [ 110.686491469403364, -7.617366034306706 ], [ 110.686491206367663, -7.617727857548196 ], [ 110.686581867319561, -7.617727923152162 ], [ 110.686581801580843, -7.61781837896478 ], [ 110.686491140602001, -7.617818313360815 ], [ 110.686491074845321, -7.617908769164451 ], [ 110.686581735833158, -7.617908834777399 ], [ 110.686581670094441, -7.617999290581035 ], [ 110.68649100907966, -7.617999224977069 ], [ 110.686490877548337, -7.618180136593324 ] ] ] } },
{ "type": "Feature", "properties": { "cluster_id": -1871107768, "count": 83, "area_m2": 8300.0000326533336, "area_ha": 0.83000000326533341, "kelas_sawah": "unlabeled", "varietas": "unlabeled", "usia_fase": null, "overlap_ratio": 0.0, "is_ground_truth": false }, "geometry": { "type": "Polygon", "coordinates": [ [ [ 110.686491469403364, -7.617366034306706 ], [ 110.687307417368558, -7.617366624032723 ], [ 110.687307548540559, -7.617185712389519 ], [ 110.687398209393649, -7.617185777822804 ], [ 110.687398537215842, -7.616733498714796 ], [ 110.687307876461574, -7.616733433290493 ], [ 110.687308007624594, -7.61655252164729 ], [ 110.686854704050873, -7.616552194256284 ], [ 110.686854638375053, -7.616642650068903 ], [ 110.686763977638748, -7.616642584536804 ], [ 110.686764043332545, -7.616552128715202 ], [ 110.686673382623198, -7.616552063165135 ], [ 110.686673316911424, -7.616642518977754 ], [ 110.68649199544781, -7.616642387805756 ], [ 110.686491469403364, -7.617366034306706 ] ] ] } },
{ "type": "Feature", "properties": { "cluster_id": 758469385, "count": 76, "area_m2": 7600.0000020081643, "area_ha": 0.76000000020081648, "kelas_sawah": "unlabeled", "varietas": "unlabeled", "usia_fase": null, "overlap_ratio": 0.0, "is_ground_truth": false }, "geometry": { "type": "Polygon", "coordinates": [ [ [ 110.68649199544781, -7.616642387805756 ], [ 110.686673316911424, -7.616642518977754 ], [ 110.686673382623198, -7.616552063165135 ], [ 110.686764043332545, -7.616552128715202 ], [ 110.686763977638748, -7.616642584536804 ], [ 110.686854638375053, -7.616642650068903 ], [ 110.686854704050873, -7.616552194256284 ], [ 110.687308007624594, -7.61655252164729 ], [ 110.6873081387876, -7.616371610004086 ], [ 110.687398799461022, -7.616371675428389 ], [ 110.687398996138171, -7.6161003079546 ], [ 110.687308335518651, -7.616100242539281 ], [ 110.687308597817733, -7.615738419243891 ], [ 110.686855295097416, -7.615738091879835 ], [ 110.686855229430577, -7.615828547701437 ], [ 110.686492587186052, -7.615828285465239 ], [ 110.686492521447335, -7.615918741286841 ], [ 110.686583182021948, -7.615918806872839 ], [ 110.686582721913837, -7.616551997588119 ], [ 110.68649206120449, -7.616551931993137 ], [ 110.68649199544781, -7.616642387805756 ] ] ] } },
{ "type": "Feature", "properties": { "cluster_id": -1825295977, "count": 87, "area_m2": 8700.00000645814, "area_ha": 0.87000000064581395, "kelas_sawah": "unlabeled", "varietas": "unlabeled", "usia_fase": null, "overlap_ratio": 0.0, "is_ground_truth": false }, "geometry": { "type": "Polygon", "coordinates": [ [ [ 110.686493178861411, -7.615014183088789 ], [ 110.686674499633327, -7.615014314233837 ], [ 110.686674565336105, -7.614923858412236 ], [ 110.686946546449064, -7.614924054981586 ], [ 110.686946480809169, -7.615014510803188 ], [ 110.687309122370976, -7.61501477262616 ], [ 110.687309384634119, -7.614652949312804 ], [ 110.687400044957201, -7.614653014719139 ], [ 110.687400372662609, -7.614200735566214 ], [ 110.687309712438349, -7.614200670159879 ], [ 110.687309777997399, -7.614110214329294 ], [ 110.686856476992872, -7.614109887037103 ], [ 110.686856411335015, -7.614200342867688 ], [ 110.68658443068918, -7.614200146262405 ], [ 110.686584364977406, -7.614290602084007 ], [ 110.686493704735184, -7.614290536515974 ], [ 110.686493178861411, -7.615014183088789 ] ] ] } },
{ "type": "Feature", "properties": { "cluster_id": 173436575, "count": 80, "area_m2": 7999.9999749593553, "area_ha": 0.79999999749593553, "kelas_sawah": "unlabeled", "varietas": "unlabeled", "usia_fase": null, "overlap_ratio": 0.0, "is_ground_truth": false }, "geometry": { "type": "Polygon", "coordinates": [ [ [ 110.686494230564037, -7.613566889907228 ], [ 110.686584890644568, -7.61356695547526 ], [ 110.68658449640094, -7.614109690440803 ], [ 110.686675156598255, -7.61410975599087 ], [ 110.686675090904458, -7.614200211812472 ], [ 110.686856411335015, -7.614200342867688 ], [ 110.686856476992872, -7.614109887037103 ], [ 110.687309777997399, -7.614110214329294 ], [ 110.687310105783666, -7.613657935167386 ], [ 110.687400765891141, -7.613658000564739 ], [ 110.687400962496426, -7.613386633064001 ], [ 110.687310302442839, -7.613386567666648 ], [ 110.687310367992907, -7.61329611182708 ], [ 110.686494427735255, -7.613295522424456 ], [ 110.686494230564037, -7.613566889907228 ] ] ] } },
{ "type": "Feature", "properties": { "cluster_id": 249911491, "count": 4, "area_m2": 400.00001156353375, "area_ha": 0.040000001156353375, "kelas_sawah": "unlabeled", "varietas": "unlabeled", "usia_fase": null, "overlap_ratio": 0.0, "is_ground_truth": false }, "geometry": { "type": "Polygon", "coordinates": [ [ [ 110.68694825287082, -7.61257220339536 ], [ 110.68731089238446, -7.612572465137484 ], [ 110.687310957925547, -7.612482009297916 ], [ 110.686948318483772, -7.612481747555792 ], [ 110.68694825287082, -7.61257220339536 ] ] ] } },
{ "type": "Feature", "properties": { "cluster_id": -1092428301, "count": 84, "area_m2": 8399.9999795554322, "area_ha": 0.83999999795554325, "kelas_sawah": "unlabeled", "varietas": "unlabeled", "usia_fase": null, "overlap_ratio": 0.0, "is_ground_truth": false }, "geometry": { "type": "Polygon", "coordinates": [ [ [ 110.686479026658702, -7.634462175857822 ], [ 110.687023013543367, -7.634462570065518 ], [ 110.687022947750762, -7.634553025815254 ], [ 110.687385605769691, -7.634553288240098 ], [ 110.687385868643702, -7.634191465250135 ], [ 110.687476533072072, -7.634191530809185 ], [ 110.687476664468647, -7.634010619309711 ], [ 110.687386000076202, -7.634010553750662 ], [ 110.687386262932236, -7.633648730751716 ], [ 110.68702360567687, -7.633648468353821 ], [ 110.687023539893246, -7.633738924103557 ], [ 110.686570218245436, -7.633738595670507 ], [ 110.686569822914848, -7.63428133012401 ], [ 110.686479158477482, -7.634281264376315 ], [ 110.686479026658702, -7.634462175857822 ] ] ] } },
{ "type": "Feature", "properties": { "cluster_id": 992683572, "count": 87, "area_m2": 8699.9998995021451, "area_ha": 0.86999998995021455, "kelas_sawah": "unlabeled", "varietas": "unlabeled", "usia_fase": null, "overlap_ratio": 0.0, "is_ground_truth": false }, "geometry": { "type": "Polygon", "coordinates": [ [ [ 110.686570811178441, -7.63292449395881 ], [ 110.687386788608379, -7.632925084726874 ], [ 110.687387445636176, -7.632020527175609 ], [ 110.68684346181476, -7.632020133542834 ], [ 110.686843396004178, -7.632110589301554 ], [ 110.686571404048564, -7.632110392229147 ], [ 110.686570811178441, -7.63292449395881 ] ] ] } },
{ "type": "Feature", "properties": { "cluster_id": 708970134, "count": 87, "area_m2": 8700.0000124657527, "area_ha": 0.87000000124657528, "kelas_sawah": "unlabeled", "varietas": "unlabeled", "usia_fase": null, "overlap_ratio": 0.0, "is_ground_truth": false }, "geometry": { "type": "Polygon", "coordinates": [ [ [ 110.686480740060361, -7.632110326499418 ], [ 110.686843396004178, -7.632110589301554 ], [ 110.68684346181476, -7.632020133542834 ], [ 110.68729678166595, -7.632020461616559 ], [ 110.68729691309845, -7.63183955009912 ], [ 110.687387577032752, -7.631839615658169 ], [ 110.687388036889331, -7.631206425338148 ], [ 110.686572062711292, -7.631205834704832 ], [ 110.686571996846808, -7.631296290454569 ], [ 110.686481333038273, -7.631296224733823 ], [ 110.686481135381968, -7.631567591992015 ], [ 110.686571799253386, -7.631567657712761 ], [ 110.686571535786499, -7.631929480720691 ], [ 110.686480871843202, -7.631929414999945 ], [ 110.686480740060361, -7.632110326499418 ] ] ] } },
{ "type": "Feature", "properties": { "cluster_id": 1024427883, "count": 75, "area_m2": 7499.9999397504143, "area_ha": 0.74999999397504147, "kelas_sawah": "unlabeled", "varietas": "unlabeled", "usia_fase": null, "overlap_ratio": 0.0, "is_ground_truth": false }, "geometry": { "type": "Polygon", "coordinates": [ [ [ 110.686579763141779, -7.620622508895448 ], [ 110.686942409410747, -7.620622771212493 ], [ 110.68694234371695, -7.620713227016129 ], [ 110.687033005306645, -7.620713292557212 ], [ 110.68703307098248, -7.620622836753577 ], [ 110.687123732554213, -7.62062290226771 ], [ 110.687123666896355, -7.620713358071345 ], [ 110.687304990084726, -7.620713489045714 ], [ 110.687305055697678, -7.620623033242079 ], [ 110.687395717269411, -7.62062309869333 ], [ 110.687396242020284, -7.61989945224628 ], [ 110.68658028926707, -7.619898862493312 ], [ 110.686579763141779, -7.620622508895448 ] ] ] } },
{ "type": "Feature", "properties": { "cluster_id": -155924729, "count": 71, "area_m2": 7100.0000157215982, "area_ha": 0.71000000157215981, "kelas_sawah": "unlabeled", "varietas": "unlabeled", "usia_fase": null, "overlap_ratio": 0.0, "is_ground_truth": false }, "geometry": { "type": "Polygon", "coordinates": [ [ [ 110.687300263562932, -7.627226305964239 ], [ 110.687390926527058, -7.627226371478373 ], [ 110.687390992184916, -7.627135915701687 ], [ 110.688116295763152, -7.627136439132037 ], [ 110.688116819759443, -7.626412792846683 ], [ 110.687754168567707, -7.626412531311171 ], [ 110.68775423414472, -7.626322075525501 ], [ 110.687572908593765, -7.626321944640964 ], [ 110.687572842980828, -7.626412400426634 ], [ 110.687391517393934, -7.626412269470232 ], [ 110.687391254798413, -7.62677409258596 ], [ 110.687300591924114, -7.626774027071826 ], [ 110.687300263562932, -7.627226305964239 ] ] ] } },
{ "type": "Feature", "properties": { "cluster_id": -264943253, "count": 5, "area_m2": 500.00002463202708, "area_ha": 0.050000002463202707, "kelas_sawah": "unlabeled", "varietas": "unlabeled", "usia_fase": null, "overlap_ratio": 0.0, "is_ground_truth": false }, "geometry": { "type": "Polygon", "coordinates": [ [ [ 110.68731089238446, -7.612572465137484 ], [ 110.687764191798962, -7.612572791890686 ], [ 110.687764257250222, -7.612482336042135 ], [ 110.687310957925547, -7.612482009297916 ], [ 110.68731089238446, -7.612572465137484 ] ] ] } },
{ "type": "Feature", "properties": { "cluster_id": 1065717128, "count": 81, "area_m2": 8099.9999897510861, "area_ha": 0.80999999897510866, "kelas_sawah": "unlabeled", "varietas": "unlabeled", "usia_fase": null, "overlap_ratio": 0.0, "is_ground_truth": false }, "geometry": { "type": "Polygon", "coordinates": [ [ [ 110.687297504504315, -7.631025448261659 ], [ 110.687388168267944, -7.631025513811726 ], [ 110.687387971195534, -7.631296881096867 ], [ 110.687841290310104, -7.631297208568721 ], [ 110.687841355905078, -7.631206752801019 ], [ 110.688022683513182, -7.631206883658606 ], [ 110.688022617963114, -7.631297339417325 ], [ 110.68811328178063, -7.631297404823662 ], [ 110.688113543935984, -7.63093558175285 ], [ 110.688204207690617, -7.630935647123253 ], [ 110.688204535261292, -7.630483368275756 ], [ 110.687932544302797, -7.630483172101663 ], [ 110.687932609870828, -7.630392716333961 ], [ 110.687841946232965, -7.630392650900676 ], [ 110.687841880646971, -7.630483106668379 ], [ 110.687297898747943, -7.630482713691374 ], [ 110.687297635927848, -7.630844536744219 ], [ 110.687388299646557, -7.630844602294286 ], [ 110.687388233961741, -7.630935058053006 ], [ 110.687297570216089, -7.630934992502939 ], [ 110.687297504504315, -7.631025448261659 ] ] ] } },
{ "type": "Feature", "properties": { "cluster_id": 1001465587, "count": 86, "area_m2": 8599.9999988058698, "area_ha": 0.85999999988058695, "kelas_sawah": "unlabeled", "varietas": "unlabeled", "usia_fase": null, "overlap_ratio": 0.0, "is_ground_truth": false }, "geometry": { "type": "Polygon", "coordinates": [ [ [ 110.687297898747943, -7.630482713691374 ], [ 110.687841880646971, -7.630483106668379 ], [ 110.687841946232965, -7.630392650900676 ], [ 110.687932609870828, -7.630392716333961 ], [ 110.687932544302797, -7.630483172101663 ], [ 110.688204535261292, -7.630483368275756 ], [ 110.688205124852558, -7.629669266321514 ], [ 110.687933134406109, -7.629669070165389 ], [ 110.687933199965158, -7.629578614388702 ], [ 110.687661209581577, -7.629578418070881 ], [ 110.687661143959659, -7.629668873838583 ], [ 110.687389153522176, -7.629668677341098 ], [ 110.687388759440253, -7.630211411938332 ], [ 110.687298095856292, -7.630211346397249 ], [ 110.687297898747943, -7.630482713691374 ] ] ] } },
{ "type": "Feature", "properties": { "cluster_id": 177986740, "count": 85, "area_m2": 8500.0000050014933, "area_ha": 0.85000000050014934, "kelas_sawah": "unlabeled", "varietas": "unlabeled", "usia_fase": null, "overlap_ratio": 0.0, "is_ground_truth": false }, "geometry": { "type": "Polygon", "coordinates": [ [ [ 110.687298490046018, -7.629668611808998 ], [ 110.687661143959659, -7.629668873838583 ], [ 110.687661209581577, -7.629578418070881 ], [ 110.687933199965158, -7.629578614388702 ], [ 110.687933134406109, -7.629669070165389 ], [ 110.688114461367419, -7.629669200951111 ], [ 110.68811452689053, -7.629578745174425 ], [ 110.688205190357706, -7.629578810544828 ], [ 110.688205452369331, -7.629216987438084 ], [ 110.688114788983, -7.629216922076663 ], [ 110.688114920020254, -7.629036010523292 ], [ 110.688205583370646, -7.629036075884712 ], [ 110.688205648875794, -7.628945620108025 ], [ 110.688114985543365, -7.628945554746606 ], [ 110.688115051057494, -7.628855098969919 ], [ 110.687933724437556, -7.628854968202163 ], [ 110.687933789996606, -7.628764512425477 ], [ 110.687752463412579, -7.628764381576874 ], [ 110.687752397817604, -7.628854837344576 ], [ 110.687299081281211, -7.628854509890688 ], [ 110.687298490046018, -7.629668611808998 ] ] ] } },
{ "type": "Feature", "properties": { "cluster_id": -473013846, "count": 84, "area_m2": 8399.9999910386396, "area_ha": 0.83999999910386391, "kelas_sawah": "unlabeled", "varietas": "unlabeled", "usia_fase": null, "overlap_ratio": 0.0, "is_ground_truth": false }, "geometry": { "type": "Polygon", "coordinates": [ [ [ 110.687299081281211, -7.628854509890688 ], [ 110.687752397817604, -7.628854837344576 ], [ 110.687752463412579, -7.628764381576874 ], [ 110.687933789996606, -7.628764512425477 ], [ 110.687933724437556, -7.628854968202163 ], [ 110.688115051057494, -7.628855098969919 ], [ 110.688115116580619, -7.628764643193233 ], [ 110.688205779877123, -7.628764708554653 ], [ 110.688206303828494, -7.628041062314216 ], [ 110.687934314415102, -7.628040866203006 ], [ 110.687934379956175, -7.62795041042632 ], [ 110.687662390605666, -7.62795021414443 ], [ 110.687662324992729, -7.628040669921116 ], [ 110.687390335588319, -7.628040473468547 ], [ 110.687390072929901, -7.628402296557325 ], [ 110.687299409723238, -7.628402231034208 ], [ 110.687299344038422, -7.628492686810894 ], [ 110.687390007263062, -7.628492752334011 ], [ 110.68738987592937, -7.628673663878399 ], [ 110.687299212659809, -7.6286735983463 ], [ 110.687299081281211, -7.628854509890688 ] ] ] } },
{ "type": "Feature", "properties": { "cluster_id": -1236385402, "count": 75, "area_m2": 7499.9999627348734, "area_ha": 0.74999999627348735, "kelas_sawah": "unlabeled", "varietas": "unlabeled", "usia_fase": null, "overlap_ratio": 0.0, "is_ground_truth": false }, "geometry": { "type": "Polygon", "coordinates": [ [ [ 110.687310302442839, -7.613386567666648 ], [ 110.687400962496426, -7.613386633064001 ], [ 110.687401028028532, -7.613296177224433 ], [ 110.688126308322438, -7.613296699693585 ], [ 110.688126831339559, -7.612573052950091 ], [ 110.687945511564777, -7.612572922451829 ], [ 110.687945576980084, -7.612482466612261 ], [ 110.687764257250222, -7.612482336042135 ], [ 110.687764191798962, -7.612572791890686 ], [ 110.68731089238446, -7.612572465137484 ], [ 110.687310302442839, -7.613386567666648 ] ] ] } },
{ "type": "Feature", "properties": { "cluster_id": -464444736, "count": 82, "area_m2": 8200.000061019382, "area_ha": 0.82000000610193824, "kelas_sawah": "unlabeled", "varietas": "unlabeled", "usia_fase": null, "overlap_ratio": 0.0, "is_ground_truth": false }, "geometry": { "type": "Polygon", "coordinates": [ [ [ 110.68729678166595, -7.632020461616559 ], [ 110.687387445636176, -7.632020527175609 ], [ 110.687387379942379, -7.632110982934329 ], [ 110.687840699910339, -7.632111310433132 ], [ 110.687840765505328, -7.632020854674412 ], [ 110.68811275744298, -7.632021050947318 ], [ 110.688112691892925, -7.632111506706038 ], [ 110.688203355899091, -7.632111572094407 ], [ 110.688203945616124, -7.631297470203048 ], [ 110.688022617963114, -7.631297339417325 ], [ 110.688022683513182, -7.631206883658606 ], [ 110.687841355905078, -7.631206752801019 ], [ 110.687841290310104, -7.631297208568721 ], [ 110.687387971195534, -7.631296881096867 ], [ 110.687387577032752, -7.631839615658169 ], [ 110.68729691309845, -7.63183955009912 ], [ 110.68729678166595, -7.632020461616559 ] ] ] } },
{ "type": "Feature", "properties": { "cluster_id": -1952271651, "count": 89, "area_m2": 8900.0000004796311, "area_ha": 0.89000000004796309, "kelas_sawah": "unlabeled", "varietas": "unlabeled", "usia_fase": null, "overlap_ratio": 0.0, "is_ground_truth": false }, "geometry": { "type": "Polygon", "coordinates": [ [ [ 110.687302627344863, -7.623969897752013 ], [ 110.688027925587107, -7.623970421110497 ], [ 110.688027991074279, -7.623879965315846 ], [ 110.688118653337725, -7.623880030650316 ], [ 110.688118915232565, -7.62351820745374 ], [ 110.688209577424132, -7.623518272770244 ], [ 110.68820983922015, -7.623156449564686 ], [ 110.688028514998706, -7.623156318922694 ], [ 110.68802858047691, -7.623065863128041 ], [ 110.687937918384151, -7.623065797784588 ], [ 110.687937852879003, -7.62315625357924 ], [ 110.68775652866654, -7.62315612282945 ], [ 110.687756594207627, -7.623065667034798 ], [ 110.687393945845571, -7.623065405301658 ], [ 110.687393880232619, -7.623155861096309 ], [ 110.687303218121897, -7.623155795618109 ], [ 110.687302627344863, -7.623969897752013 ] ] ] } },
{ "type": "Feature", "properties": { "cluster_id": 1169674920, "count": 77, "area_m2": 7700.0000430535874, "area_ha": 0.77000000430535875, "kelas_sawah": "unlabeled", "varietas": "unlabeled", "usia_fase": null, "overlap_ratio": 0.0, "is_ground_truth": false }, "geometry": { "type": "Polygon", "coordinates": [ [ [ 110.687393945845571, -7.623065405301658 ], [ 110.687756594207627, -7.623065667034798 ], [ 110.68775652866654, -7.62315612282945 ], [ 110.687937852879003, -7.62315625357924 ], [ 110.687937918384151, -7.623065797784588 ], [ 110.68802858047691, -7.623065863128041 ], [ 110.688028514998706, -7.623156318922694 ], [ 110.688119177109428, -7.623156384257165 ], [ 110.688119242578651, -7.62306592845353 ], [ 110.68820990467141, -7.623065993761051 ], [ 110.688210428227521, -7.622342347331966 ], [ 110.688029104338455, -7.622342216707941 ], [ 110.688029169816659, -7.622251760904305 ], [ 110.68784784598148, -7.622251630208415 ], [ 110.68784778045837, -7.622342086012051 ], [ 110.687394470776113, -7.622341758926472 ], [ 110.687393945845571, -7.623065405301658 ] ] ] } },
{ "type": "Feature", "properties": { "cluster_id": 47021257, "count": 87, "area_m2": 8699.999993632955, "area_ha": 0.86999999936329553, "kelas_sawah": "unlabeled", "varietas": "unlabeled", "usia_fase": null, "overlap_ratio": 0.0, "is_ground_truth": false }, "geometry": { "type": "Polygon", "coordinates": [ [ [ 110.687303808845044, -7.622341693457254 ], [ 110.68784778045837, -7.622342086012051 ], [ 110.68784784598148, -7.622251630208415 ], [ 110.688029169816659, -7.622251760904305 ], [ 110.688029104338455, -7.622342216707941 ], [ 110.688119766287471, -7.622342282033428 ], [ 110.68812009357967, -7.621890003006268 ], [ 110.688210755420897, -7.621890068304806 ], [ 110.688211017163027, -7.621528245072297 ], [ 110.688029693624287, -7.621528114457255 ], [ 110.68802975909351, -7.62143765865362 ], [ 110.687848435599705, -7.621437527966712 ], [ 110.687848370085561, -7.62152798377933 ], [ 110.687757708316198, -7.621527918408927 ], [ 110.687757773848304, -7.621437462596309 ], [ 110.687576450354484, -7.621437331801603 ], [ 110.687576384786453, -7.621527787605239 ], [ 110.687304399496327, -7.621527591269451 ], [ 110.687303808845044, -7.622341693457254 ] ] ] } },
{ "type": "Feature", "properties": { "cluster_id": 882801572, "count": 52, "area_m2": 5199.9999517406104, "area_ha": 0.51999999517406104, "kelas_sawah": "unlabeled", "varietas": "unlabeled", "usia_fase": null, "overlap_ratio": 0.0, "is_ground_truth": false }, "geometry": { "type": "Polygon", "coordinates": [ [ [ 110.687293626306555, -7.636362337514083 ], [ 110.687384291193069, -7.636362403109065 ], [ 110.687384093976945, -7.636633770322343 ], [ 110.688200078512551, -7.636634359841748 ], [ 110.688200406334758, -7.636182081111031 ], [ 110.688109741484169, -7.636182015686729 ], [ 110.688109807061181, -7.636091559945976 ], [ 110.687656482889111, -7.63609123255497 ], [ 110.687656417213276, -7.636181688295724 ], [ 110.687293757810934, -7.636181426032577 ], [ 110.687293626306555, -7.636362337514083 ] ] ] } },
{ "type": "Feature", "properties": { "cluster_id": -1604758784, "count": 84, "area_m2": 8400.0000095463474, "area_ha": 0.84000000095463478, "kelas_sawah": "unlabeled", "varietas": "unlabeled", "usia_fase": null, "overlap_ratio": 0.0, "is_ground_truth": false }, "geometry": { "type": "Polygon", "coordinates": [ [ [ 110.687293757810934, -7.636181426032577 ], [ 110.687656417213276, -7.636181688295724 ], [ 110.687656482889111, -7.63609123255497 ], [ 110.688109807061181, -7.636091559945976 ], [ 110.688110069387207, -7.635729736947029 ], [ 110.688200734147969, -7.635729802371332 ], [ 110.688200996375173, -7.635367979372385 ], [ 110.68811033169527, -7.635367913957066 ], [ 110.688110397272283, -7.63527745820733 ], [ 110.687475744629737, -7.635276999770091 ], [ 110.687475678926958, -7.635367455519828 ], [ 110.687294349567139, -7.635367324365796 ], [ 110.68729428381944, -7.63545778010655 ], [ 110.68738494851732, -7.635457845692549 ], [ 110.687384751328125, -7.635729212923792 ], [ 110.687294086576358, -7.63572914732881 ], [ 110.687293757810934, -7.636181426032577 ] ] ] } },
{ "type": "Feature", "properties": { "cluster_id": -1497355143, "count": 81, "area_m2": 8100.0000397110125, "area_ha": 0.81000000397110128, "kelas_sawah": "unlabeled", "varietas": "unlabeled", "usia_fase": null, "overlap_ratio": 0.0, "is_ground_truth": false }, "geometry": { "type": "Polygon", "coordinates": [ [ [ 110.687294349567139, -7.635367324365796 ], [ 110.687475678926958, -7.635367455519828 ], [ 110.687475744629737, -7.635276999770091 ], [ 110.688019732601362, -7.635277392774045 ], [ 110.688019798196351, -7.635186937024308 ], [ 110.688110462840328, -7.635187002457593 ], [ 110.688110987411534, -7.634463356432751 ], [ 110.687385671490446, -7.634462832490362 ], [ 110.687385605769691, -7.634553288240098 ], [ 110.687294941260475, -7.634553222663082 ], [ 110.687294349567139, -7.635367324365796 ] ] ] } },
{ "type": "Feature", "properties": { "cluster_id": 105305735, "count": 73, "area_m2": 7299.9999985122122, "area_ha": 0.72999999985122122, "kelas_sawah": "unlabeled", "varietas": "unlabeled", "usia_fase": null, "overlap_ratio": 0.0, "is_ground_truth": false }, "geometry": { "type": "Polygon", "coordinates": [ [ [ 110.687385671490446, -7.634462832490362 ], [ 110.688110987411534, -7.634463356432751 ], [ 110.688111052979565, -7.634372900683014 ], [ 110.688201717452856, -7.634372966089351 ], [ 110.688202176267396, -7.633739775796278 ], [ 110.688111511928838, -7.633739710389943 ], [ 110.688111577487888, -7.633649254631223 ], [ 110.687748920205578, -7.633648992844183 ], [ 110.687748854565683, -7.633739448602903 ], [ 110.687386197220476, -7.633739186501452 ], [ 110.687386000076202, -7.634010553750662 ], [ 110.687476664468647, -7.634010619309711 ], [ 110.687476533072072, -7.634191530809185 ], [ 110.687385868643702, -7.634191465250135 ], [ 110.687385671490446, -7.634462832490362 ] ] ] } },
{ "type": "Feature", "properties": { "cluster_id": -1264319127, "count": 80, "area_m2": 8000.0000037191785, "area_ha": 0.80000000037191787, "kelas_sawah": "unlabeled", "varietas": "unlabeled", "usia_fase": null, "overlap_ratio": 0.0, "is_ground_truth": false }, "geometry": { "type": "Polygon", "coordinates": [ [ [ 110.687296058719767, -7.633015474917561 ], [ 110.6873867229056, -7.633015540485593 ], [ 110.687386197220476, -7.633739186501452 ], [ 110.687748854565683, -7.633739448602903 ], [ 110.687748920205578, -7.633648992844183 ], [ 110.688111577487888, -7.633649254631223 ], [ 110.688111643046938, -7.633558798881486 ], [ 110.688202307349556, -7.633558864278839 ], [ 110.688202766110194, -7.632925673958818 ], [ 110.688112101942323, -7.632925608561465 ], [ 110.688112167492392, -7.632835152802746 ], [ 110.687749510901767, -7.632834891042655 ], [ 110.687749445270853, -7.632925346801374 ], [ 110.687296124449503, -7.632925019167824 ], [ 110.687296058719767, -7.633015474917561 ] ] ] } },
{ "type": "Feature", "properties": { "cluster_id": -938912980, "count": 71, "area_m2": 7099.9999468817259, "area_ha": 0.70999999468817254, "kelas_sawah": "unlabeled", "varietas": "unlabeled", "usia_fase": null, "overlap_ratio": 0.0, "is_ground_truth": false }, "geometry": { "type": "Polygon", "coordinates": [ [ [ 110.687386788608379, -7.632925084726874 ], [ 110.687749445270853, -7.632925346801374 ], [ 110.687749510901767, -7.632834891042655 ], [ 110.688112167492392, -7.632835152802746 ], [ 110.68811275744298, -7.632021050947318 ], [ 110.687840765505328, -7.632020854674412 ], [ 110.687840699910339, -7.632111310433132 ], [ 110.687387379942379, -7.632110982934329 ], [ 110.687386788608379, -7.632925084726874 ] ] ] } },
{ "type": "Feature", "properties": { "cluster_id": -1540215453, "count": 84, "area_m2": 8400.0000752287451, "area_ha": 0.84000000752287451, "kelas_sawah": "unlabeled", "varietas": "unlabeled", "usia_fase": null, "overlap_ratio": 0.0, "is_ground_truth": false }, "geometry": { "type": "Polygon", "coordinates": [ [ [ 110.687299672453506, -7.62804040794543 ], [ 110.687662324992729, -7.628040669921116 ], [ 110.687662390605666, -7.62795021414443 ], [ 110.687934379956175, -7.62795041042632 ], [ 110.687934314415102, -7.628040866203006 ], [ 110.688024977549901, -7.628040931591376 ], [ 110.688025108605117, -7.62786002002902 ], [ 110.688115771712972, -7.627860085399424 ], [ 110.688116295763152, -7.627136439132037 ], [ 110.687390992184916, -7.627135915701687 ], [ 110.687390926527058, -7.627226371478373 ], [ 110.687300263562932, -7.627226305964239 ], [ 110.687299672453506, -7.62804040794543 ] ] ] } },
{ "type": "Feature", "properties": { "cluster_id": -81100110, "count": 80, "area_m2": 8000.0000302109402, "area_ha": 0.80000000302109397, "kelas_sawah": "unlabeled", "varietas": "unlabeled", "usia_fase": null, "overlap_ratio": 0.0, "is_ground_truth": false }, "geometry": { "type": "Polygon", "coordinates": [ [ [ 110.687300854609475, -7.626412203956098 ], [ 110.687572842980828, -7.626412400426634 ], [ 110.687572908593765, -7.626321944640964 ], [ 110.68775423414472, -7.626322075525501 ], [ 110.687754168567707, -7.626412531311171 ], [ 110.688116819759443, -7.626412792846683 ], [ 110.688116950742796, -7.626231881275344 ], [ 110.688207613509292, -7.626231946609815 ], [ 110.688207875404132, -7.625870123449172 ], [ 110.688117212718481, -7.625870058114701 ], [ 110.688117474676204, -7.625508234954058 ], [ 110.687754824257013, -7.625507973445496 ], [ 110.687754758688982, -7.625598429231165 ], [ 110.687392108197926, -7.625598167417175 ], [ 110.68739184562935, -7.625959990550869 ], [ 110.687301182934732, -7.625959925054702 ], [ 110.687301117267879, -7.626050380831388 ], [ 110.687391779980473, -7.626050446336539 ], [ 110.68739158304281, -7.626321813684563 ], [ 110.687300920276328, -7.626321748179413 ], [ 110.687300854609475, -7.626412203956098 ] ] ] } },
{ "type": "Feature", "properties": { "cluster_id": 939025353, "count": 77, "area_m2": 7699.9999617299181, "area_ha": 0.76999999617299186, "kelas_sawah": "unlabeled", "varietas": "unlabeled", "usia_fase": null, "overlap_ratio": 0.0, "is_ground_truth": false }, "geometry": { "type": "Polygon", "coordinates": [ [ [ 110.687301445584154, -7.625598101921008 ], [ 110.687754758688982, -7.625598429231165 ], [ 110.687754824257013, -7.625507973445496 ], [ 110.688117474676204, -7.625508234954058 ], [ 110.688117998564692, -7.624784588614806 ], [ 110.68730203649595, -7.624783999849986 ], [ 110.687301445584154, -7.625598101921008 ] ] ] } },
{ "type": "Feature", "properties": { "cluster_id": 623913302, "count": 81, "area_m2": 8100.0000234038453, "area_ha": 0.8100000023403845, "kelas_sawah": "unlabeled", "varietas": "unlabeled", "usia_fase": null, "overlap_ratio": 0.0, "is_ground_truth": false }, "geometry": { "type": "Polygon", "coordinates": [ [ [ 110.68730203649595, -7.624783999849986 ], [ 110.688117998564692, -7.624784588614806 ], [ 110.688118587868502, -7.623970486444969 ], [ 110.687302627344863, -7.623969897752013 ], [ 110.68730203649595, -7.624783999849986 ] ] ] } },
{ "type": "Feature", "properties": { "cluster_id": -639759655, "count": 78, "area_m2": 7799.9999976073741, "area_ha": 0.77999999976073742, "kelas_sawah": "unlabeled", "varietas": "unlabeled", "usia_fase": null, "overlap_ratio": 0.0, "is_ground_truth": false }, "geometry": { "type": "Polygon", "coordinates": [ [ [ 110.687304399496327, -7.621527591269451 ], [ 110.687576384786453, -7.621527787605239 ], [ 110.687576450354484, -7.621437331801603 ], [ 110.687757773848304, -7.621437462596309 ], [ 110.687757708316198, -7.621527918408927 ], [ 110.687848370085561, -7.62152798377933 ], [ 110.687848435599705, -7.621437527966712 ], [ 110.68802975909351, -7.62143765865362 ], [ 110.688029693624287, -7.621528114457255 ], [ 110.688120355393664, -7.621528179773759 ], [ 110.688120420844911, -7.621437723970124 ], [ 110.688211082596311, -7.621437789259679 ], [ 110.688211475187032, -7.620895054401933 ], [ 110.688120813543435, -7.620894989112379 ], [ 110.68812094443696, -7.620714077487141 ], [ 110.687304990084726, -7.620713489045714 ], [ 110.687304924462808, -7.620803944849349 ], [ 110.687395586070465, -7.620804010309584 ], [ 110.687395258068605, -7.621256289327762 ], [ 110.687304596362125, -7.621256223858544 ], [ 110.687304399496327, -7.621527591269451 ] ] ] } },
{ "type": "Feature", "properties": { "cluster_id": -995568383, "count": 80, "area_m2": 8000.0000199401984, "area_ha": 0.80000000199401988, "kelas_sawah": "unlabeled", "varietas": "unlabeled", "usia_fase": null, "overlap_ratio": 0.0, "is_ground_truth": false }, "geometry": { "type": "Polygon", "coordinates": [ [ [ 110.687304990084726, -7.620713489045714 ], [ 110.688211606044618, -7.620714142776696 ], [ 110.688212064005754, -7.620080952079382 ], [ 110.688121402541825, -7.62008088679881 ], [ 110.688121533426354, -7.619899975173573 ], [ 110.687396242020284, -7.61989945224628 ], [ 110.687395717269411, -7.62062309869333 ], [ 110.687305055697678, -7.620623033242079 ], [ 110.687304990084726, -7.620713489045714 ] ] ] } },
{ "type": "Feature", "properties": { "cluster_id": 1199170359, "count": 88, "area_m2": 8799.9999827149441, "area_ha": 0.87999999827149444, "kelas_sawah": "unlabeled", "varietas": "unlabeled", "usia_fase": null, "overlap_ratio": 0.0, "is_ground_truth": false }, "geometry": { "type": "Polygon", "coordinates": [ [ [ 110.687305580601262, -7.619899386786045 ], [ 110.688121533426354, -7.619899975173573 ], [ 110.688121664301903, -7.619719063539352 ], [ 110.688212325685001, -7.619719128819924 ], [ 110.688212783592235, -7.619085938095661 ], [ 110.688122122334903, -7.619085872824073 ], [ 110.688122187768187, -7.618995417002471 ], [ 110.687668881589374, -7.618995090357068 ], [ 110.68766881606625, -7.619085546169686 ], [ 110.687396832312245, -7.619085349950678 ], [ 110.687396504382249, -7.619537629004789 ], [ 110.687305843035091, -7.619537563553537 ], [ 110.687305580601262, -7.619899386786045 ] ] ] } },
{ "type": "Feature", "properties": { "cluster_id": -1236401710, "count": 84, "area_m2": 8399.999950104102, "area_ha": 0.83999999501041023, "kelas_sawah": "unlabeled", "varietas": "unlabeled", "usia_fase": null, "overlap_ratio": 0.0, "is_ground_truth": false }, "geometry": { "type": "Polygon", "coordinates": [ [ [ 110.687215575437492, -7.618994763235556 ], [ 110.687306236658884, -7.618994828695791 ], [ 110.687306171063909, -7.61908528450841 ], [ 110.68766881606625, -7.619085546169686 ], [ 110.687668881589374, -7.618995090357068 ], [ 110.688122187768187, -7.618995417002471 ], [ 110.688122776613866, -7.618181314626021 ], [ 110.687306827049653, -7.618180726382223 ], [ 110.687306695859689, -7.61836163800746 ], [ 110.687397356955316, -7.618361703440746 ], [ 110.687397225801291, -7.618542615074967 ], [ 110.687306564660744, -7.618542549632698 ], [ 110.687306302262854, -7.618904372883173 ], [ 110.687215641050443, -7.618904307422937 ], [ 110.687215575437492, -7.618994763235556 ] ] ] } },
{ "type": "Feature", "properties": { "cluster_id": 359546929, "count": 84, "area_m2": 8399.9999862950062, "area_ha": 0.83999999862950059, "kelas_sawah": "unlabeled", "varietas": "unlabeled", "usia_fase": null, "overlap_ratio": 0.0, "is_ground_truth": false }, "geometry": { "type": "Polygon", "coordinates": [ [ [ 110.687306827049653, -7.618180726382223 ], [ 110.688122776613866, -7.618181314626021 ], [ 110.688123038302081, -7.617819491339613 ], [ 110.688213699289918, -7.617819556602219 ], [ 110.688213895490961, -7.61754818912843 ], [ 110.688123234557025, -7.617548123865825 ], [ 110.688123365396649, -7.617367212213638 ], [ 110.687307417368558, -7.617366624032723 ], [ 110.687306827049653, -7.618180726382223 ] ] ] } },
{ "type": "Feature", "properties": { "cluster_id": 2113633424, "count": 78, "area_m2": 7799.9999730783748, "area_ha": 0.77999999730783742, "kelas_sawah": "unlabeled", "varietas": "unlabeled", "usia_fase": null, "overlap_ratio": 0.0, "is_ground_truth": false }, "geometry": { "type": "Polygon", "coordinates": [ [ [ 110.687308007624594, -7.61655252164729 ], [ 110.688123954107567, -7.616553109774307 ], [ 110.688124542764598, -7.615739007299042 ], [ 110.687308597817733, -7.615738419243891 ], [ 110.687308335518651, -7.616100242539281 ], [ 110.687398996138171, -7.6161003079546 ], [ 110.687398799461022, -7.616371675428389 ], [ 110.6873081387876, -7.616371610004086 ], [ 110.687308007624594, -7.61655252164729 ] ] ] } },
{ "type": "Feature", "properties": { "cluster_id": 1615198676, "count": 80, "area_m2": 8000.0000462020398, "area_ha": 0.80000000462020393, "kelas_sawah": "unlabeled", "varietas": "unlabeled", "usia_fase": null, "overlap_ratio": 0.0, "is_ground_truth": false }, "geometry": { "type": "Polygon", "coordinates": [ [ [ 110.687308597817733, -7.615738419243891 ], [ 110.688124542764598, -7.615739007299042 ], [ 110.688124738965627, -7.615467639798304 ], [ 110.688215399459395, -7.615467705042943 ], [ 110.688215726356319, -7.615015425872052 ], [ 110.688125065952391, -7.615015360627413 ], [ 110.68812513134975, -7.614924904796828 ], [ 110.688034470963785, -7.614924839534222 ], [ 110.688034405548464, -7.615015295373791 ], [ 110.687943745153532, -7.615015230093219 ], [ 110.687943810586816, -7.614924774262634 ], [ 110.687762489823882, -7.614924643656575 ], [ 110.687762424354659, -7.615015099487159 ], [ 110.687309122370976, -7.61501477262616 ], [ 110.687308597817733, -7.615738419243891 ] ] ] } },
{ "type": "Feature", "properties": { "cluster_id": -958607427, "count": 82, "area_m2": 8199.9999957880937, "area_ha": 0.81999999957880931, "kelas_sawah": "unlabeled", "varietas": "unlabeled", "usia_fase": null, "overlap_ratio": 0.0, "is_ground_truth": false }, "geometry": { "type": "Polygon", "coordinates": [ [ [ 110.687309122370976, -7.61501477262616 ], [ 110.687762424354659, -7.615015099487159 ], [ 110.687762489823882, -7.614924643656575 ], [ 110.687943810586816, -7.614924774262634 ], [ 110.687943745153532, -7.615015230093219 ], [ 110.688034405548464, -7.615015295373791 ], [ 110.688034470963785, -7.614924839534222 ], [ 110.68812513134975, -7.614924904796828 ], [ 110.688125196738113, -7.61483444895726 ], [ 110.688215857106115, -7.614834514192916 ], [ 110.688216249337515, -7.614291779173473 ], [ 110.688125589095279, -7.614291713937817 ], [ 110.688125719872019, -7.614110802258681 ], [ 110.687853739235166, -7.614110606452899 ], [ 110.687853673792901, -7.614201062292467 ], [ 110.687400372662609, -7.614200735566214 ], [ 110.687400044957201, -7.614653014719139 ], [ 110.687309384634119, -7.614652949312804 ], [ 110.687309122370976, -7.61501477262616 ] ] ] } },
{ "type": "Feature", "properties": { "cluster_id": -201857776, "count": 83, "area_m2": 8300.0000357569661, "area_ha": 0.83000000357569659, "kelas_sawah": "unlabeled", "varietas": "unlabeled", "usia_fase": null, "overlap_ratio": 0.0, "is_ground_truth": false }, "geometry": { "type": "Polygon", "coordinates": [ [ [ 110.687309712438349, -7.614200670159879 ], [ 110.687853673792901, -7.614201062292467 ], [ 110.687853739235166, -7.614110606452899 ], [ 110.688125719872019, -7.614110802258681 ], [ 110.688126308322438, -7.613296699693585 ], [ 110.687401028028532, -7.613296177224433 ], [ 110.687400765891141, -7.613658000564739 ], [ 110.687310105783666, -7.613657935167386 ], [ 110.687309712438349, -7.614200670159879 ] ] ] } },
{ "type": "Feature", "properties": { "cluster_id": -264943253, "count": 2, "area_m2": 200.00000049098176, "area_ha": 0.020000000049098177, "kelas_sawah": "unlabeled", "varietas": "unlabeled", "usia_fase": null, "overlap_ratio": 0.0, "is_ground_truth": false }, "geometry": { "type": "Polygon", "coordinates": [ [ [ 110.687945511564777, -7.612572922451829 ], [ 110.688126831339559, -7.612573052950091 ], [ 110.688126896718941, -7.61248259710154 ], [ 110.687945576980084, -7.612482466612261 ], [ 110.687945511564777, -7.612572922451829 ] ] ] } },
{ "type": "Feature", "properties": { "cluster_id": 1768288010, "count": 85, "area_m2": 8500.0000512454426, "area_ha": 0.85000000512454421, "kelas_sawah": "unlabeled", "varietas": "unlabeled", "usia_fase": null, "overlap_ratio": 0.0, "is_ground_truth": false }, "geometry": { "type": "Polygon", "coordinates": [ [ [ 110.687307417368558, -7.617366624032723 ], [ 110.688214026294645, -7.617367277476244 ], [ 110.688214614834891, -7.616553175027929 ], [ 110.687308007624594, -7.61655252164729 ], [ 110.687307876461574, -7.616733433290493 ], [ 110.687398537215842, -7.616733498714796 ], [ 110.687398209393649, -7.617185777822804 ], [ 110.687307548540559, -7.617185712389519 ], [ 110.687307417368558, -7.617366624032723 ] ] ] } },
{ "type": "Feature", "properties": { "cluster_id": -2134148781, "count": 2, "area_m2": 200.00000839354485, "area_ha": 0.020000000839354486, "kelas_sawah": "unlabeled", "varietas": "unlabeled", "usia_fase": null, "overlap_ratio": 0.0, "is_ground_truth": false }, "geometry": { "type": "Polygon", "coordinates": [ [ [ 110.688126831339559, -7.612573052950091 ], [ 110.688308151123323, -7.612573183367504 ], [ 110.688308216457798, -7.612482727518953 ], [ 110.688126896718941, -7.61248259710154 ], [ 110.688126831339559, -7.612573052950091 ] ] ] } },
{ "type": "Feature", "properties": { "cluster_id": 752463729, "count": 83, "area_m2": 8300.0000407188782, "area_ha": 0.83000000407188779, "kelas_sawah": "unlabeled", "varietas": "unlabeled", "usia_fase": null, "overlap_ratio": 0.0, "is_ground_truth": false }, "geometry": { "type": "Polygon", "coordinates": [ [ [ 110.688024977549901, -7.628040931591376 ], [ 110.688206303828494, -7.628041062314216 ], [ 110.688206238341309, -7.628131518090902 ], [ 110.688296901503065, -7.628131583425373 ], [ 110.688296966972274, -7.628041127648686 ], [ 110.688659619547423, -7.628041388788939 ], [ 110.688659684944767, -7.62795093300327 ], [ 110.688931674331215, -7.627951128656339 ], [ 110.688932197015959, -7.627227482335053 ], [ 110.688478882141453, -7.627227156183722 ], [ 110.688478947565756, -7.627136700398053 ], [ 110.688297621664461, -7.627136569800977 ], [ 110.688297556195238, -7.627227025586647 ], [ 110.688116230258004, -7.627226894917706 ], [ 110.688115771712972, -7.627860085399424 ], [ 110.688025108605117, -7.62786002002902 ], [ 110.688024977549901, -7.628040931591376 ] ] ] } },
{ "type": "Feature", "properties": { "cluster_id": 1484229473, "count": 81, "area_m2": 8099.9999137312989, "area_ha": 0.80999999137312984, "kelas_sawah": "unlabeled", "varietas": "unlabeled", "usia_fase": null, "overlap_ratio": 0.0, "is_ground_truth": false }, "geometry": { "type": "Polygon", "coordinates": [ [ [ 110.688203355899091, -7.632111572094407 ], [ 110.688928667912506, -7.632112094500678 ], [ 110.688928733282907, -7.632021638732975 ], [ 110.68901939727111, -7.632021703950665 ], [ 110.689019920090601, -7.631298057764126 ], [ 110.688566600931125, -7.631297731531947 ], [ 110.68856666637339, -7.631207275755261 ], [ 110.688476002564855, -7.631207210456723 ], [ 110.688475937095646, -7.631297666224426 ], [ 110.688203945616124, -7.631297470203048 ], [ 110.688203355899091, -7.632111572094407 ] ] ] } },
{ "type": "Feature", "properties": { "cluster_id": -2134148781, "count": 2, "area_m2": 200.00000285945134, "area_ha": 0.020000000285945133, "kelas_sawah": "unlabeled", "varietas": "unlabeled", "usia_fase": null, "overlap_ratio": 0.0, "is_ground_truth": false }, "geometry": { "type": "Polygon", "coordinates": [ [ [ 110.688398811006223, -7.612573248540278 ], [ 110.688580130790001, -7.612573378840909 ], [ 110.688580196070575, -7.612482922992358 ], [ 110.688398876322736, -7.612482792691726 ], [ 110.688398811006223, -7.612573248540278 ] ] ] } },
{ "type": "Feature", "properties": { "cluster_id": -1782396730, "count": 88, "area_m2": 8800.0000455451664, "area_ha": 0.88000000455451666, "kelas_sawah": "unlabeled", "varietas": "unlabeled", "usia_fase": null, "overlap_ratio": 0.0, "is_ground_truth": false }, "geometry": { "type": "Polygon", "coordinates": [ [ [ 110.688109741484169, -7.636182015686729 ], [ 110.688200406334758, -7.636182081111031 ], [ 110.688200340775708, -7.636272536860768 ], [ 110.688472335408306, -7.636272733016893 ], [ 110.688472400913454, -7.636182277267157 ], [ 110.688925725211305, -7.636182603804762 ], [ 110.688925856032952, -7.636001692296307 ], [ 110.689016520865579, -7.636001757540946 ], [ 110.689016717030682, -7.635730390273769 ], [ 110.688926052260939, -7.63573032502913 ], [ 110.688926313886284, -7.635368502003234 ], [ 110.688744984499522, -7.635368371460057 ], [ 110.688745049941801, -7.635277915701338 ], [ 110.688291726605158, -7.635277589011018 ], [ 110.688291661064071, -7.635368044760755 ], [ 110.688200996375173, -7.635367979372385 ], [ 110.688200734147969, -7.635729802371332 ], [ 110.688110069387207, -7.635729736947029 ], [ 110.688109741484169, -7.636182015686729 ] ] ] } },
{ "type": "Feature", "properties": { "cluster_id": 1671623864, "count": 75, "area_m2": 7499.9999940424459, "area_ha": 0.74999999940424456, "kelas_sawah": "unlabeled", "varietas": "unlabeled", "usia_fase": null, "overlap_ratio": 0.0, "is_ground_truth": false }, "geometry": { "type": "Polygon", "coordinates": [ [ [ 110.688126308322438, -7.613296699693585 ], [ 110.688488948491838, -7.613296960474512 ], [ 110.688489013790388, -7.613206504634944 ], [ 110.688942313923548, -7.61320683017542 ], [ 110.688942444340952, -7.613025918478317 ], [ 110.689033104331656, -7.613025983525326 ], [ 110.689033430258405, -7.612573704264604 ], [ 110.688761450573764, -7.612573509069676 ], [ 110.688761515818413, -7.612483053221125 ], [ 110.688580196070575, -7.612482922992358 ], [ 110.688580130790001, -7.612573378840909 ], [ 110.688398811006223, -7.612573248540278 ], [ 110.688398876322736, -7.612482792691726 ], [ 110.688308216457798, -7.612482727518953 ], [ 110.688308151123323, -7.612573183367504 ], [ 110.688126831339559, -7.612573052950091 ], [ 110.688126308322438, -7.613296699693585 ] ] ] } },
{ "type": "Feature", "properties": { "cluster_id": -2113039967, "count": 93, "area_m2": 9300.0000149331754, "area_ha": 0.93000000149331752, "kelas_sawah": "unlabeled", "varietas": "unlabeled", "usia_fase": null, "overlap_ratio": 0.0, "is_ground_truth": false }, "geometry": { "type": "Polygon", "coordinates": [ [ [ 110.688019732601362, -7.635277392774045 ], [ 110.688110397272283, -7.63527745820733 ], [ 110.68811033169527, -7.635367913957066 ], [ 110.688291661064071, -7.635368044760755 ], [ 110.688291726605158, -7.635277589011018 ], [ 110.688745049941801, -7.635277915701338 ], [ 110.688744984499522, -7.635368371460057 ], [ 110.688926313886284, -7.635368502003234 ], [ 110.688926379283643, -7.635278046244514 ], [ 110.689017043963545, -7.635278111489153 ], [ 110.689017567007625, -7.634554465410413 ], [ 110.688836237971202, -7.634554334921135 ], [ 110.688836303386523, -7.634463879162415 ], [ 110.688110987411534, -7.634463356432751 ], [ 110.688110462840328, -7.635187002457593 ], [ 110.688019798196351, -7.635186937024308 ], [ 110.688019732601362, -7.635277392774045 ] ] ] } },
{ "type": "Feature", "properties": { "cluster_id": -589114997, "count": 79, "area_m2": 7899.9999852952897, "area_ha": 0.78999999852952896, "kelas_sawah": "unlabeled", "varietas": "unlabeled", "usia_fase": null, "overlap_ratio": 0.0, "is_ground_truth": false }, "geometry": { "type": "Polygon", "coordinates": [ [ [ 110.688110987411534, -7.634463356432751 ], [ 110.688836303386523, -7.634463879162415 ], [ 110.688836237971202, -7.634554334921135 ], [ 110.689017567007625, -7.634554465410413 ], [ 110.689018090006783, -7.633830819313705 ], [ 110.688927425632301, -7.633830754078049 ], [ 110.688927491029659, -7.63374029831933 ], [ 110.68883682668212, -7.633740233065708 ], [ 110.68883689208846, -7.633649777306988 ], [ 110.688383570458612, -7.633649450778365 ], [ 110.688383504953464, -7.633739906537085 ], [ 110.688202176267396, -7.633739775796278 ], [ 110.688201717452856, -7.634372966089351 ], [ 110.688111052979565, -7.634372900683014 ], [ 110.688110987411534, -7.634463356432751 ] ] ] } },
{ "type": "Feature", "properties": { "cluster_id": -311840706, "count": 82, "area_m2": 8199.9999887752347, "area_ha": 0.81999999887752351, "kelas_sawah": "unlabeled", "varietas": "unlabeled", "usia_fase": null, "overlap_ratio": 0.0, "is_ground_truth": false }, "geometry": { "type": "Polygon", "coordinates": [ [ [ 110.688114461367419, -7.629669200951111 ], [ 110.688567778793143, -7.629669527587531 ], [ 110.688567844226426, -7.629579071810845 ], [ 110.688839834636951, -7.629579267562729 ], [ 110.688839900007352, -7.629488811786042 ], [ 110.688930563456566, -7.629488876994749 ], [ 110.68893075951388, -7.629217509646725 ], [ 110.689021422909192, -7.629217574837464 ], [ 110.689021488234687, -7.629127119051796 ], [ 110.688930824857337, -7.629127053870039 ], [ 110.688930890209775, -7.62903659808437 ], [ 110.689021553569148, -7.62903666327511 ], [ 110.689021684220123, -7.628855751703771 ], [ 110.688840357582208, -7.628855621304324 ], [ 110.688840422952623, -7.628765165527638 ], [ 110.688115116580619, -7.628764643193233 ], [ 110.688114985543365, -7.628945554746606 ], [ 110.688205648875794, -7.628945620108025 ], [ 110.688205583370646, -7.629036075884712 ], [ 110.688114920020254, -7.629036010523292 ], [ 110.688114788983, -7.629216922076663 ], [ 110.688205452369331, -7.629216987438084 ], [ 110.688205190357706, -7.629578810544828 ], [ 110.68811452689053, -7.629578745174425 ], [ 110.688114461367419, -7.629669200951111 ] ] ] } },
{ "type": "Feature", "properties": { "cluster_id": 1004886227, "count": 91, "area_m2": 9099.9999550770735, "area_ha": 0.90999999550770738, "kelas_sawah": "unlabeled", "varietas": "unlabeled", "usia_fase": null, "overlap_ratio": 0.0, "is_ground_truth": false }, "geometry": { "type": "Polygon", "coordinates": [ [ [ 110.688116230258004, -7.627226894917706 ], [ 110.688297556195238, -7.627227025586647 ], [ 110.688297621664461, -7.627136569800977 ], [ 110.688478947565756, -7.627136700398053 ], [ 110.688478882141453, -7.627227156183722 ], [ 110.688932197015959, -7.627227482335053 ], [ 110.688932262341453, -7.6271370265404 ], [ 110.689022925305579, -7.627137091713174 ], [ 110.68902344777473, -7.626413445364939 ], [ 110.688842122169874, -7.626413315019391 ], [ 110.68884218751333, -7.626322859224739 ], [ 110.688479536375482, -7.626322598291098 ], [ 110.688479470951179, -7.62641305408575 ], [ 110.688116819759443, -7.626412792846683 ], [ 110.688116230258004, -7.627226894917706 ] ] ] } },
{ "type": "Feature", "properties": { "cluster_id": -1493018096, "count": 84, "area_m2": 8399.999990061624, "area_ha": 0.8399999990061624, "kelas_sawah": "unlabeled", "varietas": "unlabeled", "usia_fase": null, "overlap_ratio": 0.0, "is_ground_truth": false }, "geometry": { "type": "Polygon", "coordinates": [ [ [ 110.688119766287471, -7.622342282033428 ], [ 110.688935723792781, -7.6223428690645 ], [ 110.688936050222594, -7.621890590001407 ], [ 110.689026712081784, -7.621890655129265 ], [ 110.689026973141196, -7.621528831869807 ], [ 110.688845649584508, -7.621528701605108 ], [ 110.688845714883044, -7.621438245792489 ], [ 110.68857372961088, -7.621438050247218 ], [ 110.688573664258442, -7.621528506059837 ], [ 110.688211017163027, -7.621528245072297 ], [ 110.688210755420897, -7.621890068304806 ], [ 110.68812009357967, -7.621890003006268 ], [ 110.688119766287471, -7.622342282033428 ] ] ] } },
{ "type": "Feature", "properties": { "cluster_id": -2078821113, "count": 87, "area_m2": 8699.9999669755925, "area_ha": 0.86999999669755923, "kelas_sawah": "unlabeled", "varietas": "unlabeled", "usia_fase": null, "overlap_ratio": 0.0, "is_ground_truth": false }, "geometry": { "type": "Polygon", "coordinates": [ [ [ 110.688122711189564, -7.618271770447623 ], [ 110.688394694449485, -7.618271966190523 ], [ 110.6883947598199, -7.618181510368921 ], [ 110.68893872624993, -7.618181901333699 ], [ 110.6889386609963, -7.618272357164284 ], [ 110.689029322082945, -7.618272422265193 ], [ 110.689029909158933, -7.617458319780945 ], [ 110.68884858731802, -7.617458189588111 ], [ 110.688848652580631, -7.617367733757526 ], [ 110.68830468718366, -7.6173673427119 ], [ 110.688304621813259, -7.617457798542485 ], [ 110.688123299981328, -7.61745766803524 ], [ 110.688123234557025, -7.617548123865825 ], [ 110.688213895490961, -7.61754818912843 ], [ 110.688213699289918, -7.617819556602219 ], [ 110.688123038302081, -7.617819491339613 ], [ 110.688122711189564, -7.618271770447623 ] ] ] } },
{ "type": "Feature", "properties": { "cluster_id": -10466420, "count": 80, "area_m2": 7999.9999856157228, "area_ha": 0.79999999856157233, "kelas_sawah": "unlabeled", "varietas": "unlabeled", "usia_fase": null, "overlap_ratio": 0.0, "is_ground_truth": false }, "geometry": { "type": "Polygon", "coordinates": [ [ [ 110.688111511928838, -7.633739710389943 ], [ 110.688383504953464, -7.633739906537085 ], [ 110.688383570458612, -7.633649450778365 ], [ 110.68883689208846, -7.633649777306988 ], [ 110.68883682668212, -7.633740233065708 ], [ 110.689018155377184, -7.633740363546003 ], [ 110.689018220747585, -7.6336499077783 ], [ 110.688927556418022, -7.633649842551627 ], [ 110.688927621806386, -7.633559386783924 ], [ 110.689018286117985, -7.63355945201958 ], [ 110.689018743674879, -7.63292626164566 ], [ 110.688928079498027, -7.63292619642797 ], [ 110.688928144886404, -7.632835740660267 ], [ 110.688565488259854, -7.632835479582896 ], [ 110.688565422799613, -7.632925935341616 ], [ 110.688293430287032, -7.632925739338204 ], [ 110.688293364763922, -7.633016195096924 ], [ 110.688202700578088, -7.633016129717538 ], [ 110.688202307349556, -7.633558864278839 ], [ 110.688111643046938, -7.633558798881486 ], [ 110.688111511928838, -7.633739710389943 ] ] ] } },
{ "type": "Feature", "properties": { "cluster_id": -593667749, "count": 78, "area_m2": 7800.0000826112228, "area_ha": 0.78000000826112226, "kelas_sawah": "unlabeled", "varietas": "unlabeled", "usia_fase": null, "overlap_ratio": 0.0, "is_ground_truth": false }, "geometry": { "type": "Polygon", "coordinates": [ [ [ 110.688112101942323, -7.632925608561465 ], [ 110.688202766110194, -7.632925673958818 ], [ 110.688202700578088, -7.633016129717538 ], [ 110.688293364763922, -7.633016195096924 ], [ 110.688293430287032, -7.632925739338204 ], [ 110.688565422799613, -7.632925935341616 ], [ 110.688565488259854, -7.632835479582896 ], [ 110.688928144886404, -7.632835740660267 ], [ 110.688928667912506, -7.632112094500678 ], [ 110.688112691892925, -7.632111506706038 ], [ 110.688112101942323, -7.632925608561465 ] ] ] } },
{ "type": "Feature", "properties": { "cluster_id": -336716689, "count": 81, "area_m2": 8100.0000024336623, "area_ha": 0.81000000024336627, "kelas_sawah": "unlabeled", "varietas": "unlabeled", "usia_fase": null, "overlap_ratio": 0.0, "is_ground_truth": false }, "geometry": { "type": "Polygon", "coordinates": [ [ [ 110.68811328178063, -7.631297404823662 ], [ 110.688475937095646, -7.631297666224426 ], [ 110.688476002564855, -7.631207210456723 ], [ 110.68856666637339, -7.631207275755261 ], [ 110.688566600931125, -7.631297731531947 ], [ 110.689019920090601, -7.631298057764126 ], [ 110.689020312169291, -7.63075532310401 ], [ 110.688929648450582, -7.630755257904286 ], [ 110.688929844534854, -7.630483890574228 ], [ 110.688204535261292, -7.630483368275756 ], [ 110.688204207690617, -7.630935647123253 ], [ 110.688113543935984, -7.63093558175285 ], [ 110.68811328178063, -7.631297404823662 ] ] ] } },
{ "type": "Feature", "properties": { "cluster_id": -1108878186, "count": 81, "area_m2": 8100.0000256637577, "area_ha": 0.81000000256637572, "kelas_sawah": "unlabeled", "varietas": "unlabeled", "usia_fase": null, "overlap_ratio": 0.0, "is_ground_truth": false }, "geometry": { "type": "Polygon", "coordinates": [ [ [ 110.688204535261292, -7.630483368275756 ], [ 110.688929844534854, -7.630483890574228 ], [ 110.688930040619113, -7.630212523235187 ], [ 110.689020704221036, -7.63021258843491 ], [ 110.689021030911348, -7.629760309533514 ], [ 110.688930367399266, -7.629760244342774 ], [ 110.688930498104128, -7.629579332780418 ], [ 110.688567844226426, -7.629579071810845 ], [ 110.688567778793143, -7.629669527587531 ], [ 110.688205124852558, -7.629669266321514 ], [ 110.688204535261292, -7.630483368275756 ] ] ] } },
{ "type": "Feature", "properties": { "cluster_id": 761150682, "count": 75, "area_m2": 7499.9999911317718, "area_ha": 0.74999999911317716, "kelas_sawah": "unlabeled", "varietas": "unlabeled", "usia_fase": null, "overlap_ratio": 0.0, "is_ground_truth": false }, "geometry": { "type": "Polygon", "coordinates": [ [ [ 110.688205779877123, -7.628764708554653 ], [ 110.688840422952623, -7.628765165527638 ], [ 110.688840357582208, -7.628855621304324 ], [ 110.688931020905656, -7.628855686513031 ], [ 110.688931086249113, -7.628765230727362 ], [ 110.689021749554598, -7.628765295918102 ], [ 110.689022272140534, -7.628041649623765 ], [ 110.688931608987758, -7.628041584442008 ], [ 110.688931674331215, -7.627951128656339 ], [ 110.688659684944767, -7.62795093300327 ], [ 110.688659619547423, -7.628041388788939 ], [ 110.688296966972274, -7.628041127648686 ], [ 110.688296901503065, -7.628131583425373 ], [ 110.688206238341309, -7.628131518090902 ], [ 110.688205779877123, -7.628764708554653 ] ] ] } },
{ "type": "Feature", "properties": { "cluster_id": -1785831840, "count": 82, "area_m2": 8200.0000172795262, "area_ha": 0.82000000172795262, "kelas_sawah": "unlabeled", "varietas": "unlabeled", "usia_fase": null, "overlap_ratio": 0.0, "is_ground_truth": false }, "geometry": { "type": "Polygon", "coordinates": [ [ [ 110.688116819759443, -7.626412792846683 ], [ 110.688479470951179, -7.62641305408575 ], [ 110.688479536375482, -7.626322598291098 ], [ 110.68884218751333, -7.626322859224739 ], [ 110.688842122169874, -7.626413315019391 ], [ 110.688932784972295, -7.626413380201148 ], [ 110.688933438182261, -7.625508822236658 ], [ 110.688117474676204, -7.625508234954058 ], [ 110.688117212718481, -7.625870058114701 ], [ 110.688207875404132, -7.625870123449172 ], [ 110.688207613509292, -7.626231946609815 ], [ 110.688116950742796, -7.626231881275344 ], [ 110.688116819759443, -7.626412792846683 ] ] ] } },
{ "type": "Feature", "properties": { "cluster_id": -2026492696, "count": 82, "area_m2": 8199.9999836803181, "area_ha": 0.81999999836803183, "kelas_sawah": "unlabeled", "varietas": "unlabeled", "usia_fase": null, "overlap_ratio": 0.0, "is_ground_truth": false }, "geometry": { "type": "Polygon", "coordinates": [ [ [ 110.688117474676204, -7.625508234954058 ], [ 110.688933438182261, -7.625508822236658 ], [ 110.688933699439289, -7.625146999040083 ], [ 110.689024361981211, -7.62514706419489 ], [ 110.689024427279747, -7.625056608391255 ], [ 110.688933764755802, -7.625056543236448 ], [ 110.688934026003849, -7.624694720039871 ], [ 110.688118064042897, -7.624694132820154 ], [ 110.688117474676204, -7.625508234954058 ] ] ] } },
{ "type": "Feature", "properties": { "cluster_id": 321081711, "count": 82, "area_m2": 8200.0000308867311, "area_ha": 0.82000000308867316, "kelas_sawah": "unlabeled", "varietas": "unlabeled", "usia_fase": null, "overlap_ratio": 0.0, "is_ground_truth": false }, "geometry": { "type": "Polygon", "coordinates": [ [ [ 110.688027925587107, -7.623970421110497 ], [ 110.688118587868502, -7.623970486444969 ], [ 110.688118064042897, -7.624694132820154 ], [ 110.688934026003849, -7.624694720039871 ], [ 110.688934613762555, -7.623880617807152 ], [ 110.688027991074279, -7.623879965315846 ], [ 110.688027925587107, -7.623970421110497 ] ] ] } },
{ "type": "Feature", "properties": { "cluster_id": -952330792, "count": 68, "area_m2": 6800.0000344833825, "area_ha": 0.68000000344833822, "kelas_sawah": "unlabeled", "varietas": "unlabeled", "usia_fase": null, "overlap_ratio": 0.0, "is_ground_truth": false }, "geometry": { "type": "Polygon", "coordinates": [ [ [ 110.688118653337725, -7.623880030650316 ], [ 110.688934613762555, -7.623880617807152 ], [ 110.688935136159841, -7.623156971351118 ], [ 110.68820983922015, -7.623156449564686 ], [ 110.688209577424132, -7.623518272770244 ], [ 110.688118915232565, -7.62351820745374 ], [ 110.688118653337725, -7.623880030650316 ] ] ] } },
{ "type": "Feature", "properties": { "cluster_id": -1281006561, "count": 82, "area_m2": 8200.0000215310138, "area_ha": 0.82000000215310143, "kelas_sawah": "unlabeled", "varietas": "unlabeled", "usia_fase": null, "overlap_ratio": 0.0, "is_ground_truth": false }, "geometry": { "type": "Polygon", "coordinates": [ [ [ 110.688120355393664, -7.621528179773759 ], [ 110.688573664258442, -7.621528506059837 ], [ 110.68857372961088, -7.621438050247218 ], [ 110.688845714883044, -7.621438245792489 ], [ 110.688845649584508, -7.621528701605108 ], [ 110.688936311362852, -7.621528766750933 ], [ 110.688936637756726, -7.621076487669873 ], [ 110.689027299445243, -7.621076552788748 ], [ 110.68902742996147, -7.620895641154528 ], [ 110.688936768317873, -7.620895576035652 ], [ 110.688936964141618, -7.62062420857983 ], [ 110.68821167146892, -7.620623686964077 ], [ 110.688211606044618, -7.620714142776696 ], [ 110.68812094443696, -7.620714077487141 ], [ 110.688120813543435, -7.620894989112379 ], [ 110.688211475187032, -7.620895054401933 ], [ 110.688211082596311, -7.621437789259679 ], [ 110.688120420844911, -7.621437723970124 ], [ 110.688120355393664, -7.621528179773759 ] ] ] } },
{ "type": "Feature", "properties": { "cluster_id": -1804475830, "count": 79, "area_m2": 7899.9999922665302, "area_ha": 0.78999999922665298, "kelas_sawah": "unlabeled", "varietas": "unlabeled", "usia_fase": null, "overlap_ratio": 0.0, "is_ground_truth": false }, "geometry": { "type": "Polygon", "coordinates": [ [ [ 110.688121402541825, -7.62008088679881 ], [ 110.688212064005754, -7.620080952079382 ], [ 110.68821167146892, -7.620623686964077 ], [ 110.688936964141618, -7.62062420857983 ], [ 110.688937225227974, -7.620262385302406 ], [ 110.689027886736824, -7.620262450412298 ], [ 110.689028147742334, -7.61990062712589 ], [ 110.688937486305335, -7.619900562015999 ], [ 110.688937551576927, -7.619810106194397 ], [ 110.688121598859638, -7.619809519360954 ], [ 110.688121402541825, -7.62008088679881 ] ] ] } },
{ "type": "Feature", "properties": { "cluster_id": 1300602097, "count": 94, "area_m2": 9399.999992706289, "area_ha": 0.93999999927062894, "kelas_sawah": "unlabeled", "varietas": "unlabeled", "usia_fase": null, "overlap_ratio": 0.0, "is_ground_truth": false }, "geometry": { "type": "Polygon", "coordinates": [ [ [ 110.688122122334903, -7.619085872824073 ], [ 110.688938073686757, -7.619086459603616 ], [ 110.688938204202984, -7.61890554795143 ], [ 110.689028865424376, -7.618905613061322 ], [ 110.689029322082945, -7.618272422265193 ], [ 110.6889386609963, -7.618272357164284 ], [ 110.68893872624993, -7.618181901333699 ], [ 110.6883947598199, -7.618181510368921 ], [ 110.688394694449485, -7.618271966190523 ], [ 110.688122711189564, -7.618271770447623 ], [ 110.688122122334903, -7.619085872824073 ] ] ] } },
{ "type": "Feature", "properties": { "cluster_id": 314130328, "count": 73, "area_m2": 7299.9999763886444, "area_ha": 0.72999999763886447, "kelas_sawah": "unlabeled", "varietas": "unlabeled", "usia_fase": null, "overlap_ratio": 0.0, "is_ground_truth": false }, "geometry": { "type": "Polygon", "coordinates": [ [ [ 110.688123299981328, -7.61745766803524 ], [ 110.688304621813259, -7.617457798542485 ], [ 110.68830468718366, -7.6173673427119 ], [ 110.688848652580631, -7.617367733757526 ], [ 110.688848717852224, -7.617277277926941 ], [ 110.688939378732258, -7.617277343027849 ], [ 110.688939900662419, -7.61655369635622 ], [ 110.688214614834891, -7.616553175027929 ], [ 110.688214026294645, -7.617367277476244 ], [ 110.688123365396649, -7.617367212213638 ], [ 110.688123299981328, -7.61745766803524 ] ] ] } },
{ "type": "Feature", "properties": { "cluster_id": -1622031955, "count": 81, "area_m2": 8100.0000349132461, "area_ha": 0.81000000349132462, "kelas_sawah": "unlabeled", "varietas": "unlabeled", "usia_fase": null, "overlap_ratio": 0.0, "is_ground_truth": false }, "geometry": { "type": "Polygon", "coordinates": [ [ [ 110.688123954107567, -7.616553109774307 ], [ 110.688939900662419, -7.61655369635622 ], [ 110.688940487774332, -7.615739593818074 ], [ 110.688124542764598, -7.615739007299042 ], [ 110.688123954107567, -7.616553109774307 ] ] ] } },
{ "type": "Feature", "properties": { "cluster_id": 230951117, "count": 88, "area_m2": 8799.9999857359217, "area_ha": 0.87999999857359212, "kelas_sawah": "unlabeled", "varietas": "unlabeled", "usia_fase": null, "overlap_ratio": 0.0, "is_ground_truth": false }, "geometry": { "type": "Polygon", "coordinates": [ [ [ 110.688125065952391, -7.615015360627413 ], [ 110.688941009596704, -7.615015947092546 ], [ 110.68894133570312, -7.614563667876739 ], [ 110.689031996017206, -7.614563732941715 ], [ 110.689032256816105, -7.614201909565477 ], [ 110.68894159658285, -7.6142018445005 ], [ 110.688941661800541, -7.614111388651949 ], [ 110.688125719872019, -7.614110802258681 ], [ 110.688125589095279, -7.614291713937817 ], [ 110.688216249337515, -7.614291779173473 ], [ 110.688215857106115, -7.614834514192916 ], [ 110.688125196738113, -7.61483444895726 ], [ 110.688125065952391, -7.615015360627413 ] ] ] } },
{ "type": "Feature", "properties": { "cluster_id": 847974098, "count": 90, "area_m2": 9000.0000109910616, "area_ha": 0.90000000109910616, "kelas_sawah": "unlabeled", "varietas": "unlabeled", "usia_fase": null, "overlap_ratio": 0.0, "is_ground_truth": false }, "geometry": { "type": "Polygon", "coordinates": [ [ [ 110.688125719872019, -7.614110802258681 ], [ 110.688851001585263, -7.61411132357799 ], [ 110.688851066820916, -7.614020867729439 ], [ 110.688941727018232, -7.614020932812381 ], [ 110.688941922662323, -7.613749565266727 ], [ 110.689032582805737, -7.61374963032272 ], [ 110.68903290875943, -7.613297351079964 ], [ 110.688942248714838, -7.613297286023971 ], [ 110.688942313923548, -7.61320683017542 ], [ 110.688489013790388, -7.613206504634944 ], [ 110.688488948491838, -7.613296960474512 ], [ 110.688126308322438, -7.613296699693585 ], [ 110.688125719872019, -7.614110802258681 ] ] ] } },
{ "type": "Feature", "properties": { "cluster_id": -2134148781, "count": 2, "area_m2": 199.99999383988322, "area_ha": 0.019999999383988321, "kelas_sawah": "unlabeled", "varietas": "unlabeled", "usia_fase": null, "overlap_ratio": 0.0, "is_ground_truth": false }, "geometry": { "type": "Polygon", "coordinates": [ [ [ 110.688761450573764, -7.612573509069676 ], [ 110.688942770366523, -7.612573639217595 ], [ 110.688942835566252, -7.612483183369044 ], [ 110.688761515818413, -7.612483053221125 ], [ 110.688761450573764, -7.612573509069676 ] ] ] } },
{ "type": "Feature", "properties": { "cluster_id": 1482331290, "count": 42, "area_m2": 4199.9999987555202, "area_ha": 0.41999999987555203, "kelas_sawah": "unlabeled", "varietas": "unlabeled", "usia_fase": null, "overlap_ratio": 0.0, "is_ground_truth": false }, "geometry": { "type": "Polygon", "coordinates": [ [ [ 110.688200078512551, -7.636634359841748 ], [ 110.689016063111055, -7.636634947825034 ], [ 110.689016390079857, -7.636182669049401 ], [ 110.688472400913454, -7.636182277267157 ], [ 110.688472335408306, -7.636272733016893 ], [ 110.688200340775708, -7.636272536860768 ], [ 110.688200078512551, -7.636634359841748 ] ] ] } },
{ "type": "Feature", "properties": { "cluster_id": -215637287, "count": 80, "area_m2": 7999.9999992424273, "area_ha": 0.79999999992424276, "kelas_sawah": "unlabeled", "varietas": "unlabeled", "usia_fase": null, "overlap_ratio": 0.0, "is_ground_truth": false }, "geometry": { "type": "Polygon", "coordinates": [ [ [ 110.688119177109428, -7.623156384257165 ], [ 110.688935136159841, -7.623156971351118 ], [ 110.688935201449397, -7.623066515547483 ], [ 110.689025863551137, -7.623066580684324 ], [ 110.689026059374882, -7.622795213255452 ], [ 110.688935397336024, -7.622795148118611 ], [ 110.688935462625579, -7.622704692305992 ], [ 110.689026124655456, -7.622704757442833 ], [ 110.689026385741812, -7.622342934192358 ], [ 110.688210428227521, -7.622342347331966 ], [ 110.68820990467141, -7.623065993761051 ], [ 110.688119242578651, -7.62306592845353 ], [ 110.688119177109428, -7.623156384257165 ] ] ] } },
{ "type": "Feature", "properties": { "cluster_id": 88763390, "count": 74, "area_m2": 7400.0000290077878, "area_ha": 0.74000000290077883, "kelas_sawah": "unlabeled", "varietas": "unlabeled", "usia_fase": null, "overlap_ratio": 0.0, "is_ground_truth": false }, "geometry": { "type": "Polygon", "coordinates": [ [ [ 110.688121598859638, -7.619809519360954 ], [ 110.688937551576927, -7.619810106194397 ], [ 110.688937486305335, -7.619900562015999 ], [ 110.689028147742334, -7.61990062712589 ], [ 110.689028734944074, -7.619086524713508 ], [ 110.688212783592235, -7.619085938095661 ], [ 110.688212325685001, -7.619719128819924 ], [ 110.688121664301903, -7.619719063539352 ], [ 110.688121598859638, -7.619809519360954 ] ] ] } },
{ "type": "Feature", "properties": { "cluster_id": -246039440, "count": 75, "area_m2": 7499.9999293606379, "area_ha": 0.74999999293606379, "kelas_sawah": "unlabeled", "varietas": "unlabeled", "usia_fase": null, "overlap_ratio": 0.0, "is_ground_truth": false }, "geometry": { "type": "Polygon", "coordinates": [ [ [ 110.688124542764598, -7.615739007299042 ], [ 110.689031148330969, -7.615739658892033 ], [ 110.689031670000631, -7.615016012166505 ], [ 110.688215726356319, -7.615015425872052 ], [ 110.688215399459395, -7.615467705042943 ], [ 110.688124738965627, -7.615467639798304 ], [ 110.688124542764598, -7.615739007299042 ] ] ] } },
{ "type": "Feature", "properties": { "cluster_id": 150959419, "count": 35, "area_m2": 3500.0000137512693, "area_ha": 0.35000000137512693, "kelas_sawah": "unlabeled", "varietas": "unlabeled", "usia_fase": null, "overlap_ratio": 0.0, "is_ground_truth": false }, "geometry": { "type": "Polygon", "coordinates": [ [ [ 110.688936311362852, -7.621528766750933 ], [ 110.689298958476243, -7.621529027127617 ], [ 110.689299545300699, -7.620714924751168 ], [ 110.689118222076374, -7.620714794612232 ], [ 110.689118287312041, -7.620624338790631 ], [ 110.689027625731313, -7.620624273698705 ], [ 110.689027560468716, -7.620714729511324 ], [ 110.688936898861044, -7.620714664401432 ], [ 110.688936768317873, -7.620895576035652 ], [ 110.68902742996147, -7.620895641154528 ], [ 110.689027299445243, -7.621076552788748 ], [ 110.688936637756726, -7.621076487669873 ], [ 110.688936311362852, -7.621528766750933 ] ] ] } },
{ "type": "Feature", "properties": { "cluster_id": 350608990, "count": 17, "area_m2": 1700.0000011877273, "area_ha": 0.17000000011877273, "kelas_sawah": "unlabeled", "varietas": "unlabeled", "usia_fase": null, "overlap_ratio": 0.0, "is_ground_truth": false }, "geometry": { "type": "Polygon", "coordinates": [ [ [ 110.689016063111055, -7.636634947825034 ], [ 110.689288057986204, -7.63663514346912 ], [ 110.689288450010991, -7.636092408934767 ], [ 110.689107120318809, -7.636092278526338 ], [ 110.689107054939413, -7.636182734285057 ], [ 110.689016390079857, -7.636182669049401 ], [ 110.689016063111055, -7.636634947825034 ] ] ] } },
{ "type": "Feature", "properties": { "cluster_id": -1396127741, "count": 35, "area_m2": 3500.000039372535, "area_ha": 0.3500000039372535, "kelas_sawah": "unlabeled", "varietas": "unlabeled", "usia_fase": null, "overlap_ratio": 0.0, "is_ground_truth": false }, "geometry": { "type": "Polygon", "coordinates": [ [ [ 110.688925725211305, -7.636182603804762 ], [ 110.689107054939413, -7.636182734285057 ], [ 110.689107120318809, -7.636092278526338 ], [ 110.689288450010991, -7.636092408934767 ], [ 110.68928903798529, -7.63527830710629 ], [ 110.688926379283643, -7.635278046244514 ], [ 110.688926052260939, -7.63573032502913 ], [ 110.689016717030682, -7.635730390273769 ], [ 110.689016520865579, -7.636001757540946 ], [ 110.688925856032952, -7.636001692296307 ], [ 110.688925725211305, -7.636182603804762 ] ] ] } },
{ "type": "Feature", "properties": { "cluster_id": -829028466, "count": 24, "area_m2": 2399.9999902048148, "area_ha": 0.23999999902048147, "kelas_sawah": "unlabeled", "varietas": "unlabeled", "usia_fase": null, "overlap_ratio": 0.0, "is_ground_truth": false }, "geometry": { "type": "Polygon", "coordinates": [ [ [ 110.689017043963545, -7.635278111489153 ], [ 110.68928903798529, -7.63527830710629 ], [ 110.689289560571225, -7.634554661009583 ], [ 110.689017567007625, -7.634554465410413 ], [ 110.689017043963545, -7.635278111489153 ] ] ] } },
{ "type": "Feature", "properties": { "cluster_id": 1438581728, "count": 30, "area_m2": 2999.9999709648546, "area_ha": 0.29999999709648545, "kelas_sawah": "unlabeled", "varietas": "unlabeled", "usia_fase": null, "overlap_ratio": 0.0, "is_ground_truth": false }, "geometry": { "type": "Polygon", "coordinates": [ [ [ 110.688927425632301, -7.633830754078049 ], [ 110.689018090006783, -7.633830819313705 ], [ 110.689017567007625, -7.634554465410413 ], [ 110.689289560571225, -7.634554661009583 ], [ 110.689290213736271, -7.63365010335052 ], [ 110.689108885077147, -7.633649972987007 ], [ 110.689108819724709, -7.633740428754709 ], [ 110.688927491029659, -7.63374029831933 ], [ 110.688927425632301, -7.633830754078049 ] ] ] } },
{ "type": "Feature", "properties": { "cluster_id": -109756529, "count": 26, "area_m2": 2599.9999844125705, "area_ha": 0.25999999844125704, "kelas_sawah": "unlabeled", "varietas": "unlabeled", "usia_fase": null, "overlap_ratio": 0.0, "is_ground_truth": false }, "geometry": { "type": "Polygon", "coordinates": [ [ [ 110.688927556418022, -7.633649842551627 ], [ 110.689018220747585, -7.6336499077783 ], [ 110.689018155377184, -7.633740363546003 ], [ 110.689108819724709, -7.633740428754709 ], [ 110.689108885077147, -7.633649972987007 ], [ 110.689290213736271, -7.63365010335052 ], [ 110.689290736214403, -7.632926457199914 ], [ 110.689018743674879, -7.63292626164566 ], [ 110.689018286117985, -7.63355945201958 ], [ 110.688927621806386, -7.633559386783924 ], [ 110.688927556418022, -7.633649842551627 ] ] ] } },
{ "type": "Feature", "properties": { "cluster_id": -225207996, "count": 36, "area_m2": 3600.0000090320827, "area_ha": 0.36000000090320827, "kelas_sawah": "unlabeled", "varietas": "unlabeled", "usia_fase": null, "overlap_ratio": 0.0, "is_ground_truth": false }, "geometry": { "type": "Polygon", "coordinates": [ [ [ 110.688928079498027, -7.63292619642797 ], [ 110.689290736214403, -7.632926457199914 ], [ 110.689291323937184, -7.632112355254655 ], [ 110.688928667912506, -7.632112094500678 ], [ 110.688928079498027, -7.63292619642797 ] ] ] } },
{ "type": "Feature", "properties": { "cluster_id": 605710364, "count": 28, "area_m2": 2799.9999880191172, "area_ha": 0.27999999880191173, "kelas_sawah": "unlabeled", "varietas": "unlabeled", "usia_fase": null, "overlap_ratio": 0.0, "is_ground_truth": false }, "geometry": { "type": "Polygon", "coordinates": [ [ [ 110.688928667912506, -7.632112094500678 ], [ 110.689291323937184, -7.632112355254655 ], [ 110.689291911597081, -7.631298253273465 ], [ 110.689019920090601, -7.631298057764126 ], [ 110.68901939727111, -7.632021703950665 ], [ 110.688928733282907, -7.632021638732975 ], [ 110.688928667912506, -7.632112094500678 ] ] ] } },
{ "type": "Feature", "properties": { "cluster_id": -301669423, "count": 34, "area_m2": 3400.0000117323361, "area_ha": 0.34000000117323359, "kelas_sawah": "unlabeled", "varietas": "unlabeled", "usia_fase": null, "overlap_ratio": 0.0, "is_ground_truth": false }, "geometry": { "type": "Polygon", "coordinates": [ [ [ 110.688929648450582, -7.630755257904286 ], [ 110.689020312169291, -7.63075532310401 ], [ 110.689019920090601, -7.631298057764126 ], [ 110.689291911597081, -7.631298253273465 ], [ 110.689292564474655, -7.630393695479654 ], [ 110.688929909896274, -7.630393434788559 ], [ 110.688929648450582, -7.630755257904286 ] ] ] } },
{ "type": "Feature", "properties": { "cluster_id": 1440306709, "count": 25, "area_m2": 2499.9999521728023, "area_ha": 0.24999999521728022, "kelas_sawah": "unlabeled", "varietas": "unlabeled", "usia_fase": null, "overlap_ratio": 0.0, "is_ground_truth": false }, "geometry": { "type": "Polygon", "coordinates": [ [ [ 110.688929909896274, -7.630393434788559 ], [ 110.689292564474655, -7.630393695479654 ], [ 110.689293086719232, -7.62967004922125 ], [ 110.689111759739959, -7.629669918929602 ], [ 110.689111694423445, -7.629760374706287 ], [ 110.689021030911348, -7.629760309533514 ], [ 110.689020704221036, -7.63021258843491 ], [ 110.688930040619113, -7.630212523235187 ], [ 110.688929909896274, -7.630393434788559 ] ] ] } },
{ "type": "Feature", "properties": { "cluster_id": -1718749493, "count": 36, "area_m2": 3600.0000005567563, "area_ha": 0.36000000005567562, "kelas_sawah": "unlabeled", "varietas": "unlabeled", "usia_fase": null, "overlap_ratio": 0.0, "is_ground_truth": false }, "geometry": { "type": "Polygon", "coordinates": [ [ [ 110.688839834636951, -7.629579267562729 ], [ 110.688930498104128, -7.629579332780418 ], [ 110.688930367399266, -7.629760244342774 ], [ 110.689111694423445, -7.629760374706287 ], [ 110.689111759739959, -7.629669918929602 ], [ 110.689293086719232, -7.62967004922125 ], [ 110.68929367419048, -7.628855947150227 ], [ 110.689021684220123, -7.628855751703771 ], [ 110.689021553569148, -7.62903666327511 ], [ 110.688930890209775, -7.62903659808437 ], [ 110.688930824857337, -7.629127053870039 ], [ 110.689021488234687, -7.629127119051796 ], [ 110.689021422909192, -7.629217574837464 ], [ 110.68893075951388, -7.629217509646725 ], [ 110.688930563456566, -7.629488876994749 ], [ 110.688839900007352, -7.629488811786042 ], [ 110.688839834636951, -7.629579267562729 ] ] ] } },
{ "type": "Feature", "properties": { "cluster_id": 215910919, "count": 31, "area_m2": 3100.0000085216016, "area_ha": 0.31000000085216017, "kelas_sawah": "unlabeled", "varietas": "unlabeled", "usia_fase": null, "overlap_ratio": 0.0, "is_ground_truth": false }, "geometry": { "type": "Polygon", "coordinates": [ [ [ 110.688931020905656, -7.628855686513031 ], [ 110.68929367419048, -7.628855947150227 ], [ 110.689294326852462, -7.627951389257603 ], [ 110.689022337457033, -7.627951193829113 ], [ 110.689021749554598, -7.628765295918102 ], [ 110.688931086249113, -7.628765230727362 ], [ 110.688931020905656, -7.628855686513031 ] ] ] } },
{ "type": "Feature", "properties": { "cluster_id": -72006652, "count": 33, "area_m2": 3299.99999587395, "area_ha": 0.32999999958739501, "kelas_sawah": "unlabeled", "varietas": "unlabeled", "usia_fase": null, "overlap_ratio": 0.0, "is_ground_truth": false }, "geometry": { "type": "Polygon", "coordinates": [ [ [ 110.688931608987758, -7.628041584442008 ], [ 110.689022272140534, -7.628041649623765 ], [ 110.689022337457033, -7.627951193829113 ], [ 110.689294326852462, -7.627951389257603 ], [ 110.689294848926352, -7.62722774291835 ], [ 110.688932197015959, -7.627227482335053 ], [ 110.688931608987758, -7.628041584442008 ] ] ] } },
{ "type": "Feature", "properties": { "cluster_id": -836037732, "count": 28, "area_m2": 2800.0000237382483, "area_ha": 0.28000000237382483, "kelas_sawah": "unlabeled", "varietas": "unlabeled", "usia_fase": null, "overlap_ratio": 0.0, "is_ground_truth": false }, "geometry": { "type": "Polygon", "coordinates": [ [ [ 110.688932197015959, -7.627227482335053 ], [ 110.689294848926352, -7.62722774291835 ], [ 110.68929543619997, -7.626413640748513 ], [ 110.68902344777473, -7.626413445364939 ], [ 110.689022925305579, -7.627137091713174 ], [ 110.688932262341453, -7.6271370265404 ], [ 110.688932197015959, -7.627227482335053 ] ] ] } },
{ "type": "Feature", "properties": { "cluster_id": -59165413, "count": 36, "area_m2": 3600.0000087521039, "area_ha": 0.36000000087521039, "kelas_sawah": "unlabeled", "varietas": "unlabeled", "usia_fase": null, "overlap_ratio": 0.0, "is_ground_truth": false }, "geometry": { "type": "Polygon", "coordinates": [ [ [ 110.688932784972295, -7.626413380201148 ], [ 110.68929543619997, -7.626413640748513 ], [ 110.689296023410705, -7.625599538560709 ], [ 110.688933372865762, -7.625599278031311 ], [ 110.688932784972295, -7.626413380201148 ] ] ] } },
{ "type": "Feature", "properties": { "cluster_id": -706306003, "count": 35, "area_m2": 3500.0000187996193, "area_ha": 0.35000000187996194, "kelas_sawah": "unlabeled", "varietas": "unlabeled", "usia_fase": null, "overlap_ratio": 0.0, "is_ground_truth": false }, "geometry": { "type": "Polygon", "coordinates": [ [ [ 110.688933372865762, -7.625599278031311 ], [ 110.689296023410705, -7.625599538560709 ], [ 110.689296610549576, -7.624785436336973 ], [ 110.688933960696332, -7.624785175834524 ], [ 110.688933764755802, -7.625056543236448 ], [ 110.689024427279747, -7.625056608391255 ], [ 110.689024361981211, -7.62514706419489 ], [ 110.688933699439289, -7.625146999040083 ], [ 110.688933372865762, -7.625599278031311 ] ] ] } },
{ "type": "Feature", "properties": { "cluster_id": 463134689, "count": 36, "area_m2": 3599.9999779157224, "area_ha": 0.35999999779157227, "kelas_sawah": "unlabeled", "varietas": "unlabeled", "usia_fase": null, "overlap_ratio": 0.0, "is_ground_truth": false }, "geometry": { "type": "Polygon", "coordinates": [ [ [ 110.688933960696332, -7.624785175834524 ], [ 110.689296610549576, -7.624785436336973 ], [ 110.689297197625564, -7.623971334077305 ], [ 110.688934548455038, -7.623971073610788 ], [ 110.688933960696332, -7.624785175834524 ] ] ] } },
{ "type": "Feature", "properties": { "cluster_id": -1966454047, "count": 36, "area_m2": 3599.9999613463297, "area_ha": 0.35999999613463296, "kelas_sawah": "unlabeled", "varietas": "unlabeled", "usia_fase": null, "overlap_ratio": 0.0, "is_ground_truth": false }, "geometry": { "type": "Polygon", "coordinates": [ [ [ 110.688934548455038, -7.623971073610788 ], [ 110.689297197625564, -7.623971334077305 ], [ 110.689297784638669, -7.623157231790686 ], [ 110.688935136159841, -7.623156971351118 ], [ 110.688934548455038, -7.623971073610788 ] ] ] } },
{ "type": "Feature", "properties": { "cluster_id": 593961717, "count": 29, "area_m2": 2899.9999610407394, "area_ha": 0.28999999610407395, "kelas_sawah": "unlabeled", "varietas": "unlabeled", "usia_fase": null, "overlap_ratio": 0.0, "is_ground_truth": false }, "geometry": { "type": "Polygon", "coordinates": [ [ [ 110.688935136159841, -7.623156971351118 ], [ 110.689297784638669, -7.623157231790686 ], [ 110.68929837158889, -7.622343129477118 ], [ 110.689026385741812, -7.622342934192358 ], [ 110.689026124655456, -7.622704757442833 ], [ 110.688935462625579, -7.622704692305992 ], [ 110.688935397336024, -7.622795148118611 ], [ 110.689026059374882, -7.622795213255452 ], [ 110.689025863551137, -7.623066580684324 ], [ 110.688935201449397, -7.623066515547483 ], [ 110.688935136159841, -7.623156971351118 ] ] ] } },
{ "type": "Feature", "properties": { "cluster_id": -893960937, "count": 32, "area_m2": 3199.9999801747617, "area_ha": 0.31999999801747619, "kelas_sawah": "unlabeled", "varietas": "unlabeled", "usia_fase": null, "overlap_ratio": 0.0, "is_ground_truth": false }, "geometry": { "type": "Polygon", "coordinates": [ [ [ 110.688935723792781, -7.6223428690645 ], [ 110.68929837158889, -7.622343129477118 ], [ 110.689298958476243, -7.621529027127617 ], [ 110.689026973141196, -7.621528831869807 ], [ 110.689026712081784, -7.621890655129265 ], [ 110.688936050222594, -7.621890590001407 ], [ 110.688935723792781, -7.6223428690645 ] ] ] } },
{ "type": "Feature", "properties": { "cluster_id": -296816461, "count": 31, "area_m2": 3100.0000433504465, "area_ha": 0.31000000433504465, "kelas_sawah": "unlabeled", "varietas": "unlabeled", "usia_fase": null, "overlap_ratio": 0.0, "is_ground_truth": false }, "geometry": { "type": "Polygon", "coordinates": [ [ [ 110.688936898861044, -7.620714664401432 ], [ 110.689027560468716, -7.620714729511324 ], [ 110.689027625731313, -7.620624273698705 ], [ 110.689118287312041, -7.620624338790631 ], [ 110.689118222076374, -7.620714794612232 ], [ 110.689299545300699, -7.620714924751168 ], [ 110.68930013205329, -7.619900822347768 ], [ 110.689028147742334, -7.61990062712589 ], [ 110.689027886736824, -7.620262450412298 ], [ 110.688937225227974, -7.620262385302406 ], [ 110.688936898861044, -7.620714664401432 ] ] ] } },
{ "type": "Feature", "properties": { "cluster_id": 754732300, "count": 26, "area_m2": 2599.9999731819844, "area_ha": 0.25999999731819845, "kelas_sawah": "unlabeled", "varietas": "unlabeled", "usia_fase": null, "overlap_ratio": 0.0, "is_ground_truth": false }, "geometry": { "type": "Polygon", "coordinates": [ [ [ 110.689028147742334, -7.61990062712589 ], [ 110.68930013205329, -7.619900822347768 ], [ 110.689300718742999, -7.619086719908436 ], [ 110.689119396210387, -7.61908658979645 ], [ 110.689119330992696, -7.619177045618052 ], [ 110.689028669708421, -7.61917698053511 ], [ 110.689028147742334, -7.61990062712589 ] ] ] } },
{ "type": "Feature", "properties": { "cluster_id": 49930188, "count": 28, "area_m2": 2799.9999910272891, "area_ha": 0.27999999910272888, "kelas_sawah": "unlabeled", "varietas": "unlabeled", "usia_fase": null, "overlap_ratio": 0.0, "is_ground_truth": false }, "geometry": { "type": "Polygon", "coordinates": [ [ [ 110.688938073686757, -7.619086459603616 ], [ 110.689028734944074, -7.619086524713508 ], [ 110.689028669708421, -7.61917698053511 ], [ 110.689119330992696, -7.619177045618052 ], [ 110.689119396210387, -7.61908658979645 ], [ 110.689300718742999, -7.619086719908436 ], [ 110.689301305369838, -7.618272617433171 ], [ 110.689210644274198, -7.618272552395145 ], [ 110.689210579083465, -7.61836300822573 ], [ 110.689029256856273, -7.618362878086795 ], [ 110.689028865424376, -7.618905613061322 ], [ 110.688938204202984, -7.61890554795143 ], [ 110.688938073686757, -7.619086459603616 ] ] ] } },
{ "type": "Feature", "properties": { "cluster_id": -80247664, "count": 28, "area_m2": 2799.9999804940308, "area_ha": 0.27999999804940306, "kelas_sawah": "unlabeled", "varietas": "unlabeled", "usia_fase": null, "overlap_ratio": 0.0, "is_ground_truth": false }, "geometry": { "type": "Polygon", "coordinates": [ [ [ 110.689029256856273, -7.618362878086795 ], [ 110.689210579083465, -7.61836300822573 ], [ 110.689210644274198, -7.618272552395145 ], [ 110.689301305369838, -7.618272617433171 ], [ 110.689301891933781, -7.617458514939941 ], [ 110.689120570083887, -7.617458384854904 ], [ 110.689120504875177, -7.617548840685489 ], [ 110.689029843932261, -7.61754877561153 ], [ 110.689029256856273, -7.618362878086795 ] ] ] } },
{ "type": "Feature", "properties": { "cluster_id": -711252884, "count": 43, "area_m2": 4299.9999623055919, "area_ha": 0.42999999623055918, "kelas_sawah": "unlabeled", "varietas": "unlabeled", "usia_fase": null, "overlap_ratio": 0.0, "is_ground_truth": false }, "geometry": { "type": "Polygon", "coordinates": [ [ [ 110.68884858731802, -7.617458189588111 ], [ 110.689029909158933, -7.617458319780945 ], [ 110.689029843932261, -7.61754877561153 ], [ 110.689120504875177, -7.617548840685489 ], [ 110.689120570083887, -7.617458384854904 ], [ 110.689301891933781, -7.617458514939941 ], [ 110.689302543589648, -7.616553956571209 ], [ 110.688939900662419, -7.61655369635622 ], [ 110.688939378732258, -7.617277343027849 ], [ 110.688848717852224, -7.617277277926941 ], [ 110.68884858731802, -7.617458189588111 ] ] ] } },
{ "type": "Feature", "properties": { "cluster_id": 1254451400, "count": 32, "area_m2": 3199.9999940628186, "area_ha": 0.31999999940628188, "kelas_sawah": "unlabeled", "varietas": "unlabeled", "usia_fase": null, "overlap_ratio": 0.0, "is_ground_truth": false }, "geometry": { "type": "Polygon", "coordinates": [ [ [ 110.688939900662419, -7.61655369635622 ], [ 110.689302543589648, -7.616553956571209 ], [ 110.689303064864049, -7.615830309845681 ], [ 110.688940422538678, -7.615830049657642 ], [ 110.688939900662419, -7.61655369635622 ] ] ] } },
{ "type": "Feature", "properties": { "cluster_id": 1481214537, "count": 28, "area_m2": 2799.9999944804586, "area_ha": 0.27999999944804588, "kelas_sawah": "unlabeled", "varietas": "unlabeled", "usia_fase": null, "overlap_ratio": 0.0, "is_ground_truth": false }, "geometry": { "type": "Polygon", "coordinates": [ [ [ 110.688940422538678, -7.615830049657642 ], [ 110.689303064864049, -7.615830309845681 ], [ 110.689303651230361, -7.615016207253635 ], [ 110.689031670000631, -7.615016012166505 ], [ 110.689031148330969, -7.615739658892033 ], [ 110.688940487774332, -7.615739593818074 ], [ 110.688940422538678, -7.615830049657642 ] ] ] } },
{ "type": "Feature", "properties": { "cluster_id": 687266885, "count": 31, "area_m2": 3099.9999634921551, "area_ha": 0.30999999634921549, "kelas_sawah": "non-sawah", "varietas": "non-sawah", "usia_fase": "non-tanaman", "overlap_ratio": 0.31152916880999126, "is_ground_truth": true }, "geometry": { "type": "Polygon", "coordinates": [ [ [ 110.688941009596704, -7.615015947092546 ], [ 110.689303651230361, -7.615016207253635 ], [ 110.689304237533804, -7.61420210463464 ], [ 110.689122917058327, -7.614201974603503 ], [ 110.689122851876576, -7.614292430452054 ], [ 110.689032191625358, -7.614292365405045 ], [ 110.689031996017206, -7.614563732941715 ], [ 110.68894133570312, -7.614563667876739 ], [ 110.688941009596704, -7.615015947092546 ] ] ] } },
{ "type": "Feature", "properties": { "cluster_id": 1770988179, "count": 34, "area_m2": 3399.9999572779052, "area_ha": 0.33999999572779049, "kelas_sawah": "non-sawah", "varietas": "non-sawah", "usia_fase": "non-tanaman", "overlap_ratio": 0.41365486089992348, "is_ground_truth": true }, "geometry": { "type": "Polygon", "coordinates": [ [ [ 110.688851001585263, -7.61411132357799 ], [ 110.688941661800541, -7.614111388651949 ], [ 110.68894159658285, -7.6142018445005 ], [ 110.689032256816105, -7.614201909565477 ], [ 110.689032191625358, -7.614292365405045 ], [ 110.689122851876576, -7.614292430452054 ], [ 110.689122917058327, -7.614201974603503 ], [ 110.689304237533804, -7.61420210463464 ], [ 110.68930482377435, -7.613388001979713 ], [ 110.689032843568697, -7.613387806928515 ], [ 110.689032582805737, -7.61374963032272 ], [ 110.688941922662323, -7.613749565266727 ], [ 110.688941727018232, -7.614020932812381 ], [ 110.688851066820916, -7.614020867729439 ], [ 110.688851001585263, -7.61411132357799 ] ] ] } },
{ "type": "Feature", "properties": { "cluster_id": -1073724398, "count": 30, "area_m2": 2999.9999960346031, "area_ha": 0.2999999996034603, "kelas_sawah": "unlabeled", "varietas": "unlabeled", "usia_fase": null, "overlap_ratio": 0.0, "is_ground_truth": false }, "geometry": { "type": "Polygon", "coordinates": [ [ [ 110.688942248714838, -7.613297286023971 ], [ 110.68903290875943, -7.613297351079964 ], [ 110.689032843568697, -7.613387806928515 ], [ 110.68930482377435, -7.613388001979713 ], [ 110.689305409952027, -7.612573899297836 ], [ 110.689033430258405, -7.612573704264604 ], [ 110.689033104331656, -7.613025983525326 ], [ 110.688942444340952, -7.613025918478317 ], [ 110.688942248714838, -7.613297286023971 ] ] ] } },
{ "type": "Feature", "properties": { "cluster_id": 1745771613, "count": 4, "area_m2": 399.99999656778516, "area_ha": 0.039999999656778515, "kelas_sawah": "unlabeled", "varietas": "unlabeled", "usia_fase": null, "overlap_ratio": 0.0, "is_ground_truth": false }, "geometry": { "type": "Polygon", "coordinates": [ [ [ 110.688942770366523, -7.612573639217595 ], [ 110.689305409952027, -7.612573899297836 ], [ 110.689305475079891, -7.612483443440301 ], [ 110.688942835566252, -7.612483183369044 ], [ 110.688942770366523, -7.612573639217595 ] ] ] } }
]
}
